"baseMean","log2FoldChange","lfcSE","stat","pvalue","padj","gene","significant"
154.201151897652,-3.49009387711458,0.252115595434513,-13.843228821682,1.39783897327957e-43,2.21967366029236e-42,"TNMD",TRUE
139.150146472373,2.81052288680918,0.208815896973036,13.4593339278766,2.71351200955472e-41,3.9552576268957e-40,"AOC1",TRUE
734.314914114491,-2.58819778375987,0.15338837044839,-16.873494230325,7.0499805575128e-64,2.11744718762876e-62,"KLHL13",TRUE
457.160610001268,-2.11670406773618,0.138497405040028,-15.2833482123685,9.87347737559715e-53,2.14571643268264e-51,"CYP26B1",TRUE
2523.3447098206,1.89814688267303,0.104371800866393,18.1863958168439,6.61496387141597e-74,2.75315179064911e-72,"DBNDD1",TRUE
1484.5596147008,-1.75295309219755,0.124658324653265,-14.0620620169038,6.49653205918612e-45,1.08276397513806e-43,"TFPI",TRUE
400.222147999337,-4.50359237151056,0.168256672288234,-26.7662037425514,7.99879524739774e-158,2.19890447692794e-155,"HSPB6",TRUE
5883.07743001881,-3.597226080912,0.153866982663582,-23.3788043324217,7.02241921236365e-121,9.41265879520544e-119,"PDK4",TRUE
668.879941134309,2.52657815971722,0.151675696463943,16.657765341581,2.65770478838796e-62,7.57638960811258e-61,"ZMYND10",TRUE
57.0882178138999,-3.54501957476296,0.19846843188839,-17.8618813129764,2.3363016234064e-71,8.90766590690993e-70,"ABCB5",TRUE
68.4303739055265,1.87086256721499,0.268124392937554,6.97759180624314,3.00282596276598e-12,1.18282347862535e-11,"ARX",TRUE
5.31216501037817,-2.12026924420416,0.216031089280635,-9.81464867517209,9.73765900772924e-23,6.64470138772481e-22,"SLC4A1",TRUE
466.709139581048,-2.66667542937156,0.16549187200462,-16.1136338423745,2.04636602212152e-58,5.23229606130124e-57,"MEOX1",TRUE
254.804540748321,-1.72425798304448,0.126309627427028,-13.6510416360829,1.99013362435437e-42,3.03405747888147e-41,"ACSM3",TRUE
4586.51004103244,-2.48797490631846,0.116701052041843,-21.3192157464562,7.53098617973744e-101,6.38580281959662e-99,"PRKAR2B",TRUE
5616.90100877807,2.17457454371074,0.112369663706963,19.3519716262709,1.96191592044392e-83,1.07457222241573e-81,"TMEM132A",TRUE
5630.47518667891,-2.38011132669338,0.141767881573687,-16.7887909466733,2.94789228690333e-63,8.65517218386039e-62,"CX3CL1",TRUE
36.1519939088892,2.26309651917502,0.284173846932806,7.96377479349864,1.66868842713514e-15,7.95543935879297e-15,"DLX6",TRUE
61.7057425401448,-1.56882712943018,0.183300623590201,-8.55876591526251,1.14082086397246e-17,6.0451600354882e-17,"DNAH9",TRUE
407.120034821187,-1.78563284881357,0.238216332470419,-7.49584560510899,6.58722935398219e-14,2.8616489070747e-13,"SLC13A2",TRUE
50.4949861126356,1.72990087164881,0.222052892444814,7.79049015125413,6.67497433153439e-15,3.07757602979408e-14,"CEACAM7",TRUE
249.131362297979,-3.59906075125775,0.152094491967509,-23.6633207731585,8.60790535431863e-124,1.23839065030797e-121,"SCN4A",TRUE
55.8722170860631,3.42434536991573,0.264094063733625,12.9663852398048,1.89770811548393e-38,2.5124258363278e-37,"PAX6",TRUE
677.998288409785,-1.50410657725608,0.16639438264835,-9.03940718019788,1.57523753432509e-19,9.16146772422459e-19,"SELE",TRUE
615.948778192367,2.59376193739463,0.122800406940627,21.1217698867129,5.01793223849482e-99,4.10956272131758e-97,"E2F2",TRUE
125.040666030538,2.05644049271472,0.169813709966217,12.109979183211,9.35178927481184e-34,1.03732517373652e-32,"SYN1",TRUE
874.522454697551,2.50440268554099,0.138604741685467,18.0686652930256,5.62583039848302e-73,2.26291556382597e-71,"CELSR3",TRUE
783.712423870914,-1.67893057946028,0.0924733229829731,-18.1558370057645,1.15454767717574e-73,4.76388888593737e-72,"AASS",TRUE
1901.17876906833,2.73046479998633,0.145513333738412,18.7643615182019,1.47762297322903e-78,6.99278591278125e-77,"MAPK8IP2",TRUE
92.658967600311,-1.67756268161972,0.180526849886751,-9.29259377578516,1.50573377065236e-20,9.24430576690695e-20,"TENM1",TRUE
115.73756836139,6.86097103917582,0.413064241277992,16.6099370353349,5.90551559414144e-62,1.66372097286648e-60,"PAX7",TRUE
178.772696237213,1.85376551992105,0.24785130992089,7.47934525951361,7.46938028849773e-14,3.23316069854139e-13,"IYD",TRUE
333.787788164526,-3.53859249328881,0.164827003506884,-21.4685240767665,3.06601666059074e-102,2.69509733342355e-100,"MLXIPL",TRUE
395.942160148005,2.00407619196637,0.131991122099025,15.1834165820852,4.55428460228948e-52,9.68290263225685e-51,"ETV7",TRUE
7.25411421963355,-2.76902457500467,0.245003319636621,-11.3019879857611,1.28280667514991e-29,1.19787832322523e-28,"HHATL",TRUE
2242.98063657488,-2.85564524830598,0.117882819281,-24.2244397082066,1.22984375888084e-129,2.01825310392765e-127,"SEMA3G",TRUE
2220.40486719098,1.71030776305731,0.0984908008781259,17.365152357464,1.51497215134754e-67,5.10829672282497e-66,"PLAUR",TRUE
2547.44665358213,3.39186998367535,0.121476845952755,27.9219464176285,1.44487400091647e-171,5.51865149376591e-169,"ANLN",TRUE
45921.1323751831,-1.98730763355606,0.119797233538422,-16.5889275975532,8.38033717141583e-62,2.35019722104163e-60,"DCN",TRUE
51.1236886096871,4.25096057949772,0.359033164100836,11.8400220496172,2.42389230912438e-32,2.53121684156322e-31,"GABRA3",TRUE
6.7300807130193,-2.5695460778982,0.21891908261457,-11.7374239249036,8.1944547025509e-32,8.35907976748043e-31,"SLC7A14",TRUE
550.875001993061,-2.44462297497072,0.139780222032974,-17.4890477309018,1.73634402394571e-68,6.02901110808502e-67,"CLDN11",TRUE
19054.9716713101,2.37283349159326,0.125710704644385,18.8753495440632,1.81916319443059e-79,8.80213940264845e-78,"GPRC5A",TRUE
2753.64797907678,2.32596579336717,0.0914079946528494,25.4459776981298,7.82160883342097e-143,1.59236149646438e-140,"TACC3",TRUE
88.687090407179,2.45678909132717,0.144965612011607,16.9473922624522,2.01181329446108e-64,6.16251680546063e-63,"DPEP1",TRUE
40.4319584020279,-3.26451213834733,0.246351921006266,-13.2514174235495,4.42761075617838e-40,6.18833161388145e-39,"CLCA4",TRUE
199.777133002982,-2.5023833058799,0.141692869623667,-17.6606156154941,8.43150480836654e-70,3.08393006380593e-68,"IGF1",TRUE
518.570344636094,1.76717871054521,0.128807259041552,13.7195583827704,7.75362231530828e-43,1.20074036285865e-41,"SLC38A5",TRUE
875.207784249997,-4.525933058565,0.210443832414177,-21.506608231965,1.35023496329079e-102,1.19418321753341e-100,"ATP1A2",TRUE
462.903882741647,-1.5804391222213,0.230852874383476,-6.84608812622356,7.58967352952303e-12,2.90966698822361e-11,"MARCO",TRUE
3606.04783242767,5.00954434847342,0.252029952046665,19.8767817388064,6.46500062574587e-88,4.00904349148264e-86,"SYT13",TRUE
1137.28075375134,-1.66871497830183,0.0931788279704795,-17.908735435377,1.00799698336644e-71,3.89133719160067e-70,"SAMD4A",TRUE
9075.63979188748,-5.03073995923839,0.139503045998949,-36.061864622485,8.98823691469376e-285,5.54189007483118e-281,"FHL1",TRUE
3.70525529948552,3.20172293655021,0.447352538089656,7.15704654370048,8.24337157926783e-13,3.36502333643431e-12,"GABRA1",TRUE
7234.5390821082,-1.95772988105461,0.0871050999744547,-22.4754908912194,7.21021178090598e-112,7.81891307698246e-110,"EHD2",TRUE
687.999615583186,3.28625347948957,0.126917195936748,25.8928938291967,8.00745026804619e-148,1.80943221763808e-145,"DEPDC1",TRUE
294.490022898307,3.01877094805821,0.0972115428056058,31.0536265646443,1.01923459102032e-211,1.29382838083638e-208,"HSD17B6",TRUE
4818.56593416018,1.76538227663805,0.10313576316845,17.1170719293044,1.10705491270934e-65,3.51585651453533e-64,"TYMP",TRUE
244.944335910423,2.25974267366184,0.236775421039217,9.54382285012414,1.37662045597726e-21,8.87054925051932e-21,"KCNG1",TRUE
257.072980164809,1.67623976458876,0.132832591177716,12.6191904390852,1.65514001886414e-36,2.04745896285974e-35,"SH2D2A",TRUE
162.825215785016,6.96356487547593,0.219878532749195,31.6700534081648,4.01654297994543e-220,6.42051833386833e-217,"IBSP",TRUE
4625.9044249123,2.43672423064495,0.106772637214039,22.8216169818888,2.79763498337736e-115,3.26340340223154e-113,"HMGB3",TRUE
72.7886994058298,-2.32816075277187,0.188174765859193,-12.3723324014336,3.68949760439304e-35,4.32713903819575e-34,"EFCAB1",TRUE
165.692044313743,-6.85370855282754,0.291114909253266,-23.5429664884147,1.48190917226509e-122,2.06319999596649e-120,"MYOC",TRUE
352.794290907033,2.95445807875592,0.112803443922558,26.1912045946419,3.34706045034019e-151,8.06464299464976e-149,"DEPDC1B",TRUE
137.363402833606,-2.53470786113681,0.143540045519126,-17.6585415726309,8.74706914796859e-70,3.19664271317802e-68,"MYOM2",TRUE
2.50502213669866,-3.33752764314605,0.274170463959421,-12.1731845033462,4.31897352833272e-34,4.84677320548207e-33,"OTC",TRUE
8.11571883573364,2.04441568670246,0.239886647107419,8.52242386708164,1.56248357834564e-17,8.21798577155712e-17,"SLC18A1",TRUE
21968.5311426599,1.58501023514872,0.120702384319836,13.1315569620297,2.17145502634099e-39,2.97429384122111e-38,"VCAN",TRUE
209.284865714865,-3.2061670071658,0.22861886487788,-14.0240701872018,1.11058155706234e-44,1.83720582609469e-43,"C6",TRUE
98.1056674130408,-1.64942979056266,0.172780896342412,-9.54636667293283,1.34324666519135e-21,8.65937656006851e-21,"MYO16",TRUE
1520.54813528846,-1.79887088125137,0.0843272265935173,-21.3320294514424,5.7268607448975e-101,4.875173762323e-99,"AIFM2",TRUE
0.837118875331779,-2.29983714974472,0.29364832641368,-7.83194366483397,4.80384789168049e-15,2.23227901598762e-14,"C2orf83",TRUE
7154.00468248944,-1.6885388912387,0.0719142053557844,-23.4799075215379,6.54440577448775e-122,9.02417102961313e-120,"RETSAT",TRUE
138.217877098697,2.95325294831573,0.258758515000683,11.4131623777016,3.59420034317794e-30,3.43122510089715e-29,"ZIC2",TRUE
1174.57300966849,-1.66116674203783,0.127909928567395,-12.9870039069139,1.44992842264305e-38,1.92966113849133e-37,"GPM6B",TRUE
25.4896185705883,5.50692437045277,0.569490417214143,9.66991577732207,4.04711004837964e-22,2.67247964639023e-21,"MAGEC2",TRUE
755.476543928027,-2.27670806153088,0.116070510497181,-19.6148707520862,1.15429964318242e-85,6.73237467564231e-84,"PREX2",TRUE
24.2310144571268,2.42035606208265,0.264655120928874,9.14532110162011,5.94529755727343e-20,3.53414093430119e-19,"ROS1",TRUE
2326.0567657571,-1.91898772308926,0.102506110936664,-18.7207153364246,3.35613692272445e-78,1.57275645586088e-76,"CELF2",TRUE
14.3476077818945,2.17345197986988,0.211491931117798,10.27676076521,8.96914750361109e-25,6.74875185243819e-24,"UTS2",TRUE
193.268640372311,2.70000170067353,0.146894661988158,18.3805297219798,1.88122638645816e-75,8.1931110837068e-74,"TNFRSF9",TRUE
2324.61795994024,2.18354186738629,0.121552186194374,17.9638222540448,3.74134539960432e-72,1.47198238329009e-70,"EPN3",TRUE
302.518192368524,2.19887610244268,0.116417807858315,18.8877985498472,1.437153060118e-79,6.96938495221268e-78,"FOXP3",TRUE
1655.78396731804,1.65786864869653,0.152417015760839,10.8771887470749,1.48058939109524e-27,1.26002778908956e-26,"SLC4A8",TRUE
44.8076333585314,2.14396054325131,0.191596014471271,11.1900059568973,4.56402973614468e-29,4.14964237227732e-28,"TNIP3",TRUE
561.316176268924,2.58366168728149,0.0981158445407127,26.332767142512,8.08624238055818e-153,1.99429840654223e-150,"RAD51",TRUE
488.918879626196,2.63240218158824,0.110190036513193,23.8896570405716,3.92310497247696e-126,5.98308164707087e-124,"POLQ",TRUE
235.908993943645,-2.32244371098114,0.196565209972847,-11.8151310259936,3.26040217145858e-32,3.38836883506266e-31,"ALX4",TRUE
271.075256551226,1.80425117382425,0.160940318572939,11.2106847421614,3.61386730039675e-29,3.29686139685317e-28,"FSTL4",TRUE
3117.16075610778,-1.63675920538691,0.0736761821749155,-22.2155811697879,2.42820058395468e-109,2.51925810585298e-107,"FOXN3",TRUE
204.071427858298,-3.51140605248625,0.166107620923978,-21.1393434747542,3.45855289482558e-99,2.83785442852989e-97,"NNAT",TRUE
3853.72355694979,-1.78201776324889,0.149082235234134,-11.9532535881973,6.24322640213704e-33,6.66314667448651e-32,"LAMA3",TRUE
89.0202612616396,2.3234230780941,0.194006107179645,11.9760306099161,4.74504162936648e-33,5.0956953651022e-32,"PTPRN",TRUE
72.1462144680203,-1.54321568507808,0.152266425973715,-10.1349701696188,3.86491519373138e-24,2.82297748792429e-23,"CBLN4",TRUE
315.591897357184,2.31379487762167,0.194061946001273,11.9229706044816,8.98468095156627e-33,9.5137102519529e-32,"KCNH2",TRUE
54.1230387677827,-1.98600912772957,0.154247376748568,-12.8754807348644,6.18527537269182e-38,8.0554159651593e-37,"CCDC85A",TRUE
100.543577812117,1.6459598373954,0.251017629963392,6.55714834705214,5.48464471351401e-11,1.98505044725589e-10,"PHF21B",TRUE
2243.61134712952,-4.12426740322039,0.128670145503962,-32.0530250981444,1.99228666541469e-225,3.90850420360445e-222,"GYG2",TRUE
12.4659620062465,1.75289710866841,0.587648449405685,2.98290093412344,0.00285530398045323,0.00508709679241946,"SERPINB3",TRUE
465.957577853009,2.8050683324781,0.199565022341032,14.0559117002206,7.08633919172733e-45,1.17905319782171e-43,"F7",TRUE
12047.3568280711,6.20001220818372,0.175429436379491,35.3419148812163,1.33455331117795e-273,6.3999245456045e-270,"COL11A1",TRUE
0.796278394637214,-1.82496797253497,0.24727379231427,-7.38035339473236,1.57869928346427e-13,6.71098799116694e-13,"WNT8A",TRUE
319.266283883097,1.60647303754094,0.115707687149765,13.8838920482579,7.93173737791952e-44,1.26884279181248e-42,"SPAG4",TRUE
2999.63478549514,-3.29750622789928,0.151886395330254,-21.7103462145464,1.63819091516195e-104,1.52379999781013e-102,"DGAT2",TRUE
58.6876817918907,2.71512871998268,0.28084006221731,9.6678824899339,4.12831248734965e-22,2.72485038926458e-21,"SEZ6",TRUE
294.037081845673,1.52212712285429,0.159947957288202,9.51638988494019,1.7929979122881e-21,1.14935080787694e-20,"DLX3",TRUE
2052.28419541404,-1.61530105304331,0.161961166703872,-9.97338489168033,1.99317766779504e-23,1.40794677810203e-22,"CCN5",TRUE
1055.70010593197,-1.97007561185587,0.16187447305215,-12.170390888137,4.46937050890246e-34,5.01164019652455e-33,"NGFR",TRUE
2442.95802786169,2.44780093951753,0.189489301274476,12.9178846671237,3.56816654640363e-38,4.68803860404204e-37,"BCAS1",TRUE
36.1671609689047,-3.37253315219648,0.214496203128124,-15.7230435924405,1.05148821939509e-55,2.49902156107336e-54,"GLP2R",TRUE
806.531982899742,3.15989108855073,0.132324177527521,23.8799223814826,4.95204122935316e-126,7.52570772742544e-124,"MCM10",TRUE
8546.13984399276,-2.2362689939541,0.111884335513952,-19.9873287326736,7.09961661156274e-89,4.53283214430544e-87,"MYLK",TRUE
3615.41732976832,-2.80960801090655,0.206959794781016,-13.5756223274158,5.58671665419917e-42,8.37231565261237e-41,"COL17A1",TRUE
1506.14305697422,-1.59340389320306,0.143395081347399,-11.1119843039997,1.09694442675977e-28,9.79195893670148e-28,"ME1",TRUE
24.9160946504785,2.21782611738954,0.279906662321481,7.92344883467725,2.31011842235221e-15,1.09301371528965e-14,"CTNNA2",TRUE
1877.78663177717,3.55652773087871,0.124278545986654,28.6173908991551,4.08271610679722e-180,2.07305914316904e-177,"ASPM",TRUE
3.03703796283314,-2.81120623696743,0.213222745297749,-13.1843637649529,1.07960951610225e-39,1.4896402402485e-38,"ACSM2B",TRUE
1567.04530038995,-1.79512315941992,0.0759562047685771,-23.6336605401663,1.738052832799e-123,2.48391921402665e-121,"PLPP1",TRUE
2065.95037059968,2.94272303741059,0.225567648375029,13.0458559044692,6.70991897877653e-39,9.02181006616806e-38,"SYT1",TRUE
925.868218757364,1.65667075091803,0.0916227529885014,18.0814338893085,4.46323299950953e-73,1.80199379100871e-71,"ROGDI",TRUE
8.19382273446352,1.82212796631281,0.274450431546342,6.63918783456217,3.15416242369435e-11,1.15848566255339e-10,"ATP2B3",TRUE
1811.36749525521,2.40722156420172,0.16846513700346,14.289137841928,2.55756094891558e-46,4.4599729517251e-45,"FGFR3",TRUE
1349.56379090882,2.623399806528,0.125343356873936,20.9297075804863,2.87253080198565e-97,2.23384557502163e-95,"PRR11",TRUE
1.84797989872135,-2.03876809363428,0.19957913563245,-10.2153368245312,1.69290166625361e-24,1.25801714730554e-23,"STON1-GTF2A1L",TRUE
108.938659200203,-3.37516476888388,0.113014828576149,-29.8647957211181,5.64108649060826e-196,4.59376024405005e-193,"PYGM",TRUE
1.50275679055945,2.79661096688944,0.769526020898283,3.63419935251169,0.000278845201671391,0.000564888941757204,"PAGE1",TRUE
1902.35613387671,3.82168123248497,0.162648495318986,23.4965667834178,4.42206684617366e-122,6.11719247054023e-120,"PITX1",TRUE
1.09616711952187,1.82907339746074,0.408722293238947,4.47510064343719,7.6375327961363e-06,1.82998898285262e-05,"TRPC7",TRUE
2628.35358175957,-1.93763713216792,0.0830898000888375,-23.3197953310303,2.79228314063714e-120,3.66306809574161e-118,"ADGRF5",TRUE
926.59337658043,-2.33865690256682,0.109277845378579,-21.4010158643304,1.30728574574106e-101,1.12619666239889e-99,"ABCC9",TRUE
178.281951143996,2.40577928311232,0.216598557137683,11.1070882230442,1.15876589025266e-28,1.03373988886534e-27,"GAL",TRUE
4335.2264051354,-2.46795998347628,0.144449539039137,-17.0852742064314,1.91043029981182e-65,6.02294899487788e-64,"TGFBR3",TRUE
35.4535022927499,1.82021884570529,0.156437304368364,11.6354526374298,2.72142612949057e-31,2.71388058569346e-30,"PLA2G10",TRUE
356.753797069245,1.93979439331537,0.188979160395382,10.2645941978837,1.01747855104912e-24,7.63993985095336e-24,"HES2",TRUE
37.307146345597,3.6316180991015,0.172225907192982,21.0863635923962,1.06111463630613e-98,8.60859167349105e-97,"SCT",TRUE
133.893439953135,-1.63541873216688,0.128637172379585,-12.713422581624,4.98058750146325e-37,6.28728156078251e-36,"SPTB",TRUE
1.13772668327821,2.42437827255537,0.56119014580635,4.32006565096022,1.55982788697219e-05,3.6117044850708e-05,"CHAT",TRUE
69.1896534256966,3.61455784495748,0.252848462471382,14.2953522818695,2.33919089000494e-46,4.08412131118986e-45,"EPHA8",TRUE
5.95886072694986,2.58424425086426,0.251452805942246,10.2772535831547,8.92341618608953e-25,6.71551251249562e-24,"TRPM5",TRUE
1179.26879011099,2.57967732122532,0.110538603001391,23.3373432554857,1.85288178980149e-120,2.44557731033126e-118,"TRIP13",TRUE
4.21901391910556,3.07902265623531,0.289094619130897,10.6505706176468,1.73299485051064e-26,1.40382991268842e-25,"PRLH",TRUE
194.1664220702,2.46558597556114,0.220180952309756,11.1979985084836,4.17049306741268e-29,3.7966353256598e-28,"MYO3B",TRUE
1384.07948150258,-1.99823307307157,0.0931216412281176,-21.458310299499,3.81933224443627e-102,3.33014908423979e-100,"LIMS2",TRUE
775.412419867714,3.03932221658906,0.104550279207345,29.0704361540868,8.4909874968422e-186,5.02015096388643e-183,"HMMR",TRUE
61.206356106448,-4.01096476827685,0.210266423994766,-19.075631249508,4.02532718424309e-81,2.06089111829101e-79,"TRHDE",TRUE
5.9594471499179,1.72984730691432,0.239795321555964,7.21384927649892,5.43919595930193e-13,2.24238893498396e-12,"CYP2W1",TRUE
1883.2748148286,1.68001202477353,0.100268748871916,16.7550911293366,5.1981201205268e-63,1.51234278266123e-61,"MCM2",TRUE
333.040410650596,1.78545363470919,0.148098544448781,12.0558486334528,1.80662043035648e-33,1.97752314923119e-32,"PANX2",TRUE
1287.20378960599,-2.5419171364364,0.180699839833529,-14.0670691173725,6.05263258770859e-45,1.00939575921755e-43,"TP63",TRUE
5746.63658227739,1.76024232352869,0.0838455364554996,20.9938703709401,7.46155999370054e-98,5.89818551882995e-96,"LLGL2",TRUE
3673.15214369194,-1.94095828370592,0.0818264042782895,-23.7204396407885,2.21893033283972e-124,3.23544030964063e-122,"FERMT2",TRUE
20.8320741671265,-1.93634285550863,0.198926842370306,-9.73394456191131,2.16048764571509e-22,1.44434087343655e-21,"ABCB11",TRUE
563.347394724776,-1.52081037157082,0.216691420981464,-7.01832294367071,2.24547065941205e-12,8.91331864804785e-12,"PTGS2",TRUE
1296.82797411559,3.50250765263694,0.208351790421439,16.8105474186342,2.04276211408617e-63,6.03047967468942e-62,"PPP2R2C",TRUE
34.3255769346085,1.62905385448131,0.128929492058084,12.6352305316413,1.34997916583925e-36,1.6752472914785e-35,"CDHR2",TRUE
5.20748354900684,2.11484544025241,0.254438622840876,8.31180980560101,9.42534063113252e-17,4.77462091126384e-16,"SNCB",TRUE
5828.639703673,1.59581440377838,0.128410046941396,12.4274886723364,1.8536662056188e-35,2.19912681238338e-34,"ATP2A3",TRUE
25301.0377894084,1.74177730207479,0.157238550572886,11.0772917692816,1.6168951619566e-28,1.43472851953221e-27,"CA12",TRUE
6528.02082476419,-2.23150619064933,0.109710315986555,-20.3399850832879,5.69477600020912e-92,3.94520918409351e-90,"MGLL",TRUE
97.8710817750466,-1.76023135543099,0.191157891783658,-9.20825888487579,3.31457478794433e-20,1.99884096475727e-19,"WSCD2",TRUE
237.48184912445,-1.60670674470682,0.127326339193808,-12.6188089195056,1.66317740075712e-36,2.05681193744061e-35,"SEMA3A",TRUE
720.92920638644,3.04695634818317,0.11250337202482,27.0832446472,1.55125509893273e-161,4.58576507328332e-159,"GTSE1",TRUE
13428.5735309946,1.55376376414489,0.116687001841528,13.3156541827602,1.87720939299485e-40,2.6581482087158e-39,"CELSR1",TRUE
1.74062478213627,2.23097855531349,0.682515869505043,3.26875704286757,0.00108021011919677,0.0020365119794056,"FGF4",TRUE
5.36827132515773,2.69280174591578,0.25498245778602,10.5607333512157,4.53107961571907e-26,3.6108086450228e-25,"CACNG5",TRUE
4445.96642628452,2.38254544201967,0.176241691810058,13.5186255734961,1.21423154540011e-41,1.78983037908022e-40,"CACNG4",TRUE
767.436633538884,2.88329513355587,0.0997400363412078,28.9081018949321,9.44393939954068e-184,5.22564646774584e-181,"WDR62",TRUE
340.629541301071,3.16583352992096,0.215264054015583,14.7067449063827,5.83472952443749e-49,1.12222337912087e-47,"TUBA3D",TRUE
112.748989471475,2.529148924937,0.231177376129249,10.9402960068332,7.39580424303903e-28,6.37258756497433e-27,"PAX2",TRUE
1731.81160879312,2.80055760596853,0.105383261019263,26.5749757492948,1.32160779123715e-155,3.43618025721658e-153,"SPAG5",TRUE
13505.8166837612,1.91019706024576,0.0957280519882125,19.9544127408022,1.37225688705051e-88,8.68425326174485e-87,"TPD52",TRUE
3695.56129724485,-3.66299510056094,0.120239137046124,-30.4642497488633,7.75767568139734e-204,7.60957460020703e-201,"ACACB",TRUE
8643.07041165951,-2.18158209151432,0.0856746388507728,-25.4635691585952,4.99488633511508e-143,1.02170281622544e-140,"MCAM",TRUE
2290.35366174261,1.53904682953423,0.0894199789320751,17.2114425424246,2.17934740258512e-66,7.09891576570367e-65,"STXBP2",TRUE
1.74962079281384,-1.98842899119911,0.268401654503013,-7.40840809972276,1.27824442960117e-13,5.46390309810701e-13,"NMRK2",TRUE
5.88790798971167,2.43899574152196,0.350016373990095,6.96823326782702,3.20945767513114e-12,1.26260316524164e-11,"ACTL6B",TRUE
1330.40033779316,3.21563045001234,0.103714765692566,31.0045578229834,4.67948735482181e-211,5.61018539539192e-208,"UBE2T",TRUE
3749.53484495588,-2.10088487689502,0.0748091176571851,-28.0832730379523,1.56812302234217e-173,6.50771054272001e-171,"PPP1R12B",TRUE
244.320033516524,-2.52357372864745,0.151150518374278,-16.695766285092,1.4070108309021e-62,4.0403584472212e-61,"PAK3",TRUE
354.991005237855,2.46544647577783,0.296183322174881,8.32405571547378,8.50036208342889e-17,4.31923272334343e-16,"SPAG6",TRUE
109.552649922554,2.59429242565612,0.231923421438501,11.1859872089031,4.77560833214773e-29,4.33561749296374e-28,"ACTN2",TRUE
110.196951468835,-2.89247833681723,0.100304786646756,-28.8368923708864,7.3982638065421e-183,3.99136332362947e-180,"NAALAD2",TRUE
120.64282986457,2.30871366995248,0.191940444305684,12.0282813677123,2.52359242479959e-33,2.74422396206476e-32,"SMC1B",TRUE
827.421930608388,1.92757140059278,0.172001637408598,11.2067037827886,3.78009656496557e-29,3.44559593968139e-28,"LAMP3",TRUE
2218.67653780943,1.62982008174262,0.113729658823688,14.3306512883266,1.40793999879577e-46,2.4752216027709e-45,"FAP",TRUE
206.564981837997,-2.62774077485561,0.14543914924381,-18.0676302668035,5.73235539073004e-73,2.30361693355594e-71,"ADCYAP1R1",TRUE
1718.48219709545,-2.21655802006899,0.127523978679426,-17.3814998796505,1.13934256819062e-67,3.85074590783924e-66,"ITM2A",TRUE
225.320773832356,-1.7024801787991,0.216650967805937,-7.85817019900914,3.89785442415756e-15,1.81950461763617e-14,"BRINP1",TRUE
466.917890670259,-1.69615469754969,0.113430845693955,-14.9532050755052,1.48429995181891e-50,2.99917537081012e-49,"RUNX1T1",TRUE
15042.7260061428,-3.1104379664322,0.0872445318112708,-35.651953215369,2.19765597815011e-278,1.18563540021198e-274,"TNS1",TRUE
1010.54658114381,-1.67247927329793,0.101147854307652,-16.5349950796871,2.05394928704183e-61,5.70453354110203e-60,"RAPGEF3",TRUE
38.1100145653336,3.6284189705293,0.247534940462548,14.6582093168309,1.19379965042761e-48,2.26979704460157e-47,"DUSP13",TRUE
3249.90504046296,-4.53062611681312,0.155495902183895,-29.136627095517,1.23410518430265e-186,7.50196897950741e-184,"LIPE",TRUE
2627.63580078022,2.50921802639479,0.0905995819887892,27.6956909879041,7.86846816931735e-169,2.80663707593171e-166,"PAFAH1B3",TRUE
4610.08636182844,-1.66393602010418,0.087414756363651,-19.0349557594384,8.75664291326505e-81,4.42463347918658e-79,"EPB41L2",TRUE
42.0445239644169,-2.5189232401228,0.233670350319688,-10.7798153966758,4.28745332552078e-27,3.57363525218059e-26,"DCT",TRUE
1086.11686328992,-1.82777897684245,0.13088781942091,-13.9644696116807,2.5681013536365e-44,4.1968668846252e-43,"CRYBG3",TRUE
11.9411530570066,-3.07287107142917,0.151578070057709,-20.2725306520875,2.24794661037245e-91,1.52071121792594e-89,"SCTR",TRUE
3.99361995028107,2.29212100984268,0.297675901156706,7.70005566771103,1.36006966887293e-14,6.16603013745334e-14,"DNAAF6",TRUE
920.05440697485,3.21400047319193,0.115401912015273,27.8504958632451,1.06234492594722e-170,4.02200061437561e-168,"NDC80",TRUE
287.956689676051,-3.42177859251376,0.180704368925955,-18.9357823103649,5.78499292188827e-80,2.8469816933717e-78,"CXCL2",TRUE
100.799386006498,3.54898748948418,0.28166254452799,12.6001399846457,2.10770106704135e-36,2.59095351904029e-35,"CDH7",TRUE
877.315367733747,-1.80651867807026,0.0819265771507868,-22.0504595809653,9.45586495361212e-108,9.491049567393e-106,"CDC14B",TRUE
21.1983555843147,-2.68620234696145,0.151821706788608,-17.6931375873783,4.7363185972935e-70,1.74866989443274e-68,"TRPM3",TRUE
73.8356940754916,1.65026856336497,0.179133426957696,9.21251042528591,3.18585185816994e-20,1.92255825221777e-19,"P2RX5",TRUE
229.464210285423,6.0730045964532,0.22966233384627,26.4431894196386,4.36996914569883e-154,1.10945804899036e-151,"EPYC",TRUE
6139.59873477076,1.64768172628706,0.153356188562088,10.7441489106908,6.31415683610278e-27,5.21767200930875e-26,"FAM234B",TRUE
63.2661411619547,-2.40360217538373,0.305862928398058,-7.85842922505345,3.88980402749645e-15,1.81594312414004e-14,"SLCO1A2",TRUE
2615.70815568223,3.98254882536391,0.204756135903048,19.450205034391,2.90268107994045e-84,1.62700929104194e-82,"NKAIN1",TRUE
110.550661403081,-5.49063719240262,0.220502922878608,-24.9005188716947,7.3444971665426e-137,1.36632973149991e-134,"APOB",TRUE
3099.30781003262,1.98178293977233,0.102527009551912,19.3293742637534,3.04083431845547e-83,1.65084791427092e-81,"IGSF9",TRUE
362.457322419869,-2.03103216887476,0.120061666160766,-16.9165749053919,3.39615198947762e-64,1.02933932490066e-62,"ABCB1",TRUE
389.712805297016,2.29578879367978,0.114940335676641,19.9737435963164,9.31993492806927e-89,5.9154175219922e-87,"ORC1",TRUE
298.779390648439,2.64988173577385,0.114076104946411,23.2290691991866,2.31580545348069e-119,2.93108983496266e-117,"RAD54L",TRUE
821.855359909847,-1.83482213238543,0.106902952522948,-17.1634373895479,4.98725470815595e-66,1.60754229427939e-64,"EPDR1",TRUE
10338.1370594805,4.78640538997902,0.252047684073394,18.9900788320089,2.06019033721535e-80,1.0267646068616e-78,"CEACAM6",TRUE
949.035272605475,-2.16454477722308,0.192080879208285,-11.2689237270511,1.86839755045485e-29,1.72639773662238e-28,"FAT2",TRUE
182.894982289166,1.66852910659957,0.135948887554879,12.2732089729387,1.26152566222199e-34,1.44730057367095e-33,"PPEF1",TRUE
129.801825485552,-2.17272559086991,0.112351858029356,-19.3385817464825,2.54375398665826e-83,1.38796993760013e-81,"CETP",TRUE
11.9570211109547,2.52077473788591,0.266385340383033,9.46288836413186,2.9955213163056e-21,1.89876193290864e-20,"MT3",TRUE
1464.30083289636,3.11971039040563,0.110117393631145,28.3307685328585,1.44451221699258e-176,6.42733477169068e-174,"AURKA",TRUE
545.508975360915,1.51537164289811,0.105210755563342,14.4032008399158,4.94015498926357e-47,8.83984615823449e-46,"DNMT3B",TRUE
4448.1376066328,3.57267106853361,0.113210620722871,31.5577376550136,1.40429520205988e-218,2.08997865244497e-215,"TPX2",TRUE
383.278724286417,1.54069513565658,0.147962396856481,10.4127478899318,2.16869689961573e-25,1.67924216339101e-24,"FER1L4",TRUE
99.6261418528791,2.144868972174,0.269308784187358,7.96434835442209,1.66096733050919e-15,7.91950397533988e-15,"SLC15A1",TRUE
197.693078292507,-1.76402906881736,0.154363221340868,-11.4277808761324,3.03772923350773e-30,2.9077044515013e-29,"TESC",TRUE
146.342068038798,1.62776835867276,0.164428728343316,9.89953747786758,4.18204638918093e-23,2.90936689485894e-22,"SIRPG",TRUE
113.131211192191,1.5220723946851,0.147727402052309,10.3032502673143,6.81199950830232e-25,5.14986685546205e-24,"CFAP61",TRUE
3.38322012661149,1.95116160836693,0.356388629127953,5.47481442699569,4.37970334831422e-08,1.27963712776362e-07,"LHX5",TRUE
769.930529804485,3.45083429277809,0.350185795095437,9.85429546574735,6.56756688634509e-23,4.52155346649632e-22,"CHGB",TRUE
15.8182275915218,-1.85828536098133,0.19311408034548,-9.6227336590728,6.41044322079693e-22,4.19521955132063e-21,"NOS1",TRUE
2727.26938661331,3.57058908265244,0.130789986377106,27.3001716840721,4.22173696301928e-164,1.33000122134242e-161,"BIRC5",TRUE
339.280169769405,2.00481288935458,0.15520210832835,12.9174333451267,3.58915373653123e-38,4.71417757969227e-37,"LAG3",TRUE
3604.80523837321,-1.95195120064202,0.0894551278183679,-21.8204506353768,1.48389957583794e-105,1.41068514742655e-103,"LTBP4",TRUE
175.047562177485,1.85366557089213,0.173530957873941,10.6820454033263,1.23519660241338e-26,1.00815214372469e-25,"THPO",TRUE
229.465247529737,-2.59742013980697,0.146905948464308,-17.6808370726937,5.89149798961084e-70,2.16774981442118e-68,"CD209",TRUE
1538.28426204572,3.85256647442114,0.112171536256062,34.3453125722251,1.65467281411539e-258,7.14156786572204e-255,"KIF4A",TRUE
39.1041117825241,2.80272017131716,0.238200881817797,11.7662040120447,5.82887895866962e-32,5.9799005432893e-31,"DLL3",TRUE
1202.50527638411,1.7316064035917,0.0968583912266898,17.8777117982375,1.75909805546246e-71,6.71882053750088e-70,"NAT14",TRUE
284.154019505277,-1.70438181363232,0.270897974895273,-6.29160042370645,3.14209437416311e-10,1.0798056627827e-09,"SLC26A3",TRUE
4790.00896469091,-1.51564467692885,0.0786286384890952,-19.2759878086793,8.54532836069505e-83,4.57021526700865e-81,"MAP3K20",TRUE
1695.2929312892,-2.11078127340757,0.233522282703652,-9.03888592116164,1.58276631406304e-19,9.20401429735392e-19,"TF",TRUE
451.17010367054,2.56160855589637,0.11910596370435,21.506971407871,1.33970717234102e-102,1.18730516546691e-100,"ORC6",TRUE
19.3409153777174,-4.17114067367869,0.216781746342957,-19.2411987819297,1.67294269989019e-82,8.82692016225678e-81,"CPA1",TRUE
29275.6489037897,1.7209879191854,0.187783490828914,9.16474558859576,4.96639822901418e-20,2.96513691470815e-19,"ESR1",TRUE
15947.5043093432,-1.85838845062859,0.122259167778251,-15.2004016091396,3.5145972123248e-52,7.50569102839874e-51,"CCDC80",TRUE
51.4289114638398,-2.87949051598566,0.189337742926376,-15.208222467854,3.1189740698876e-52,6.67401689917445e-51,"CMA1",TRUE
6.29051370732263,2.08176102530751,0.270068673788115,7.70826544266579,1.27539263620181e-14,5.78821726377183e-14,"DAZL",TRUE
906.37631204736,-2.16575193773295,0.0941913146640986,-22.9931172046634,5.46228710485005e-117,6.65966981483978e-115,"TYRO3",TRUE
539.24367695462,-2.27625563367255,0.104631717973488,-21.7549293632866,6.2041930415481e-105,5.84657143391302e-103,"TBX15",TRUE
575.634235240642,1.83547424045501,0.208039048591783,8.8227390621104,1.1169341042547e-18,6.22666958662268e-18,"COL9A3",TRUE
656.309590178672,2.94900710558922,0.110700108136227,26.6396045608211,2.36177722120575e-156,6.2536383354135e-154,"CLSPN",TRUE
613.771703558913,2.9331372768301,0.117835413618175,24.8918146656184,9.12484775780168e-137,1.68302747532786e-134,"CDC45",TRUE
48.8756379461063,2.62403616194617,0.298815071385464,8.78147193105004,1.61349013439481e-18,8.93485170650243e-18,"KRT31",TRUE
1725.68546829631,3.01059757835747,0.135352916894996,22.242576277045,1.33091220995287e-109,1.38414869835098e-107,"CDC6",TRUE
1912.56978410702,-3.20093386008564,0.166887267718911,-19.1802161053831,5.41548243351128e-82,2.82626628573575e-80,"FMO2",TRUE
66.5639598139189,1.95525273197302,0.134236483909187,14.5657326162967,4.63983579715007e-48,8.66156198118499e-47,"TLL2",TRUE
6572.82399410133,-3.66950332479156,0.111746920803884,-32.8376236087216,1.71091498001767e-236,4.61519315859767e-233,"SORBS1",TRUE
61.9983467254335,1.6226125091139,0.12388258864875,13.0979867858152,3.3810741463395e-39,4.60774108481253e-38,"IL11",TRUE
2.72551137835712,2.28241147685245,0.49074927054825,4.65087084959416,3.30536285917641e-06,8.21061646054986e-06,"KCNK16",TRUE
1090.4313196804,3.64873310988695,0.30693361913325,11.8876945451287,1.37139953567405e-32,1.44153930734759e-31,"CRISP3",TRUE
736.800570095952,1.76079147198495,0.0984735557085301,17.8808560259231,1.66264531036692e-71,6.35604708551252e-70,"CDC7",TRUE
725.375124557673,-1.67180608877917,0.102687925674853,-16.280454374672,1.35856453571098e-59,3.59287042654938e-58,"PCSK5",TRUE
52042.6092158716,-1.54024398057917,0.147436841730645,-10.446805306594,1.51544220038583e-25,1.18083562680362e-24,"SCD",TRUE
2410.06445668509,-2.89051408719468,0.104003225222602,-27.7925427890145,5.33825551646922e-170,1.98619920767941e-167,"PALMD",TRUE
5.92086004934692,2.85340329284582,0.486804854333954,5.86149309613981,4.58723552393065e-09,1.44747101339996e-08,"MAGEB2",TRUE
23.5713569223124,4.4894737352371,0.259674456825973,17.2888538599922,5.70758478140743e-67,1.88332843398734e-65,"EFNA2",TRUE
248.096051393659,2.87341473120851,0.195417774307124,14.703957924997,6.07996694502031e-49,1.168349836808e-47,"IGFALS",TRUE
2376.9955275092,3.24177968624586,0.15772312221575,20.5536109145203,7.14459870645074e-94,5.13079667504848e-92,"MISP",TRUE
95.7953925798476,3.66055137452712,0.174963651489167,20.921782000839,3.39199806711232e-97,2.61893804251463e-95,"HCN2",TRUE
1822.31361695619,1.71913378101774,0.104021391777382,16.5267331232877,2.35569993796186e-61,6.52999417613577e-60,"RASSF7",TRUE
24223.7823233014,6.2781420346243,0.142570956625311,44.035210138372,0,0,"MMP11",TRUE
28.2839598755479,-2.4385789797094,0.165989197165188,-14.6911908808293,7.3412169678801e-49,1.40384104711433e-47,"P2RX6",TRUE
2243.20012981527,-1.73738450593164,0.0767828549251566,-22.6272454654772,2.33755856926219e-113,2.62731843357698e-111,"GRK3",TRUE
81.8410208693636,1.95019839460489,0.275960849005928,7.0669386676767,1.58388912192461e-12,6.35085976423877e-12,"PLA2G3",TRUE
323.483364768286,2.58696425274668,0.24835264713322,10.4164955864513,2.08494429447352e-25,1.61584118781607e-24,"SEZ6L",TRUE
2358.81631543584,-1.53608034629661,0.273727049744238,-5.61172287405237,2.0032206652234e-08,6.01788848827466e-08,"SOX10",TRUE
507.71242244971,2.824127977558,0.109041604465107,25.8995453286979,6.73870391141326e-148,1.53074979377156e-145,"CENPM",TRUE
10.5228963397107,2.23860879518002,0.183216257450869,12.2183960437043,2.47928051830565e-34,2.81297968375583e-33,"MIOX",TRUE
72.4710796476106,-1.84275891305665,0.120929874730181,-15.2382437935062,1.97097249741237e-52,4.24063673919829e-51,"RASL10A",TRUE
477.49722729419,1.79611315078326,0.186307892124974,9.64056396268196,5.38910803304661e-22,3.53754985104626e-21,"NEFH",TRUE
767.775894881205,1.63385165507078,0.116525252263026,14.0214384722617,1.15254611493071e-44,1.90589618085861e-43,"BIK",TRUE
1750.43576450459,-1.52078090371423,0.0831773461939689,-18.2835949125833,1.11807727619208e-74,4.74962748429628e-73,"CBX7",TRUE
20.4771903001686,2.02120799397099,0.191258531633101,10.5679363775957,4.19626537731198e-26,3.34956193239846e-25,"CABP7",TRUE
3.29062920555381,1.8298557348972,0.432538365269585,4.2305050414585,2.33167217648496e-05,5.30747171230899e-05,"PNPLA5",TRUE
675.352911427309,5.06871551102584,0.299512502781055,16.923218443175,3.0338884084936e-64,9.20187095647109e-63,"PVALB",TRUE
71.1744989907921,1.53285636572291,0.213311033258883,7.18601538000415,6.67095329940068e-13,2.73790742109294e-12,"MLC1",TRUE
145.153928359226,-1.79579642136453,0.185046304881873,-9.70457865943826,2.88264834731492e-22,1.91850582374883e-21,"CTSG",TRUE
375.816031977112,1.55491649701318,0.0755755365570732,20.5743361919625,4.66067112251357e-94,3.35817304921011e-92,"POLE2",TRUE
581.648945530334,2.91363213259313,0.102381558878046,28.4585638714857,3.81807477169778e-178,1.77191513060727e-175,"CDKN3",TRUE
2.09206958868615,1.61206180398692,0.359022977063482,4.49013547035982,7.11778898635999e-06,1.71125096173851e-05,"CCDC198",TRUE
391.84773203564,4.01404389950175,0.359278497218807,11.1725136087316,5.55852502686798e-29,5.03475215445167e-28,"CHGA",TRUE
1386.88540359625,1.61406818107937,0.0999400248692701,16.1503680151242,1.12886184849612e-58,2.90702132345421e-57,"SIX4",TRUE
73.9237053090602,2.93061601721554,0.259610140306977,11.2885267645949,1.49521815514179e-29,1.38961273849956e-28,"TCL1A",TRUE
8848.12320652047,2.61863828251302,0.288618666938548,9.0730038714737,1.15780171238059e-19,6.77660996831386e-19,"DHRS2",TRUE
4008.03049965165,2.48111315926779,0.167156848838585,14.8430242404466,7.71958363143857e-50,1.52833591528848e-48,"MMP9",TRUE
1101.2184396802,2.50031234308344,0.0954644922615611,26.1910191302635,3.36338215717553e-151,8.06464299464976e-149,"GINS1",TRUE
127.750707278124,-3.15803125803652,0.144169808589512,-21.9049417415004,2.33078834435827e-106,2.27594626566749e-104,"SGK2",TRUE
3292.95570474049,3.83615424207229,0.14702149968185,26.0924711717239,4.4385883758764e-150,1.02443569145896e-147,"MYBL2",TRUE
2.218821544202,2.81038469675678,0.350420424907446,8.02003678152914,1.0571350561232e-15,5.09730186820211e-15,"R3HDML",TRUE
1616.2187753867,3.31489326221603,0.231698414058424,14.3069311703625,1.98062381545926e-46,3.4650881181687e-45,"RIMS4",TRUE
208.454748771133,2.98979283802949,0.120918871116233,24.7256099104297,5.67366255226347e-135,1.02458274374766e-132,"SALL4",TRUE
6.51466661301966,1.98996104388996,0.293770909665276,6.77385329322544,1.25396832635015e-11,4.73543380569362e-11,"HRH3",TRUE
20.4198737759665,2.72577961231748,0.23491276551184,11.6033694736785,3.96166831480052e-31,3.91989006113687e-30,"NTSR1",TRUE
612.865472464712,1.97332051563656,0.145648731461238,13.5484909194814,8.08757390992713e-42,1.20365410328433e-40,"SLC17A9",TRUE
18.03650338175,1.8965349992452,0.189016245865974,10.0337142479805,1.08361923371056e-23,7.73936887753559e-23,"NKAIN4",TRUE
0.354596965740089,-1.99377778086145,0.341008041744887,-5.84671778020126,5.01367046148527e-09,1.57787674724883e-08,"AVP",TRUE
5.80423964415668,1.63337557801493,0.250889061372903,6.5103499095451,7.49759494822572e-11,2.68589141737568e-10,"COL20A1",TRUE
11.0882987097344,2.26643352760034,0.351200012408541,6.45339819909762,1.09369480713865e-10,3.87584102767913e-10,"CHRNA4",TRUE
5939.61336464319,3.4924383814275,0.212227514106257,16.4561055909034,7.58246171285301e-61,2.06864126123095e-59,"EEF1A2",TRUE
1228.61642651459,2.02625658959024,0.118338132646119,17.1226006721739,1.00675401414178e-65,3.20438814530672e-64,"PTK6",TRUE
159.535493144015,2.4510945889956,0.15511368107545,15.8019239308965,3.01764500768029e-56,7.25579713267305e-55,"SPEF1",TRUE
843.352491243705,-2.18385794874766,0.122897525142752,-17.7697471630205,1.21235941624575e-70,4.54213822961516e-69,"ISM1",TRUE
8.4233793105389,-3.68010677805503,0.21213629428153,-17.34784135133,2.0479644427972e-67,6.87861053316164e-66,"SEL1L2",TRUE
2695.62180374366,1.68024163948629,0.0870402010043259,19.3042021973592,4.95140624645361e-83,2.67128366996172e-81,"TRIB3",TRUE
45.4004402290583,-3.50121333727394,0.137091461683461,-25.5392516374078,7.22849660675866e-144,1.49991304590242e-141,"ANGPT4",TRUE
23.999745559755,2.54805771783343,0.144197718411953,17.6705827657688,7.06631358561222e-70,2.597803188714e-68,"MYLK2",TRUE
5.0740198602104,2.31118622379606,0.502264483321909,4.60153226146947,4.19394180762473e-06,1.03204588868854e-05,"HAO1",TRUE
138.761968108715,-1.73365844200343,0.0859167104999733,-20.1783614842187,1.51691551623794e-90,1.00414223436855e-88,"CCM2L",TRUE
46.5056304694455,-3.14536417159778,0.223768412270374,-14.0563368157491,7.04391026264759e-45,1.1724456881445e-43,"PAK5",TRUE
1308.40667201494,2.6443875034896,0.109646096620895,24.1174796457428,1.63892335270887e-128,2.64928583906049e-126,"E2F1",TRUE
18.6812608029857,2.92610009800129,0.379622544522244,7.70791972242795,1.27885146217536e-14,5.80330450083993e-14,"CST9L",TRUE
172.807176712098,7.66105199104688,0.323697304642724,23.66733328071,7.82680791238984e-124,1.12978270735366e-121,"CST4",TRUE
844.39357051742,-1.80675032610674,0.126929035018709,-14.2343343730647,5.60944884314563e-46,9.69578742771989e-45,"PPP1R16B",TRUE
1082.8321170708,3.50700229023912,0.128823500926081,27.2233114690108,3.4411877309122e-163,1.05334512387355e-160,"FAM83D",TRUE
427.55989684719,2.83808246492156,0.147193416314382,19.2813139064581,7.70931980597091e-83,4.13848560728488e-81,"SYNDIG1",TRUE
25.7699682652376,-3.27435310134285,0.160944093103755,-20.344661541769,5.17681728040041e-92,3.59792969117684e-90,"CDH20",TRUE
558.597601108816,-4.76418583623434,0.121725657884723,-39.138715033655,0,0,"MYOM1",TRUE
60.6786598612364,1.63907950697022,0.155601070168027,10.5338575448115,6.0311128958127e-26,4.77444667247388e-25,"VSIG1",TRUE
314.000874115268,1.72607844542999,0.129625095547863,13.3159280472249,1.87033815385469e-40,2.64928765081616e-39,"GPR143",TRUE
11.0663768953415,-2.5918938250311,0.147684473351646,-17.5502120582415,5.9258354258412e-69,2.09466877132929e-67,"RHOXF1",TRUE
2796.16477920721,-4.43683345458647,0.185628244579229,-23.9017153054678,2.93950159813466e-126,4.49889677218056e-124,"CHRDL1",TRUE
1371.06852784121,-2.50425579160607,0.114389546361627,-21.8923483068042,3.07270541473392e-106,2.98017900449249e-104,"SRPX",TRUE
385.282541034865,1.53080077312282,0.177786124832958,8.61035007406293,7.2837801974703e-18,3.89792874547822e-17,"SYP",TRUE
110.211581884337,-2.70480241940378,0.13318750396582,-20.3082296676865,1.08754147669827e-91,7.47425002138495e-90,"BMX",TRUE
0.735608858905342,1.58243517625589,0.38782156961332,4.08031760026568,4.4974208619889e-05,9.92324954774505e-05,"LUZP4",TRUE
266.299886038261,2.9380660403229,0.254088715230193,11.5631504439744,6.33414568614752e-31,6.22028959759106e-30,"PCSK1N",TRUE
1.21395375623011,-2.47915376627068,0.420230118317622,-5.899514713976,3.64572263867517e-09,1.1601370573267e-08,"GPR50",TRUE
61.7858113934964,-2.01782135402821,0.118987115810891,-16.9583180521425,1.67058363907664e-64,5.13549785345783e-63,"KLHL4",TRUE
832.815775380204,-2.32702595157762,0.194423407469008,-11.9688569492259,5.17364543312887e-33,5.54906900829627e-32,"GABRE",TRUE
362.177643278424,2.2274074176601,0.102666064029659,21.6956541454305,2.25495186547054e-104,2.0929832798647e-102,"CENPI",TRUE
65.9991630108023,2.1138198499346,0.118174126986819,17.8873320567908,1.48028119731868e-71,5.668938462846e-70,"DRP2",TRUE
47.0861561280059,-2.45909841184524,0.180565230949045,-13.6188921805172,3.09222750744722e-42,4.67954204843696e-41,"HTR2A",TRUE
138.7804043264,-2.69588624617874,0.246822776036713,-10.9223560704858,9.01270188634048e-28,7.73490183763085e-27,"SGCG",TRUE
1367.83819895379,-1.5363447298004,0.0863013233651809,-17.8020993177522,6.80687336584445e-71,2.56580484253141e-69,"RGCC",TRUE
3.5034380736966,3.306001403056,0.326096247984196,10.1381154290871,3.7424974595829e-24,2.73634068025746e-23,"ACOD1",TRUE
689.4119894708,-2.3838946960933,0.131670922786126,-18.1049440958614,2.91306911816013e-73,1.18276635126803e-71,"MEDAG",TRUE
1017.62169465684,4.29358091088201,0.296952620244415,14.458807965217,2.20584988207073e-47,4.00018827353667e-46,"MSLN",TRUE
57.6925221302399,1.82707558085846,0.175209890866449,10.4279248838247,1.84881758022263e-25,1.43541944166952e-24,"CCL17",TRUE
3088.54872968498,1.50850404627552,0.108170680593239,13.9455907830333,3.34665306225671e-44,5.44446084308328e-43,"NME3",TRUE
609.673314939187,-2.89256043460433,0.156411220017821,-18.4933052390664,2.33776351566681e-76,1.0466584370973e-74,"HAS3",TRUE
702.334434968182,3.5520209021932,0.132548794155013,26.7978364106367,3.4244002235419e-158,9.53529765471408e-156,"HAGHL",TRUE
785.947687735356,1.80290770938614,0.111624754716662,16.1515043321929,1.10825587993903e-58,2.86078491496224e-57,"ANTKMT",TRUE
6853.3861505141,2.62066904558143,0.150445396174619,17.4194033996207,5.87869017468402e-68,2.00098003106753e-66,"SLC7A5",TRUE
3174.78297598791,2.38281281938502,0.134272088434375,17.7461514687738,1.84577635500072e-70,6.87942206233429e-69,"METRN",TRUE
255.023606469343,2.60969971751912,0.143678315239353,18.1634905251474,1.00431364527687e-73,4.15990181671302e-72,"RHBDL1",TRUE
39.5183946747412,3.2604122579396,0.411940201822437,7.91477074467468,2.47709110270768e-15,1.1700914084805e-14,"PRSS33",TRUE
1597.64065567154,1.51878947043606,0.170714127032161,8.89668299185303,5.75405536776989e-19,3.2488884049313e-18,"TOX3",TRUE
1792.71505351773,1.83204440313426,0.121622272816767,15.0633955500435,2.8192711548184e-51,5.84998764624817e-50,"PYCARD",TRUE
244.307389687627,2.62877301347732,0.135315081083533,19.4270512379512,4.55806303164205e-84,2.53840000575059e-82,"IL21R",TRUE
286.295007378432,-2.36058538178383,0.10325344579519,-22.8620494319018,1.10900115242946e-115,1.30066548203412e-113,"CORO2B",TRUE
1193.50667590135,3.17346901911509,0.14799371862016,21.4432683272194,5.27741290109662e-102,4.59220041958327e-100,"CEMIP",TRUE
5754.43971040811,-1.66044200181375,0.0742765377814499,-22.3548653640724,1.08277916762774e-110,1.15962156016906e-108,"ZNF106",TRUE
96.446012305089,1.66326405701293,0.196817501041528,8.45079349250546,2.89329619314656e-17,1.5016193325662e-16,"FAM189A1",TRUE
58.3658615748038,2.17336567082335,0.0995798997512794,21.8253450370181,1.33327736866494e-105,1.27310290335351e-103,"OIP5",TRUE
274.864423045382,4.66683977434066,0.248829892794243,18.7551412008189,1.7575034353552e-78,8.28098780239415e-77,"TRPA1",TRUE
14913.2529709778,-2.54107438990552,0.219671960252753,-11.5675864456337,6.01509971898462e-31,5.90832280089613e-30,"SFRP1",TRUE
567.198741464028,1.60558114498941,0.138635244629239,11.5813345248772,5.1242062656434e-31,5.04933201883948e-30,"JPH1",TRUE
9329.98221545391,1.63703282805434,0.0835167836060328,19.6012436946397,1.50890665050788e-85,8.7887194380459e-84,"ESRP1",TRUE
1855.1305967248,3.55377672601749,0.121760378195401,29.1866432963471,2.86527956148848e-187,1.79225312860642e-184,"CCN4",TRUE
6722.64809034747,1.80592564054681,0.0834711971196906,21.6353149692733,8.35766776701859e-104,7.65853377546756e-102,"GFUS",TRUE
1936.10998830139,1.82292414047799,0.090328272221012,20.1811027229407,1.43508827408966e-90,9.51434868044697e-89,"PYCR3",TRUE
5986.75341395917,2.32201469789824,0.108199820067443,21.4604303080253,3.64910957923272e-102,3.18816942185596e-100,"SQLE",TRUE
8322.93439392546,1.809447434484,0.0915578482302348,19.7628872833915,6.21462190045301e-87,3.71500112497995e-85,"MCM4",TRUE
8.9500763211196,1.67836052971616,0.524040136444198,3.20273279276746,0.0013613022634164,0.0025348954046532,"ADAM2",TRUE
39.2957728114049,1.81420538008999,0.219597121656736,8.26151712009174,1.43832515865075e-16,7.22426554723222e-16,"TUBB4A",TRUE
77.7145807248152,-2.99543239278206,0.124606394523393,-24.039154685755,1.08396918060898e-127,1.72000403805454e-125,"SLC17A7",TRUE
5.63100159685889,1.82415165869949,0.164923845430605,11.0605695249026,1.94856291336178e-28,1.72300707520374e-27,"RNASEH2A",TRUE
112.264061864256,2.7005383521754,0.184811208272529,14.6124165163895,2.34066139956212e-48,4.40763289725572e-47,"AMH",TRUE
3.17543528847304,-2.22124027545012,0.233334454564498,-9.51955543640522,1.73921485477265e-21,1.11570322728876e-20,"CLEC4M",TRUE
636.601124816003,2.70176618474363,0.136523310686028,19.789779277746,3.64635085925183e-87,2.21345292665695e-85,"IL4I1",TRUE
280.851349926724,1.60110099168131,0.125834396642932,12.7238738722974,4.35711306114056e-37,5.50828938836633e-36,"TLE6",TRUE
1513.53940685068,3.0612321976724,0.0973812603482184,31.43553684483,6.61762844892925e-217,9.21344657599311e-214,"ASF1B",TRUE
1758.23996843327,4.57141626813758,0.211461820929148,21.6181637330612,1.21204538892925e-103,1.09898905433165e-101,"TNNT1",TRUE
1040.00553119719,6.40166290025292,0.348080271537216,18.391340801883,1.54120950734027e-75,6.73265205838119e-74,"CASP14",TRUE
38.960066321265,2.97731392386008,0.330865804198781,8.99855435671236,2.28709276592285e-19,1.31931199916106e-18,"SLC1A6",TRUE
506.614570905555,2.8149077897897,0.15822498713456,17.7905389077126,8.367132168874e-71,3.15118171386215e-69,"CCNE1",TRUE
455.836951391056,3.02497116200898,0.168139546512108,17.9908369253937,2.29859962637723e-72,9.10161099765516e-71,"CCNP",TRUE
5.59628010288249,1.80579527729381,0.239621589220333,7.53602913314031,4.84498387254905e-14,2.11928148311763e-13,"SHD",TRUE
39.2743332301096,2.69693363530575,0.213769646840637,12.6160737745724,1.7219451169914e-36,2.1270506940283e-35,"FSD1",TRUE
31.8796576004705,1.74817751383991,0.259124775727284,6.74646995422693,1.51485418397348e-11,5.68383087718816e-11,"ZFR2",TRUE
3242.19278949814,1.72506528816991,0.102286031200384,16.8651111781864,8.12490967852389e-64,2.43015316510805e-62,"TJP3",TRUE
800.994296713817,2.51969586002346,0.17570473513803,14.3405119847456,1.22150965141406e-46,2.15097333965855e-45,"APLP1",TRUE
3015.79817612032,5.38225736108746,0.277791825596008,19.3751466571765,1.25104585777646e-83,6.87836168428434e-82,"CEACAM5",TRUE
25.3379207502026,3.03670127026264,0.211074712791461,14.3868549202427,6.25775500643508e-47,1.11605250445346e-45,"ATP1A3",TRUE
248.16793318775,2.13656890786121,0.131588957835322,16.236688419822,2.77506018421734e-59,7.26328669198425e-58,"GRIN2D",TRUE
16.5944460514937,3.04402640751945,0.178649006142265,17.0391454912175,4.20835410851156e-65,1.3142732512544e-63,"SYNGR4",TRUE
82.3095677833928,-2.29367247478894,0.205592439643782,-11.1564047722915,6.66319987466639e-29,6.01262192328249e-28,"HAS1",TRUE
1919.30935079649,2.66486083312869,0.150863388699359,17.6640658552303,7.93149736714226e-70,2.90350658495216e-68,"CAPS",TRUE
725.829795162923,1.90752050102012,0.189826952299148,10.0487337436365,9.30554136187285e-24,6.66601104030593e-23,"FAM83E",TRUE
3.03226518878416,3.11438747555743,0.547981973010688,5.68337578414589,1.32061651832047e-08,4.02583761341374e-08,"FGF21",TRUE
303.591367770668,-2.79917692193599,0.137939191963446,-20.2928325307124,1.4877196383954e-91,1.01920602528802e-89,"LILRB5",TRUE
7.93509510250234,1.713091637554,0.140081990558527,12.229206843247,2.17047576872132e-34,2.46910211328446e-33,"KLF1",TRUE
116.308496872596,2.06668420225983,0.167147469597328,12.3644360709656,4.07057997695887e-35,4.7611444933752e-34,"MAST1",TRUE
31.6684966411639,2.11336900934981,0.21440390970729,9.8569518262752,6.39616820929277e-23,4.40636264825341e-22,"SLC5A5",TRUE
7588.12401360141,4.4939943484482,0.162069919065982,27.7287381541704,3.14515700816464e-169,1.14071408800324e-166,"COMP",TRUE
65.2280061679206,2.16842360374617,0.245190137009518,8.84384514888537,9.24797547925385e-19,5.17493351075582e-18,"UPK1A",TRUE
8686.45685573311,1.59169742723382,0.0848434969957793,18.7603939440757,1.59215126966297e-78,7.51829855565139e-77,"LSR",TRUE
2274.55102627604,2.22390868470999,0.147078334652549,15.1205729243784,1.18507057134056e-51,2.4962247857032e-50,"HPN",TRUE
129.350213287107,-1.65085037017441,0.105095985510897,-15.7080250225471,1.33266330859588e-55,3.15511510691158e-54,"RUNDC3B",TRUE
149.886411349193,1.86805905731965,0.211591304707089,8.82861920959203,1.05975852708439e-18,5.91327447045407e-18,"DNAH11",TRUE
126.588871432509,2.30160526704023,0.183023133794264,12.5754882419807,2.88015402905992e-36,3.51349485286111e-35,"DLX5",TRUE
2586.2031187925,-2.3451013355788,0.191429539636679,-12.2504674045064,1.67030465535216e-34,1.9086669029653e-33,"PTN",TRUE
2740.0943763295,-2.87640896308704,0.10239217164011,-28.0920788866271,1.22413054122055e-173,5.12946351059019e-171,"CAV2",TRUE
8541.97417308509,-3.38832611110855,0.102765808779951,-32.9713369780784,2.09252892462716e-238,6.45096774192201e-235,"CAV1",TRUE
1935.08381989263,-1.62618128652175,0.137813221656698,-11.7998931232642,3.90807497030306e-32,4.04976028135126e-31,"MET",TRUE
44.4419895521908,-2.11926621805157,0.151221494495545,-14.0143186993434,1.27415152216631e-44,2.10295907061942e-43,"HOXA2",TRUE
143.19252782384,-1.77284134215242,0.134797510402642,-13.1518849039342,1.65984448195951e-39,2.28004098794947e-38,"HOXA3",TRUE
262.897684461145,-2.36113817211037,0.138528543697631,-17.0444163281185,3.84563977506323e-65,1.20273777312847e-63,"HOXA5",TRUE
27.1003894660148,-2.35516284955794,0.166573134588763,-14.1389117481182,2.18639312758658e-45,3.7239434643503e-44,"HOXA6",TRUE
1101.03425357826,-2.90734855713683,0.126860479067952,-22.9176854643559,3.09603427169568e-116,3.68112504590594e-114,"CPED1",TRUE
391.15075484297,1.52116214469165,0.0936796726911466,16.2379105412418,2.72033158083643e-59,7.12868919422588e-58,"STX1A",TRUE
17.0796144736245,-1.62241840178632,0.128244583070315,-12.650970223801,1.10501713158631e-36,1.37601094631463e-35,"CRHR2",TRUE
29.4384720566486,-2.20025855741306,0.240768171659179,-9.13849427127624,6.33278880682492e-20,3.75908630040659e-19,"CCL24",TRUE
31818.2679562981,1.51890332055839,0.126765340858545,11.9820079390099,4.41498927901781e-33,4.75426490225571e-32,"HSPB1",TRUE
186.074957472186,1.80618160035829,0.168366676952175,10.7276667393711,7.54779137047487e-27,6.21210288996368e-26,"NPTX2",TRUE
205.374312078877,3.22253384096456,0.150935764022613,21.3503662424351,3.86894919784649e-101,3.3066108391892e-99,"TFR2",TRUE
1.12468110028079,-1.64338569913612,0.325841739958871,-5.04350884985931,4.57071617449874e-07,1.22620655203484e-06,"PPP1R17",TRUE
1509.23934270508,2.32076937978462,0.0906741595947835,25.5946058960566,1.75178311021194e-144,3.68814434325597e-142,"EZH2",TRUE
2881.89787507667,-1.60920785209704,0.120093665872965,-13.3996063855629,6.07846675549264e-41,8.7624123302292e-40,"MEST",TRUE
419.552972660932,-2.67160831354568,0.151043561917417,-17.6876675816635,5.21914728007404e-70,1.92364130322797e-68,"MEOX2",TRUE
17739.232574218,1.60337250342664,0.100723595014439,15.9185392776815,4.71250692890434e-57,1.16490148368563e-55,"TSPAN13",TRUE
33258.6987169464,2.41521507201789,0.200870045118222,12.0237692513904,2.66529955604514e-33,2.8946735993686e-32,"AGR2",TRUE
2726.21417799523,2.27070389700616,0.200490969740906,11.3257165643948,9.78752001789358e-30,9.1832470428758e-29,"SLC1A1",TRUE
39.8462406846297,4.4512468977312,0.235417781973239,18.90786184638,9.82608543960977e-80,4.79202087653738e-78,"LHX2",TRUE
97.5013388071844,-2.28663542339667,0.17446470474509,-13.1065789308942,3.01912903396843e-39,4.11968413234515e-38,"CNTNAP3",TRUE
2034.53685613764,-2.38228238680424,0.189130814417291,-12.5959505548792,2.22266053897804e-36,2.72683424850176e-35,"OGN",TRUE
6700.80184535633,1.82619313899332,0.157168885225535,11.6193045231106,3.28801904956283e-31,3.26382019731214e-30,"ASPN",TRUE
1957.26927552843,-2.61298389997488,0.112305437026715,-23.2667622258867,9.6257609264028e-120,1.24014281069715e-117,"ECM2",TRUE
418.029134168274,-1.736200553428,0.109953809590776,-15.7902719322755,3.63011632296584e-56,8.70905061140664e-55,"LHX6",TRUE
3049.97817889855,-1.84947610145362,0.088738980866938,-20.8417550369084,1.81077259187169e-96,1.37110429938916e-94,"KANK1",TRUE
200.749065066024,2.67279999550598,0.177112636757321,15.0909615736129,1.85715909363037e-51,3.87222156913462e-50,"ELAVL2",TRUE
348.974860114839,4.7673794215004,0.283657509245761,16.8068154944206,2.17548596969994e-63,6.413522845099e-62,"CA9",TRUE
74.3432466911455,3.88761783644645,0.251746927345065,15.4425632020436,8.46675001346709e-54,1.89535752376162e-52,"TYRP1",TRUE
0.876649938672939,2.18324769922048,0.411056626220458,5.31130642338695,1.08842142468694e-07,3.07597359150658e-07,"LHX3",TRUE
46.2379481521815,1.70494634003965,0.232553096610268,7.33142824108227,2.2771274378498e-13,9.59867371985521e-13,"SH3GL2",TRUE
32294.5966234287,1.82969902209645,0.13896916850677,13.1662227079333,1.37296774867016e-39,1.88837756636724e-38,"GATA3",TRUE
8736.06217574224,-1.91894416422383,0.102056668243318,-18.8027318278585,7.17252636411602e-79,3.42062141298616e-77,"CXCL12",TRUE
160.007936996824,-1.54175511646478,0.10037752735294,-15.359564606964,3.0562019449454e-53,6.74709339866208e-52,"CUBN",TRUE
4468.47663773533,1.97964432878224,0.088910376222387,22.2656163756485,7.96201348697076e-110,8.32059327112974e-108,"UNC5B",TRUE
473.753648387522,-1.96286238142393,0.113955078711611,-17.2248784662894,1.72790281050039e-66,5.64544173362579e-65,"CDH23",TRUE
2086.45673461575,-1.59205043616338,0.0912306702102969,-17.4508247335411,3.39298110181053e-68,1.16593204103617e-66,"VSIR",TRUE
9325.65545343879,-1.66316180722348,0.102670746398568,-16.1989842828948,5.12668608568072e-59,1.33374184121748e-57,"ACTA2",TRUE
113.717741033235,5.92328896458628,0.338661075307608,17.4903152339138,1.69815359110896e-68,5.90590725159247e-67,"TLX1",TRUE
973.914167945243,1.51168778431387,0.134671699952821,11.2249847951979,3.07439329562118e-29,2.81482423926623e-28,"KAZALD1",TRUE
824.42892034347,3.48904755121863,0.195046889500166,17.8882501544105,1.45609518218078e-71,5.58126714590785e-70,"NEURL1",TRUE
344.27753286646,2.18114908872016,0.244749214645639,8.91177155309014,5.02235347948573e-19,2.84505546888836e-18,"DKK1",TRUE
326.007583440598,-2.71242910382572,0.114944082506301,-23.5978142126372,4.05850787211331e-123,5.74312130362001e-121,"EBF3",TRUE
518.123471194994,1.54737774028635,0.251049981030506,6.16362420715867,7.10985609471158e-10,2.38357456150188e-09,"SORCS1",TRUE
1337.48751127981,2.52968398205464,0.106488578250539,23.755448928081,9.65129587718197e-125,1.43144305862259e-122,"UBE2S",TRUE
2563.43084637715,2.07645955580674,0.173817979042111,11.9461724687507,6.79847960084326e-33,7.236063614609e-32,"DNAJC12",TRUE
125.471653665713,2.28588141255248,0.208097231715041,10.9846795832569,4.52842629900762e-28,3.94205080809134e-27,"RUNDC3A",TRUE
27.0849653818975,-3.70359468786067,0.300527983092143,-12.3236267376976,6.75850118387403e-35,7.84131481440868e-34,"CSF3",TRUE
151.264116824632,-3.59437059123268,0.132401848364662,-27.1474351425446,2.71486280633213e-162,8.25165343107711e-160,"ASPA",TRUE
20.2080696424016,3.34490243835343,0.240877847692488,13.8863015856221,7.66944047161097e-44,1.22733797091112e-42,"KRT37",TRUE
164.106998271723,1.66801264310806,0.19075304858887,8.74435640975329,2.24290415342127e-18,1.2342693262994e-17,"HOXB6",TRUE
1621.6001442381,-1.58550736443036,0.154920616246573,-10.2343213114184,1.39167507444691e-24,1.03864250757614e-23,"RASD1",TRUE
779.093305123095,3.93263379923015,0.260311411666047,15.1074198939665,1.44695301769656e-51,3.03304964758541e-50,"SLC6A4",TRUE
103.537802509685,-1.50741110538658,0.253149100868019,-5.95463740624732,2.60649059974115e-09,8.38459672690081e-09,"ALDH3A1",TRUE
55.617333914914,1.58432564343378,0.263107768679116,6.02158443054566,1.72717885849606e-09,5.62773965972293e-09,"ASIC2",TRUE
33.2503862629401,3.71676454117935,0.282604569632872,13.15182038991,1.66126148007514e-39,2.28126138975638e-38,"CCL7",TRUE
1.7613490629349,1.85137919875511,0.304153721936546,6.08698518291142,1.15056613791265e-09,3.79593598167788e-09,"CCL1",TRUE
109.458007381165,2.04764278485333,0.154349956837862,13.2662349041295,3.63384936524218e-40,5.09376221512999e-39,"DLX4",TRUE
379283.070659744,2.2617540322761,0.126922537802804,17.8199559465958,4.94754574213875e-71,1.87312345816411e-69,"COL1A1",TRUE
96.4995036978832,2.98486337485788,0.211466636939817,14.1150557745304,3.06773140212649e-45,5.19432276640955e-44,"CACNG1",TRUE
765.839875830407,-2.84971923417429,0.150734669876515,-18.9055327252106,1.02697135160577e-79,5.00271823197574e-78,"HLF",TRUE
2196.07994524864,2.47210143754628,0.175799499037601,14.0620505239183,6.4975873392205e-45,1.08276397513806e-43,"SLC16A6",TRUE
1756.95525878234,-2.83346580853981,0.0967829503096859,-29.2764975594698,2.06597665092678e-188,1.33085898886567e-185,"MMD",TRUE
1130.93247622624,-1.60463573671406,0.100274543017321,-16.0024238299134,1.22895826837878e-57,3.09101625077087e-56,"MAP2K6",TRUE
43.5299095008382,-2.65990016872447,0.185503492550376,-14.33881449969,1.25175445292995e-46,2.20333287881144e-45,"MYH1",TRUE
19941.9196160195,1.85568954522913,0.113736506550711,16.3156896717392,7.6339116886677e-60,2.03382486717838e-58,"SLC9A3R1",TRUE
2310.17068344274,1.53540641612797,0.0983819560839757,15.6065855695875,6.56580325830149e-55,1.52273008397793e-53,"TMEM97",TRUE
882.607634428634,-1.95279861027758,0.141259380900179,-13.8242047914504,1.82113818714837e-43,2.88230011578011e-42,"ALDOC",TRUE
0.729333541731302,1.7882067679065,0.645599705431571,2.76983826489065,0.00560841341526168,0.00960171055147538,"PHOX2B",TRUE
4.06795383312592,-3.1568224918426,0.330875335124756,-9.54082144156297,1.41705381384266e-21,9.12700232882393e-21,"GABRA4",TRUE
6.0385499283854,1.98224955813882,0.413254610598909,4.79667862692699,1.61318103430339e-06,4.12616412472052e-06,"UGT2B10",TRUE
81.2996844629785,2.1844358958037,0.281903054164764,7.74889049100887,9.26989164824123e-15,4.24497107202219e-14,"CWH43",TRUE
91.3761023759115,3.63310675352599,0.21984999670798,16.5253891650121,2.40880065997249e-61,6.67290349707399e-60,"NMU",TRUE
381.352008653118,2.68531781876207,0.144176417926871,18.6252221921904,2.0065785557744e-77,9.28230765993817e-76,"CRACD",TRUE
635.1047301001,-1.91447608968978,0.140079705753385,-13.6670481951203,1.59744878701017e-42,2.4431569683685e-41,"MAPK10",TRUE
1504.32933977798,-2.3106427897321,0.151832680037485,-15.2183494960481,2.67187028847182e-52,5.73050260479506e-51,"SOD3",TRUE
200.594706233228,3.41620848040555,0.119789686920144,28.5183855825829,6.93102273486172e-179,3.25601169678363e-176,"NEIL3",TRUE
4407.43388180298,-2.01690906365918,0.0715581236635777,-28.1856057761023,8.77886558064367e-175,3.71466508294687e-172,"SH3D19",TRUE
63.5522659672481,2.93968386639129,0.165048013228124,17.811083023024,5.79770611167764e-71,2.18923005931765e-69,"NKX3-2",TRUE
19.4942836610601,1.58785019635283,0.189047759562217,8.39920134483399,4.49525465013936e-17,2.31438853274502e-16,"HGFAC",TRUE
236.777868633785,-2.13220985110626,0.1054029188553,-20.2291347740892,5.42464489997103e-91,3.62988641678682e-89,"FAM149A",TRUE
946.900060418859,3.02300129197908,0.113354995086639,26.6684435888208,1.0938015587196e-156,2.93220343318869e-154,"NCAPG",TRUE
7323.34374463213,-2.82587478591357,0.189159600054118,-14.9391031970097,1.83427140064815e-50,3.70112920299084e-49,"CRYAB",TRUE
1471.13725115685,-3.2297370268704,0.192394599370442,-16.7870461927665,3.03582867523055e-63,8.90124766460262e-62,"ZBTB16",TRUE
34.9432057856009,3.22816284776945,0.352006971092529,9.17073556171388,4.69802250424463e-20,2.80995913640796e-19,"CCKBR",TRUE
1381.93315430208,1.9350133183854,0.196850996685588,9.82983754700526,8.37537694642171e-23,5.73324772414847e-22,"HPX",TRUE
2.81905186322913,1.78134600775221,0.30832323194448,5.77752768261386,7.58062525273003e-09,2.35499737931208e-08,"APOA5",TRUE
1.5279442234791,2.44842824269237,0.504626042151103,4.85196568979139,1.22243774586627e-06,3.16100971251501e-06,"APOC3",TRUE
31.0576150756902,1.5347571716482,0.176787276652137,8.68137798552176,3.91002367211858e-18,2.12165730058634e-17,"UPK2",TRUE
62532.5997616584,1.50586802093189,0.308995860504223,4.8734245775157,1.09680152656066e-06,2.8458551091955e-06,"SCGB2A2",TRUE
4.43201103834147,1.63394720271325,0.348540749280151,4.68796605874028,2.75933767797511e-06,6.90154231463872e-06,"CALCA",TRUE
13453.9070900375,-2.08831418525,0.0933612293955399,-22.368109318725,8.04758210885804e-111,8.64014039349038e-109,"VWF",TRUE
244.351777042198,1.56663637692447,0.138699782140516,11.295161050342,1.38649661564353e-29,1.29079365684156e-28,"CYP27B1",TRUE
37171.4910091475,1.70054624492846,0.111785120934568,15.2126350153868,2.91567029242349e-52,6.24517765861031e-51,"KRT18",TRUE
5240.83100549929,-1.65511019414458,0.0772896871018401,-21.4143730710636,9.81556979683624e-102,8.47279984862904e-100,"TNS2",TRUE
2168.20326334701,3.45144367042908,0.127168503525041,27.1407115343575,3.25924171979679e-162,9.76867171016871e-160,"FOXM1",TRUE
12.5490905311242,2.00149579218672,0.24232743275691,8.25946847790243,1.4632256734713e-16,7.34676827210577e-16,"PRMT8",TRUE
714.266160307967,2.29363028318816,0.105536888681278,21.7329723459531,1.00107872659067e-104,9.37235527975129e-103,"RAD51AP1",TRUE
45.9871986376428,-2.0807258315098,0.196488808607637,-10.5895386421969,3.33230135940519e-26,2.66930450393333e-25,"KCNA1",TRUE
6212.58388844575,-2.27784225603313,0.108016819299478,-21.0878479000367,1.02834433882656e-98,8.35844475776919e-97,"ALDH2",TRUE
8270.71513737336,1.54783984102918,0.114052388443967,13.5713058020668,5.92568685804299e-42,8.86490969820227e-41,"OAS3",TRUE
7219.87705998072,1.67933841164015,0.130539999271735,12.8645504903398,7.12552399667331e-38,9.26876478892164e-37,"OAS2",TRUE
143.592982453735,-2.83257367349444,0.214555096769403,-13.2020805664608,8.5344843979643e-40,1.18325842151024e-38,"RERGL",TRUE
272.267268677098,-2.52729476565048,0.13838319657685,-18.2630176796572,1.63026733094866e-74,6.89826843173963e-73,"ADGRD1",TRUE
24.3173187017166,1.82451397867577,0.21958248577175,8.30901413773181,9.65004258022807e-17,4.88672812111514e-16,"IFNG",TRUE
2941.3436870209,1.52370658759987,0.0698289573067835,21.8205547722228,1.48052447539566e-105,1.4105835840635e-103,"TIMELESS",TRUE
846.441000890765,3.21330885045688,0.116324478065359,27.6236687574169,5.78337404369302e-168,2.01298728811121e-165,"CDCA3",TRUE
2794.76517070268,1.52596316352912,0.122088878838778,12.4987892266928,7.57968964898801e-36,9.1074444668798e-35,"ENO2",TRUE
1.13446685584301,2.287512746425,0.459390857157908,4.97944769858297,6.37659816998175e-07,1.68956950713004e-06,"APOBEC1",TRUE
1.16448292569496,-4.95757889135255,0.339382956375443,-14.6076248032568,2.51121208170758e-48,4.7226106076906e-47,"GYS2",TRUE
34738.1560178255,1.52255879439272,0.122775812350301,12.4011298744137,2.57664519211454e-35,3.03764016639343e-34,"COL12A1",TRUE
97.342858219272,3.126323299687,0.184497178188178,16.9451008974149,2.09174945760478e-64,6.3947413304603e-63,"ULBP1",TRUE
676.853854683924,1.66048743683775,0.219991118220316,7.54797489221727,4.42078120177082e-14,1.94021676498301e-13,"RBM24",TRUE
147.228675622791,-2.62935350803634,0.130880333927028,-20.0897524413586,9.07132223160736e-90,5.90525290371303e-88,"FHL5",TRUE
8.57670678035071,3.99203029254539,0.541271858409808,7.37527774725532,1.64002780481533e-13,6.96757555427006e-13,"PRDM13",TRUE
177.604764860304,-1.5114652937612,0.222132442589259,-6.80434283323496,1.01511540344033e-11,3.85333164577699e-11,"SIM1",TRUE
1.36144232980767,1.68422776684079,0.305794917764178,5.50770359152805,3.63544853531206e-08,1.07015385884646e-07,"HDGFL1",TRUE
41.7799277223814,2.04555325967421,0.285487334765172,7.16512787285917,7.7713979887037e-13,3.17596380259873e-12,"COL9A1",TRUE
182.595006610999,-2.69282886119238,0.122237676246138,-22.0294506889192,1.50385897997001e-107,1.50246651795152e-105,"GPLD1",TRUE
323.843612580434,-1.6079780483273,0.109235781862235,-14.7202502780201,4.77888405527896e-49,9.22848482442237e-48,"SOBP",TRUE
3.97857843242492,2.92210341724975,0.37501658831372,7.79193109933917,6.59927192178267e-15,3.04364796050588e-14,"UNC93A",TRUE
42.2377460923328,-1.66685702129921,0.129459778393907,-12.875481805843,6.18518957380866e-38,8.0554159651593e-37,"PACRG",TRUE
6.02274028756397,2.20153355262605,0.339993186354315,6.47522844864243,9.46685991660971e-11,3.36870042048706e-10,"C6orf118",TRUE
928.342931702059,2.88408135264712,0.119756493810459,24.082880692982,3.77844012252058e-128,6.03990650696252e-126,"TTK",TRUE
6937.25568000242,-1.50601718943887,0.0861705808950898,-17.4771618549538,2.13883064852741e-68,7.40272099362012e-67,"LAMA4",TRUE
552.109794354407,-2.48218810945585,0.120928918449868,-20.5260093389892,1.26117040889651e-93,8.99704377652454e-92,"CLIC5",TRUE
1594.35877780338,-1.94165646467785,0.20909167002532,-9.28614929730448,1.59971264737769e-20,9.80732924159393e-20,"C7",TRUE
1874.61826801481,-3.12849826329969,0.130366793062405,-23.9976622099013,2.94154306183073e-127,4.65043950727525e-125,"GHR",TRUE
1689.27239493359,3.3874347036531,0.114323580917507,29.6302361810849,6.09672900490436e-193,4.50647689696645e-190,"KIF20A",TRUE
7672.2438508298,1.6829868345432,0.13671882893092,12.3098394544731,8.0182527421051e-35,9.27298468245595e-34,"MRPS30",TRUE
18.5817877381804,2.1533208593634,0.191894892301702,11.2213557825077,3.20321507219669e-29,2.92966226988788e-28,"IL12B",TRUE
10.3157298445147,3.13944789883358,0.481082142338077,6.52580427029727,6.76375994475671e-11,2.42925754527502e-10,"GABRG2",TRUE
3529.37578822818,2.4605482055352,0.0918564415419748,26.7868879332848,4.59362476080538e-158,1.27090285048949e-155,"LMNB1",TRUE
1272.26381298006,-2.00452498743205,0.174976498983204,-11.4559669388771,2.19499936078703e-30,2.11134772479537e-29,"NPR3",TRUE
246.306707955404,-2.03354284315585,0.203210012443925,-10.0070996438574,1.41850193414455e-23,1.00910735911783e-22,"SLC27A6",TRUE
1053.44896794593,-2.07022746420025,0.104939412061562,-19.7278355532025,1.24382967933791e-86,7.38427633565671e-85,"FGF1",TRUE
4048.11935351736,-1.69508772363754,0.0793968316799224,-21.3495638021307,3.93595064391421e-101,3.35722588520429e-99,"NR3C1",TRUE
3044.27467067179,-2.52752109854325,0.11222371222501,-22.5221662020549,2.51756473203734e-112,2.76483699325016e-110,"LIFR",TRUE
484.367104361697,2.30306359876248,0.190664719092445,12.0791282714754,1.36155534001766e-33,1.49986545367949e-32,"UNC5A",TRUE
3475.65250235094,1.50953344242788,0.0940378329846048,16.0524056596988,5.49906319107869e-58,1.3887628281273e-56,"SMC4",TRUE
27.469635153991,1.9414067828925,0.200563041509833,9.67978331539869,3.67494037238746e-22,2.43081113367422e-21,"RBP2",TRUE
358.273633429909,2.40440345271282,0.271398275634277,8.85931735230653,8.05058892387598e-19,4.51661793779393e-18,"LRRC31",TRUE
3311.5751370231,1.89506690661596,0.0839637102607589,22.5700710548713,8.53087713053959e-113,9.48950146788888e-111,"ECT2",TRUE
2.39958752745569,1.56908988472719,0.228289885008179,6.87323437335377,6.27623211643821e-12,2.41859087629887e-11,"GNAT1",TRUE
198.518783132173,-1.55525883210429,0.128691832442727,-12.0851401567884,1.26554174014211e-33,1.39587992600393e-32,"HYAL1",TRUE
2171.59846587182,-1.53785036354233,0.0740528160258466,-20.7669396799924,8.61769794623136e-96,6.4017184743433e-94,"GBE1",TRUE
933.89351530924,1.58431551872396,0.125031086829445,12.6713728473394,8.52099303215338e-37,1.06629764937008e-35,"C3orf52",TRUE
2876.20662950985,1.72873338250567,0.117242815135011,14.7448982738511,3.31819404916049e-49,6.45104752980931e-48,"PODXL2",TRUE
1529.69546741957,-2.11025206954504,0.0899573351355743,-23.4583657504381,1.08600611737092e-121,1.48329189954839e-119,"PLSCR4",TRUE
176.227626156347,1.99450691408795,0.215013175252401,9.27620789631438,1.75617743244404e-20,1.07451967655635e-19,"PEX5L",TRUE
47.6426093602108,-4.01328111722498,0.295537920690147,-13.5795809480323,5.29283863297105e-42,7.94293864391622e-41,"AADAC",TRUE
76.2801135611,2.3501134556928,0.19504831366351,12.0488786165418,1.96606429060112e-33,2.15041395799149e-32,"CCL20",TRUE
434.113909255218,3.28240548673147,0.128059197389598,25.6319386162113,6.72312457475431e-145,1.42940914604136e-142,"CENPA",TRUE
304.130346958956,1.51476223230522,0.132036434953107,11.4723048440621,1.81752841324584e-30,1.75373410050727e-29,"PCSK4",TRUE
667.178846037319,1.6005944182243,0.227104932012554,7.04781883880807,1.81744038256314e-12,7.26034125429703e-12,"GRB14",TRUE
1223.14924551062,-1.71467915658952,0.118671038392515,-14.4490111472528,2.54310721888749e-47,4.60598017487134e-46,"CLIP4",TRUE
9.16548112916971,2.13696857308943,0.208207433131421,10.2636516907663,1.02746204401273e-24,7.71221944688509e-24,"TLX2",TRUE
21386.9083489679,-2.04236902762591,0.067729020979649,-30.1550059056604,9.22197301671329e-200,8.29209073752803e-197,"SPTBN1",TRUE
281.68429858898,-2.55936661299063,0.172131312976635,-14.8686869851393,5.26355292693164e-50,1.04785490925447e-48,"TACR1",TRUE
136.558566503174,-3.3304107759481,0.22970037813971,-14.4989346683724,1.23044750575502e-47,2.24645153757981e-46,"ACADL",TRUE
7605.09067792265,-1.92110487618686,0.132392530139486,-14.5106742364001,1.03696269059701e-47,1.89963114287636e-46,"EFEMP1",TRUE
2.3231258748497,3.03221196096537,0.77484229076152,3.91332790829641,9.10327835878766e-05,0.000194359383608843,"REG1A",TRUE
274829.317245939,2.8718772085197,0.122202738649862,23.5009234674213,3.99101608692433e-122,5.53865769490849e-120,"FN1",TRUE
230.926321277929,2.53128912746762,0.164465378852033,15.3910150886223,1.88058727419549e-53,4.16450214234363e-52,"OTX1",TRUE
244.828953001131,-4.95803737028075,0.279174636121209,-17.7596268742986,1.45196568719346e-70,5.43040199820361e-69,"SMYD1",TRUE
18890.1070301154,1.5436584105413,0.145652650978024,10.5982170607674,3.03715084416507e-26,2.43649498948261e-25,"MLPH",TRUE
170.699442124421,-1.55133565135894,0.12758098128592,-12.1596152947144,5.09982844524144e-34,5.7082104693107e-33,"TPO",TRUE
50.2095968034665,2.53643355322877,0.118123975541417,21.472639585682,2.80618521117659e-102,2.4717337492731e-100,"PROC",TRUE
185.221395649427,2.10264334937067,0.263875585985375,7.96831333038595,1.60854607203365e-15,7.67634326282312e-15,"DLX2",TRUE
47.2541940709845,1.51946004330056,0.26253296967184,5.78769228565784,7.13599795086218e-09,2.22102597215845e-08,"LCT",TRUE
22585.18830332,1.92929550065946,0.113721472091154,16.9650943237266,1.48860456597036e-64,4.58260863532672e-63,"SDC1",TRUE
74.2349494773773,4.53522693347176,0.237869692077731,19.0660142276122,4.83805247746329e-81,2.4711283423351e-79,"KISS1R",TRUE
11310.7188063493,-1.96434729202441,0.0828326318134211,-23.714655070348,2.54584878614293e-124,3.69962402727033e-122,"EPAS1",TRUE
59.2842361189496,2.34390388853982,0.185153088842412,12.6592751068537,9.94130521713e-37,1.24043577094921e-35,"TNR",TRUE
187.057771779617,2.46546898202803,0.246085922396427,10.0187323111329,1.26110049702158e-23,8.98466448521815e-23,"TPSG1",TRUE
75.0962197119821,-2.53033308847164,0.171084169987376,-14.7899895627886,1.69980161555955e-49,3.33470171488865e-48,"PAPPA2",TRUE
339.445547039393,-3.05181044027503,0.148679739895427,-20.526067925741,1.25965111649642e-93,8.99704377652454e-92,"ANGPTL1",TRUE
161.106860913327,2.79175581416831,0.202394363257365,13.7936440977772,2.78337015603404e-43,4.38111801365534e-42,"OPRD1",TRUE
60.933588532984,1.57602841258888,0.15956455503931,9.87705829907281,5.23470523519573e-23,3.62125144976836e-22,"DLGAP3",TRUE
1105.70144642462,-2.96898808215692,0.115192217958446,-25.7742071016286,1.72613084847459e-146,3.76261653637188e-144,"LEPR",TRUE
662.734274548717,-3.57475162565457,0.204890104824045,-17.4471657805265,3.61742450044237e-68,1.24108141048563e-66,"PRG4",TRUE
2569.91808481376,-1.96967457335533,0.142416107570679,-13.8304199360161,1.67042492152869e-43,2.64570787571296e-42,"RGS2",TRUE
6.92764963117238,-2.64218543676416,0.241888664891586,-10.9231469690751,8.9345418534818e-28,7.6739268934582e-27,"RPE65",TRUE
40.6006588325442,-2.01609417398227,0.194779514164419,-10.3506479243008,4.1566317979838e-25,3.17297892467246e-24,"AMPD1",TRUE
3.65019602446146,4.05917739925618,0.441104507228693,9.20230315658887,3.50358261390221e-20,2.10957904040206e-19,"ZP4",TRUE
393.185612097844,1.70785635244327,0.159969648311132,10.6761274433859,1.31649565673778e-26,1.07328962117118e-25,"KMO",TRUE
1616.04524068985,2.35621670064435,0.112353710501715,20.971418657405,1.1964285908174e-97,9.40580291068834e-96,"MFAP2",TRUE
154.684851485036,7.0057686503896,0.340552017935968,20.5718019022482,4.91071809303085e-94,3.53244321492019e-92,"ACTL8",TRUE
755.807697463385,1.82871885309264,0.134038594206966,13.6432261462617,2.21538790168414e-42,3.37151416913566e-41,"RGS4",TRUE
320.746515339731,1.75395878537476,0.225466974270802,7.77922705108966,7.29689980070828e-15,3.3578653950162e-14,"PLA2G2D",TRUE
2233.38311308697,1.61898054113694,0.0872565486234941,18.5542582955318,7.53400716231988e-77,3.41204353752074e-75,"GALE",TRUE
6937.25598278346,1.53219145284858,0.103909602217544,14.7454269879775,3.29230907060848e-49,6.40360790840298e-48,"SLC2A1",TRUE
2286.06234321031,3.54818402212166,0.130010173406047,27.2915874901573,5.3381193946407e-164,1.66951618168618e-161,"CDC20",TRUE
266.982914015601,3.21529507644397,0.154494335949279,20.8117343376236,3.38861715227407e-96,2.55240342569196e-94,"ARTN",TRUE
5619.0452399359,2.45465734057932,0.179763716848628,13.6549098094489,1.8872284945428e-42,2.88022566564594e-41,"TSPAN1",TRUE
1802.74007313332,-1.69490831474636,0.133124869641948,-12.7317181177716,3.9407096287444e-37,4.98771341866886e-36,"F3",TRUE
447.169554856843,1.86289149502444,0.104733168902698,17.7870250135862,8.90858479167549e-71,3.34925539728845e-69,"TNFSF4",TRUE
242.135673826488,-2.75615512228628,0.144716009573677,-19.0452675582039,7.19176173215919e-81,3.64743168460624e-79,"HSD11B1",TRUE
16.1349694375457,3.19453867241919,0.212696426005119,15.0192400146033,5.49339278730486e-51,1.13117763692785e-49,"PLPPR5",TRUE
11423.5858760657,1.79111209402365,0.0988378402546013,18.1217243255199,2.14757749025973e-73,8.74428721505754e-72,"STMN1",TRUE
1467.79439759963,4.25332616401755,0.111460905454335,38.1598027279628,0,0,"NEK2",TRUE
224.604550553373,-2.20272425318427,0.160787586620626,-13.6995914888725,1.02097084533643e-42,1.57487854484347e-41,"PROX1",TRUE
6567.35001487579,3.27916438333057,0.111014877850072,29.5380623465546,9.3479807469433e-192,6.61407949242743e-189,"CENPF",TRUE
5202.0442666621,2.87362959871509,0.245923220315688,11.6850681892757,1.51957562847423e-31,1.53199916199364e-30,"MUC5B",TRUE
13.496134358261,-1.64215148056767,0.14588070472211,-11.2568107187021,2.1437733002012e-29,1.97619085084758e-28,"TREH",TRUE
15.0004051089031,2.01230306631597,0.205013522398954,9.81546506186091,9.6591564964808e-23,6.5932183202295e-22,"APOA1",TRUE
84.2728333664545,2.37769837490951,0.217353031757637,10.9393384379418,7.47433086845133e-28,6.4389644766938e-27,"SLC8A2",TRUE
713.457296802175,3.53200193237275,0.128603395793331,27.4642975839361,4.6894012766997e-166,1.56895007056092e-163,"KIF14",TRUE
185.496453366821,-1.67822620859487,0.100385740719589,-16.7177748210547,9.72843402752947e-63,2.81043649684185e-61,"FILIP1",TRUE
8.93428713466136,1.77126144922759,0.243190878725253,7.28342057281141,3.25460574480608e-13,1.36113162738208e-12,"ADGB",TRUE
964.200335467891,-1.67777301637262,0.116111498120358,-14.4496715961194,2.51883959327979e-47,4.56394277271014e-46,"PLAGL1",TRUE
2.06064937213922,-2.39797307677619,0.232911177543138,-10.2956547730821,7.37163331195906e-25,5.56612480308175e-24,"TCF21",TRUE
759.049566473367,-3.35896614621149,0.121636928052209,-27.6146907028904,7.41331700202598e-168,2.53935525244001e-165,"SLC16A7",TRUE
22.7183601132601,2.04609343223865,0.336897009844145,6.07334993321908,1.25269063854055e-09,4.12277931671572e-09,"GHRH",TRUE
198.168716662908,-3.43065554902069,0.157388461417134,-21.7973764920941,2.45701962080029e-105,2.3302285460729e-103,"CASQ2",TRUE
16.314984311362,3.88535213269325,0.49672510728547,7.82193626959211,5.20169437318178e-15,2.41247720982727e-14,"OLFM3",TRUE
13614.4178712197,2.33743916874462,0.155554312353239,15.0265147483451,4.92231319303443e-51,1.0155212113354e-49,"SPP1",TRUE
122.265368985738,-1.70160162410654,0.091437663609447,-18.6094171366244,2.69533620150021e-77,1.23756074953988e-75,"STBD1",TRUE
70.6323066266434,-1.72852723171863,0.176511081435107,-9.79274058979755,1.20971676275044e-22,8.21708773690729e-22,"TRPM6",TRUE
12.4034986834837,-1.56532694386645,0.270111088291211,-5.79512286507412,6.82711811169874e-09,2.12703687072055e-08,"GDA",TRUE
3504.57099672203,-1.7214354329434,0.0803565193259578,-21.4224738376308,8.2489642532132e-102,7.13477549436236e-100,"KLF9",TRUE
392.466785504547,-2.92349020626288,0.219672699044053,-13.3083911609635,2.06888833616006e-40,2.92572806647012e-39,"ECRG4",TRUE
5260.65679566772,1.57418139700136,0.0791316817507953,19.8931876863029,4.66156007928973e-88,2.91161987007445e-86,"DYNC2I2",TRUE
532.470769829478,-2.09792202172019,0.157441373002516,-13.3250998877319,1.65411250934567e-40,2.34995049056481e-39,"NR4A3",TRUE
225.834546478928,3.36093165416097,0.241788539139196,13.9002934801062,6.3082177431577e-44,1.01250530976083e-42,"ONECUT2",TRUE
717.366645509308,1.75700885957347,0.0934303165323281,18.805553965618,6.80080385638751e-79,3.25413186742445e-77,"GPR68",TRUE
3365.1260186175,-1.52241121645428,0.0644260831752034,-23.6303549963477,1.87952942829464e-123,2.67724389852134e-121,"RHOQ",TRUE
399.268907686651,-2.47810075506535,0.118859630591285,-20.8489690127562,1.5574208724117e-96,1.18134068283461e-94,"KLHL29",TRUE
604.225159256278,-1.78046925380627,0.0847104863737196,-21.018286283369,4.46256994636606e-98,3.55358890932028e-96,"CNRIP1",TRUE
0.712547213293123,-1.9648881040635,0.354622056659776,-5.54079495948729,3.01101608219542e-08,8.92367328898952e-08,"TECTB",TRUE
61.0931626702192,-1.81381736222436,0.167138787107477,-10.8521630054548,1.94760955674911e-27,1.64982980312643e-26,"ELOVL3",TRUE
6.75927532769396,3.87197461054497,0.436163616085145,8.87734434453403,6.8475564075014e-19,3.85420624084195e-18,"NKX2-3",TRUE
4815.64884550026,-4.43012800514601,0.106123907508945,-41.7448632370855,0,0,"GPAM",TRUE
1029.87915931499,1.77997699505598,0.0904204250741398,19.6855632297293,2.86731831980009e-86,1.68372052629349e-84,"HELLS",TRUE
762.65860830948,-5.04351579789156,0.158229348228351,-31.8747176447502,5.98392633015962e-223,1.07610941837371e-219,"KCNIP2",TRUE
311.227653425915,1.92783541157955,0.210290238208637,9.16749834895746,4.84123172015335e-20,2.89280854273596e-19,"HOXB5",TRUE
12.5574399947997,2.06290873747818,0.256471555794311,8.04342115479121,8.73644265192448e-16,4.22671073710414e-15,"HOXB1",TRUE
11588.3352418964,-2.01137520211048,0.122522065560971,-16.4164323618063,1.45896735940252e-60,3.95037837087911e-59,"DUSP1",TRUE
931.807694993875,-1.86861133301099,0.0970674423549241,-19.2506497305087,1.39403648522624e-82,7.40056761406699e-81,"TEK",TRUE
1.59114778625778,-1.70707793305859,0.207365208177019,-8.23222925420224,1.83761138682788e-16,9.19125129858515e-16,"EQTN",TRUE
0.229938439327792,-1.83023168032655,0.584373357762691,-3.13195606201778,0.00173645860160891,0.00318903677483683,"IFNA8",TRUE
1259.61890603024,3.2530855826162,0.317383830281641,10.2496890901136,1.18724810029539e-24,8.88840034843872e-24,"GRIA2",TRUE
681.938753720756,-1.96517958554093,0.0874857452755771,-22.4628547125099,9.58292605858163e-112,1.03658919470773e-109,"MYCT1",TRUE
62.117131743114,-2.24955361138726,0.165816915790675,-13.5664904913987,6.32801239973556e-42,9.4569603591616e-41,"TP53AIP1",TRUE
1.52107670382448,2.01493661116447,0.358545719628734,5.61974805681935,1.9123612550808e-08,5.7545500780372e-08,"LYZL1",TRUE
110.596212195281,-2.11701025630006,0.138508318201325,-15.2843546423179,9.72212957076716e-53,2.1138897343794e-51,"IQSEC3",TRUE
21546.434190245,-2.68701123729968,0.142031030500689,-18.9184801928664,8.03378437009753e-80,3.9357336369286e-78,"EGR1",TRUE
19.657328106435,-1.62846041225646,0.326183324181718,-4.99246985216582,5.96120209986273e-07,1.58378259544522e-06,"CHRNA2",TRUE
53.959164019064,-4.57189296009083,0.186587367851289,-24.5026928282447,1.38267669557392e-132,2.42586691792563e-130,"ADRA1A",TRUE
168.745385034604,1.70543458006011,0.18242818536013,9.34852570447612,8.88778999095452e-21,5.52415057617508e-20,"TEX14",TRUE
998.397058851117,2.78423479465491,0.10599784336123,26.2669004044405,4.58303105470914e-152,1.11125629393959e-149,"NCAPH",TRUE
1.8072455437999,2.05976645614228,0.250668487941367,8.21709371233004,2.0849414355182e-16,1.04066233788557e-15,"MND1",TRUE
1.68021324935718,2.74863721952461,0.608361152154505,4.51810114730426,6.2396677496203e-06,1.50921351756115e-05,"PRB2",TRUE
1.06336417029085,2.17998326870307,0.773266636825898,2.81918702409231,0.00481454569461089,0.00832048499156747,"IAPP",TRUE
74.2048293269643,2.27155306975996,0.125958314617186,18.0341653241684,1.0506997685784e-72,4.19502331284399e-71,"CD80",TRUE
501.358721146549,2.43820630290889,0.105966452652092,23.0092283160029,3.76819198281416e-117,4.60722849796769e-115,"KIF18A",TRUE
6313.19743978724,-2.03010882008249,0.0685155797608755,-29.6298860371279,6.16038315386981e-193,4.50647689696645e-190,"CAT",TRUE
20.156883921285,2.29871033746838,0.178872141052485,12.8511367054856,8.47555889308869e-38,1.0995044238825e-36,"GJA3",TRUE
1964.44392331882,1.9763321302482,0.143794054011986,13.7441853477714,5.51907857328706e-43,8.59629849235184e-42,"ADGRB2",TRUE
6.06328391333621,-1.57990000730591,0.137349315493613,-11.502787630415,1.27722577946707e-30,1.24043799824029e-29,"HCRTR1",TRUE
1.30355610855258,2.28255007908252,0.413281702061886,5.52298847903198,3.33281597364053e-08,9.84419149643476e-08,"GHSR",TRUE
219.187260280341,2.10929265767544,0.136234243356947,15.4828375428995,4.53041431454123e-54,1.02266046974686e-52,"CSMD2",TRUE
107.180729805688,-2.81622626168463,0.165264722749399,-17.0406981891413,4.09809924653324e-65,1.28076729529598e-63,"XPNPEP2",TRUE
50.5189966464365,1.88023259828513,0.221220801872247,8.4993480828758,1.90658393619002e-17,9.99249091511371e-17,"OBP2A",TRUE
4.59587544528206,2.97658997835554,0.331846067864085,8.96979131774635,2.97076738181477e-19,1.70344519993524e-18,"MYOG",TRUE
116.535190694957,-1.62380342993586,0.103750125824859,-15.6510984157938,3.26534475459358e-55,7.64274835185787e-54,"LDB3",TRUE
5.48300435982968,-1.54702655871102,0.174326798257579,-8.87428997821203,7.03809650445871e-19,3.95887195532957e-18,"OPN4",TRUE
257.203168425777,-2.0627239319019,0.18027995636059,-11.4417818460978,2.58520775390173e-30,2.48060397195195e-29,"PTGFR",TRUE
771.808050131758,-1.70602345787103,0.0764323486314496,-22.3206991335217,2.32623786922182e-110,2.46684094436398e-108,"EEPD1",TRUE
298.191885631514,3.90563447545773,0.369869251670124,10.5595003040184,4.5909919777626e-26,3.65787730773923e-25,"NXPH1",TRUE
1313.75255891723,-1.86712911433358,0.0992766827406721,-18.8073277912684,6.57705895443577e-79,3.15056453355658e-77,"FAM126A",TRUE
61.0528455793176,-2.00896922273141,0.167671500737805,-11.981578347491,4.43793000758209e-33,4.7753941442843e-32,"HOXA7",TRUE
4461.01810029343,3.41645822352589,0.115268608246246,29.6391036163757,4.68642641460263e-193,3.5485291939342e-190,"INHBA",TRUE
1311.50216955642,-1.53542156652798,0.0939277530772754,-16.3468359055153,4.58160761066232e-60,1.22440981099805e-58,"ARL4A",TRUE
1123.76232449886,-1.74598922789234,0.0925211717789847,-18.8712398937529,1.96630431225046e-79,9.49280694818007e-78,"RECK",TRUE
30.1917023903196,3.68132494927377,0.274464397985507,13.4127594554838,5.09087402938858e-41,7.37075220088599e-40,"SPINK4",TRUE
3647.16534153173,-2.03534817694369,0.0707086009589231,-28.7850155333449,3.30381452885153e-182,1.73893457396624e-179,"ACO1",TRUE
522.232346372644,-2.65373835078492,0.207413255836157,-12.7944491304895,1.76096716311106e-37,2.26065861867559e-36,"CNTFR",TRUE
1.58512542462773,2.46232677507392,0.571786243964865,4.30637637939612,1.65950601020949e-05,3.82976576840132e-05,"ARL4AP1",TRUE
1663.76584675661,-2.18699237609934,0.128928249437555,-16.9628641173677,1.54620399481668e-64,4.75653345803905e-63,"EGR2",TRUE
2374.82903425712,2.58417708763298,0.0916796055648719,28.1870441273271,8.42964329112829e-175,3.60221192519898e-172,"ZWINT",TRUE
1308.09464983744,1.99800121934186,0.0870361595487885,22.9559901275501,1.28385909648019e-116,1.54349188312215e-114,"CIT",TRUE
1773.16083112721,-1.60690978243128,0.0907793787774167,-17.7012643628162,4.09998232512144e-70,1.5163259396079e-68,"SSPN",TRUE
159.488044962339,-1.56712302165769,0.169353351210353,-9.25356959550908,2.1711792449406e-20,1.3216938816874e-19,"NECAB1",TRUE
3751.32671442913,1.50970871960256,0.0785697247892172,19.2148912784502,2.7781546550415e-82,1.45515964698533e-80,"DDX39A",TRUE
66.3470851077059,2.84097554000568,0.208214203097547,13.6444848513754,2.17746778158336e-42,3.31614359397098e-41,"GUCY1B2",TRUE
322.767175877974,1.91729753302943,0.0906565410359712,21.1490258851666,2.81698648738168e-99,2.32025070220216e-97,"CENPK",TRUE
2983.26246211227,-4.01073220135968,0.13601567551565,-29.4872792136243,4.19141314109786e-191,2.91776437370618e-188,"ITIH5",TRUE
1.43603663529766,2.50727871352685,0.846748904528735,2.96106519904185,0.00306577031391262,0.0054400627697434,"NEUROD4",TRUE
4559.67640890376,-1.92550900959238,0.148436942176616,-12.9718989178673,1.76600335477799e-38,2.34308960320376e-37,"NR4A1",TRUE
384.860504817312,-1.77892860008951,0.0967387953133292,-18.3889885575658,1.60954708406542e-75,7.02406998465758e-74,"PDE1B",TRUE
589.364163840007,2.98871414490355,0.164592730554806,18.1582390354012,1.10513047072125e-73,4.56434747524682e-72,"HOXC13",TRUE
28033.4524448298,-1.6652040624337,0.0960245923710389,-17.3414332861665,2.28955837604471e-67,7.66620166874242e-66,"LRP1",TRUE
508.179328427043,3.58487906334102,0.195136327671397,18.3711516257384,2.23616349054889e-75,9.70953885835918e-74,"HOXC11",TRUE
325.14318864495,4.10536775156274,0.278906085172508,14.7195345308565,4.82973192919769e-49,9.32250581682346e-48,"HOXC12",TRUE
1028.70008612254,2.11448227895352,0.0980538725320365,21.5644953570056,3.87116705045393e-103,3.46638111820729e-101,"STIL",TRUE
873.185532429882,3.53319756694903,0.114471911568989,30.8651923299078,3.503520299943e-209,3.87722913193692e-206,"HJURP",TRUE
8544.58360259252,7.12813683781074,0.154787278586504,46.0511800640458,0,0,"COL10A1",TRUE
180.958373863654,-1.58338074229231,0.21900933828282,-7.22974077136196,4.83916849379272e-13,2.00209463374323e-12,"PLP1",TRUE
1.88873200337088,2.05465597409335,0.635187976354247,3.23472113859325,0.00121761589106894,0.00228190628999285,"ESX1",TRUE
563.896181417847,-5.2086488239142,0.165525866202981,-31.4672802710299,2.43599267913198e-217,3.50458146771122e-214,"ACVR1C",TRUE
1913.72614102951,-4.07644452933964,0.174762218488976,-23.3256625178214,2.43456996565733e-120,3.20353779627349e-118,"G0S2",TRUE
89.1437483048967,-2.23757514736683,0.259080923807223,-8.63658780617815,5.79168885301218e-18,3.11604700693101e-17,"C4BPA",TRUE
1895.47727233578,2.66311973436715,0.0938665128302834,28.3713504855798,4.56485872288032e-177,2.07388739452121e-174,"CKS2",TRUE
90.1676808133686,1.87985332063706,0.168998711166509,11.123477260042,9.64384955295229e-29,8.6282866232467e-28,"INHA",TRUE
5.12290053522989,-2.25112188563358,0.237822495611592,-9.46555488724697,2.9200651604592e-21,1.85202075423099e-20,"MOGAT1",TRUE
38.3844990992982,1.62608779427606,0.15716274846323,10.3465217437101,4.33966350163578e-25,3.30801619093254e-24,"SLC12A5",TRUE
1.36275372295102,2.02563514192293,0.636551352038534,3.18220224564115,0.00146159715886624,0.00271159445394889,"SEMG2",TRUE
3136.99240636151,2.22482541342853,0.150353195287951,14.7973271147822,1.52420162698406e-49,2.9970178688215e-48,"PARD6B",TRUE
2.69014795967168,2.03553015199735,0.261152917404076,7.79439943551472,6.47155298106094e-15,2.98601910051946e-14,"GTSF1L",TRUE
198.098890338745,-2.37781946920596,0.301843799210852,-7.8776488880096,3.33598561776734e-15,1.56382251833212e-14,"EDN3",TRUE
1909.3520565687,-2.0202972450082,0.12647911357203,-15.9733665737437,1.95919709667773e-57,4.90481129307487e-56,"PTGIS",TRUE
30.2464123665367,4.84391390221395,0.458738779232403,10.5591986583719,4.60576774432788e-26,3.66897260696182e-25,"C20orf85",TRUE
1836.82552805484,2.04474214599714,0.109473475114491,18.6779687395388,7.48122782871791e-78,3.49447828016737e-76,"BCAS4",TRUE
818.166249663035,2.51532419623181,0.167829526735418,14.9873758519095,8.87926913917481e-51,1.81453246234273e-49,"KCNK15",TRUE
607.135167717692,-5.24449912301699,0.250865851323734,-20.9055919542,4.76255053794312e-97,3.65100677118339e-95,"PCK1",TRUE
259.544456618571,1.82161461634238,0.161602706327488,11.2721788993489,1.80058049353664e-29,1.66516079068013e-28,"ZBP1",TRUE
6.39960307751268,3.6307649211753,0.602795438453981,6.02321233632308,1.70988880101941e-09,5.5730856858479e-09,"MAGEA10",TRUE
661.217745262953,1.89594324016571,0.22279737416354,8.50971986220102,1.74354085660786e-17,9.14797269282703e-17,"CHST8",TRUE
16.2047998371434,2.02132834891526,0.146598743274967,13.7881696920414,3.00282162586478e-43,4.71793889233068e-42,"IL9R",TRUE
356.831522761475,-1.84327650869363,0.124805715336277,-14.7691674514032,2.31555594408007e-49,4.5221445496152e-48,"XG",TRUE
4.74391659754209,2.72675291289897,0.271777203909472,10.0330449856539,1.09099157401465e-23,7.79073400636538e-23,"IL17C",TRUE
143.271325760049,-3.7490417211705,0.194534157918682,-19.2718942589899,9.24880947483984e-83,4.93422270623099e-81,"HIF3A",TRUE
377.306845335885,1.86144998380831,0.244184395927683,7.62313241489678,2.47592663924706e-14,1.10325205192962e-13,"NDP",TRUE
494.131454493666,5.39273975677268,0.209050721467306,25.7963221505364,9.75100155276143e-147,2.1472103419244e-144,"GRM4",TRUE
263.450924904068,2.70405310665345,0.118275487317112,22.8623290251473,1.10192147423555e-115,1.29588367378764e-113,"PACSIN1",TRUE
11.5930927447574,-1.76175285053891,0.185440458697642,-9.50036935257704,2.09147143819046e-21,1.33552163444741e-20,"BTN1A1",TRUE
57.9604969349752,3.11908248925737,0.220493453534931,14.1459187982796,1.97914705309284e-45,3.37895517450502e-44,"H1-3",TRUE
1.92815717483214,2.89652097221819,0.445653794127807,6.49948684468624,8.05944485365372e-11,2.88118644813795e-10,"H1-1",TRUE
1140.34106703217,-2.15591843788311,0.0811144197874158,-26.5787321604879,1.1958706330792e-155,3.12810766810292e-153,"MOCS1",TRUE
230.333264066087,2.75936105081105,0.16210754191748,17.0217931761355,5.66100638804674e-65,1.76358625720406e-63,"H2BC11",TRUE
30.7682733986043,4.61689112615483,0.211318297348802,21.8480424273634,8.11370111913068e-106,7.7819408955929e-104,"OR2B6",TRUE
10607.8531870844,1.5315279800243,0.151237304952053,10.1266547992894,4.20799686387786e-24,3.0678571730569e-23,"SPDEF",TRUE
18.6039227286688,1.916799405639,0.189242556424412,10.1287968301391,4.11683746752334e-24,3.00291879496886e-23,"DNAH8",TRUE
281.709348110231,-3.86196976093364,0.127156142471826,-30.3718694658368,1.29249185688844e-202,1.21269453355011e-199,"KLHL31",TRUE
1043.03552134365,-2.22783773936663,0.116760131577197,-19.0804661597497,3.66971311384713e-81,1.88105484553019e-79,"NRN1",TRUE
3.16290466661093,2.56958206529593,0.376911586016594,6.8174663783957,9.26600800557001e-12,3.52819502003001e-11,"CRISP1",TRUE
99737.5422533355,-1.50774657029573,0.0823687809058976,-18.3048304674834,7.57273186402146e-75,3.23923793113148e-73,"AHNAK",TRUE
38.2755554111422,-1.85265705002457,0.158625791657034,-11.679418779704,1.6240217447835e-31,1.63538913917069e-30,"KIF25",TRUE
209.491732038278,-2.24702803304602,0.113473567987195,-19.8022153784711,2.84885408860538e-87,1.74406443211643e-85,"TMEM255A",TRUE
1.13445931764506,2.13635723172892,0.69747466960143,3.06298898704055,0.00219138124475133,0.00396891101130378,"AMELX",TRUE
309.87651861936,2.35678221890016,0.136366877503613,17.2826588248141,6.35497424687531e-67,2.09214865366238e-65,"SRMS",TRUE
6838.56510007072,-3.4355084299055,0.191739423563511,-17.9175902694187,8.59723723440053e-72,3.33085061971927e-70,"FOSB",TRUE
2.33859721810065,3.33348222420543,0.71424215246961,4.66715974782413,3.05391890534956e-06,7.61143038372046e-06,"DEFB126",TRUE
54.4409937065894,3.22401832853993,0.246223690298106,13.0938591840475,3.56997937367436e-39,4.8636461416599e-38,"PAX1",TRUE
32.5926332113788,5.68935370344131,0.447401706964717,12.7164327155551,4.79244309925685e-37,6.05508911486902e-36,"NKX2-2",TRUE
4.1062832202102,3.06056144651639,0.334397917563125,9.15245366603887,5.56548173329576e-20,3.31410308511375e-19,"CSTL1",TRUE
1.17794575781036,2.06767312527518,0.431130315530352,4.79593536059195,1.61917491151307e-06,4.14051363792534e-06,"CST11",TRUE
193.941068034839,-2.15473386671983,0.151833093561997,-14.1914639040138,1.03475862613689e-45,1.77787349936577e-44,"BMP2",TRUE
781.747294714976,2.96021190984176,0.136896630348844,21.62370178359,1.07499548310237e-103,9.76774843172593e-102,"LAMP5",TRUE
44.0536302725485,-1.6194763524453,0.159962848891674,-10.1240779572637,4.32031343910153e-24,3.14708401741134e-23,"TCF15",TRUE
21.079280767737,3.15553406035493,0.263935380164179,11.9557069552102,6.06155230724132e-33,6.47886571521881e-32,"OTOR",TRUE
6.36448232996872,-1.70898374750877,0.243112119601849,-7.02961148258513,2.07109417846365e-12,8.24084306651526e-12,"CITED1",TRUE
1672.05427355091,3.36486873560507,0.246616487516813,13.6441353515574,2.1879316914903e-42,3.33090412009599e-41,"BPIFB1",TRUE
150.993929396444,-2.71524942115874,0.11632090603541,-23.3427464907484,1.63296885150847e-120,2.16858263480325e-118,"F10",TRUE
22.3877031411887,2.01851020801773,0.178697022211214,11.2957126147962,1.37781910449756e-29,1.28354570580865e-28,"PROZ",TRUE
34.210296147134,2.86417445537501,0.303880431264577,9.42533365329234,4.28740269744419e-21,2.69901254990798e-20,"SLURP1",TRUE
0.783298740207059,-1.73287976207942,0.244904453371129,-7.07573806121611,1.48655423006065e-12,5.97167540668444e-12,"GPR42",TRUE
27.4074888285213,1.94849508752859,0.243330674677069,8.00760154926825,1.16967152038076e-15,5.62673014039609e-15,"KIRREL2",TRUE
421.646152480036,1.76779433722334,0.160214996993191,11.0338880279632,2.62275661019601e-28,2.30734152662168e-27,"CCR7",TRUE
52.3812830653113,-3.49352155721653,0.425735123836208,-8.20585702616489,2.28951746558424e-16,1.13947848033459e-15,"CSN1S1",TRUE
2.59775862188923,2.75391846981995,0.760477786021223,3.62130034623141,0.000293125973721699,0.000592484289131669,"HTN1",TRUE
21382.5769725333,2.89915261945141,0.160310165043367,18.0846462148369,4.21061285046705e-73,1.70159223432732e-71,"IFI6",TRUE
10.710597830419,4.57462563969751,0.706291164197264,6.47696852458406,9.3583704823627e-11,3.33146873984472e-10,"SSX1",TRUE
928.37466948333,-1.56892905412648,0.0836016700284826,-18.766719057071,1.41350053851786e-78,6.70403112554185e-77,"RHOJ",TRUE
1024.55274747214,3.31764461661313,0.114888717483111,28.8770271728453,2.32028375845361e-183,1.26763856980833e-180,"DLGAP5",TRUE
7.95213910945504,2.96078870263438,0.70089726214836,4.22428344713332,2.39702211309784e-05,5.44846610497697e-05,"CTAG2",TRUE
91.2377049053605,-2.7546302749017,0.144840167559985,-19.0184140304924,1.20060600314214e-80,6.02536687158313e-79,"AVPR2",TRUE
62.2589979006941,-1.57770722418232,0.156939048703605,-10.0529934214268,8.91184079390371e-24,6.39034804228084e-23,"TMEM35A",TRUE
3424.91900594469,2.0490900182059,0.140818146363467,14.5513207716638,5.72862191617064e-48,1.06114730430011e-46,"FGD3",TRUE
422.665528906497,2.53172803210671,0.168875505705872,14.9916829058454,8.32175943492265e-51,1.70140756613577e-49,"EDN2",TRUE
79.5196144106832,-3.74336952648369,0.184166292115877,-20.326029717362,7.56843933549519e-92,5.22646146751956e-90,"MASP1",TRUE
1710.1270393432,-1.86121801300361,0.0960220115680365,-19.3832433065083,1.06892955990157e-83,5.89208171205005e-82,"PTPRB",TRUE
245.728848876647,2.23037993300066,0.106665589951284,20.9100229419751,4.34024215108267e-97,3.33912390803437e-95,"AUNIP",TRUE
2159.57872136708,-1.57098073340341,0.108493853692047,-14.4799053581647,1.62320517643339e-47,2.95103350525968e-46,"KLF2",TRUE
175.086722186583,3.18538823455185,0.150005641491312,21.2351229119363,4.52507149835373e-100,3.78492414474704e-98,"SYNGR3",TRUE
921.175186564753,4.0062043157982,0.118205618053264,33.8918266473001,8.79033442488104e-252,3.16159028148221e-248,"PKMYT1",TRUE
1849.33339458214,2.02620989101602,0.142294762404986,14.2395254524493,5.20795012038534e-46,9.00902313410146e-45,"FBXL16",TRUE
1233.55617407673,1.83178166667252,0.0994639616604536,18.4165363624444,9.68031055045107e-76,4.26328778936192e-74,"CHTF18",TRUE
40.5765559754595,5.89868999554543,0.277813090559535,21.2325847700878,4.77620796622456e-100,3.98725601203583e-98,"GNG13",TRUE
70.5159926353115,-2.05401661915838,0.198281049209908,-10.3591171589168,3.80457330581082e-25,2.91041091596588e-24,"IL17B",TRUE
20.463676115565,2.44878931595574,0.245855725417545,9.96026963291938,2.27445017613636e-23,1.60243665690574e-22,"VIL1",TRUE
1896.68684977293,-2.16441944052776,0.0888050300306967,-24.3727122188867,3.33064117282192e-131,5.55021131347467e-129,"GNG11",TRUE
22.5583572296433,4.93551498611462,0.445592392428813,11.0762999323493,1.63490100846338e-28,1.44981153740044e-27,"GNGT1",TRUE
1140.33480672467,-2.46474094680751,0.105388842746339,-23.3871146373617,5.78017604787965e-121,7.79601244457768e-119,"GNAI1",TRUE
436.251724499709,1.58554020627819,0.108920787160371,14.5568192042507,5.28607560029183e-48,9.80855644490951e-47,"LRFN1",TRUE
11897.0459809423,-2.21929533896575,0.122627478712466,-18.0978632380552,3.3127196410912e-73,1.34250685173236e-71,"ZFP36",TRUE
16.4509419956712,1.52762954898945,0.141300644885391,10.8112001203428,3.04657975733389e-27,2.55618939203987e-26,"RASL11B",TRUE
878.656761832318,2.19241765139141,0.112828074542663,19.4314904360297,4.18045500137775e-84,2.33715593082207e-82,"ADM2",TRUE
54.6371871513353,1.74608315480095,0.191214492953019,9.13154190268393,6.7530520280547e-20,4.00194597735604e-19,"VPREB3",TRUE
1165.88945359022,1.51026476152518,0.0979117060132576,15.4247619924086,1.11565693880072e-53,2.48717734910325e-52,"SDF2L1",TRUE
71.699960684444,1.53723591314959,0.172687741477855,8.90182418273576,5.49362407652794e-19,3.10590535948318e-18,"MCHR1",TRUE
79.7650960934821,1.53349576332733,0.189284576019476,8.10153576998027,5.42696833044259e-16,2.65143709691988e-15,"APOBEC3A",TRUE
215.206518266322,1.81908626103064,0.101753058918558,17.8774601998611,1.76705296513037e-71,6.74323660256645e-70,"RIBC2",TRUE
12908.6276254655,-1.53019305393324,0.230278649601771,-6.64496277262117,3.03293722700019e-11,1.11586029083052e-10,"KRT17",TRUE
68.5727034637123,4.81993350664198,0.229852556753461,20.96967540723,1.24107831340971e-97,9.73908000122967e-96,"VGF",TRUE
191.932369300177,-1.93397310292493,0.138464544306823,-13.967280307076,2.4687545450511e-44,4.03909955134213e-43,"FOXP2",TRUE
941.091580506464,-1.58929931333045,0.128597955309816,-12.3586670526878,4.3734854617927e-35,5.10575148853052e-34,"FLNC",TRUE
3.57553095336303,2.31949365046647,0.373600328412383,6.20848932420154,5.34963562110107e-10,1.80991042883689e-09,"FEZF1",TRUE
125.516325591087,-2.43911632220644,0.142521717042281,-17.113997591559,1.16707498851826e-65,3.701025459548e-64,"PDE11A",TRUE
118.245756739545,2.84151159818846,0.225647166548329,12.5927200489791,2.31554333441314e-36,2.83675419566481e-35,"GAD1",TRUE
254.304033903203,-2.73478244431503,0.15156592621748,-18.0435175145561,8.87131904079775e-73,3.5485276163191e-71,"ALDH1A2",TRUE
116.833013419032,-1.64081690657471,0.12652150523376,-12.9686799373999,1.84174856006703e-38,2.43908769108601e-37,"ACKR4",TRUE
506.507615401258,-2.00066756099469,0.223454475333417,-8.95335641861497,3.44834266106578e-19,1.96917794722941e-18,"BBOX1",TRUE
0.711155682510994,1.62540865002984,0.457813144282367,3.55037567254149,0.000384681785196689,0.000767372242978789,"MYOD1",TRUE
357.035626558202,3.31117820829493,0.131197420088566,25.2381350643914,1.52878136004983e-140,2.98562006786202e-138,"E2F8",TRUE
427.815220622847,3.06758084300677,0.125272204067371,24.4873223541037,2.01606291087364e-132,3.4945090455143e-130,"PIMREG",TRUE
6244.30341608214,1.57885093135119,0.0865334866415553,18.2455485457463,2.24472238195025e-74,9.45192370780222e-73,"AP1M2",TRUE
709.482615767384,-1.78248851856002,0.096895006352757,-18.3960823746754,1.41212561794503e-75,6.18127197469649e-74,"ADCY4",TRUE
16820.3342061527,1.84097133296844,0.156036978824328,11.7983015746611,3.98268721206092e-32,4.12410700749878e-31,"FOXA1",TRUE
2743.83952611423,1.62482750183661,0.136704479301585,11.8856932131102,1.40464845671316e-32,1.4757698975594e-31,"EGLN3",TRUE
516.166080455244,-3.64123292893427,0.153675418364064,-23.6943095239085,4.1272033494777e-124,5.97752001890797e-122,"CDO1",TRUE
376.290509489681,4.49332889779776,0.251747946146262,17.8485225662465,2.96784424650065e-71,1.12856526589399e-69,"FOXJ1",TRUE
665.117440847983,-1.89277442101707,0.0997103791418854,-18.9827221329055,2.36993128762516e-80,1.17841283840901e-78,"MAP7D3",TRUE
3.70223690508818,1.92090697025511,0.265608072783801,7.23211064378561,4.75544499505444e-13,1.96881551602333e-12,"ART1",TRUE
1035.99964673254,-2.09682954525897,0.105340653872206,-19.9052262178166,3.66632935329634e-88,2.29664404772525e-86,"CDKN1C",TRUE
248.948496211564,3.24831614805259,0.118328948218514,27.4515762791539,6.652999328098e-166,2.19193474046343e-163,"SGO1",TRUE
23.3508449009806,1.86139611355257,0.168097242795809,11.0733292384435,1.69002982119305e-28,1.49777591545569e-27,"CDH15",TRUE
464.387207160793,1.81782188678015,0.210346228405064,8.64204649906807,5.52149472948526e-18,2.97438482931333e-17,"PLPPR3",TRUE
72.4772449403784,3.97758874923347,0.246458921892678,16.1389521575751,1.35827678270712e-58,3.487401900157e-57,"SYT5",TRUE
37.805426001917,4.04168862797355,0.278379285726738,14.5186399822182,9.23238357816392e-48,1.69345378339802e-46,"TNNI3",TRUE
103.532876016591,-2.95212357500334,0.159784944651692,-18.475605329642,3.24566391600848e-76,1.44564349447808e-74,"PRRG3",TRUE
35.2381934896956,-1.64061669017848,0.16033148159353,-10.2326547093087,1.41584022034938e-24,1.05631225428313e-23,"GALNT8",TRUE
243.149093685483,1.61442253552606,0.148987428925656,10.835964800303,2.32501496556108e-27,1.96144733998468e-26,"FAM155B",TRUE
42.2462865939139,2.44893370688987,0.21059743571211,11.6285067698431,2.95216519148056e-31,2.93922605915343e-30,"GDPD2",TRUE
28.5775036442662,-4.17179878745494,0.180008350800209,-23.1755847376504,8.02866424573302e-119,1.00439753288648e-116,"ANGPTL8",TRUE
2192.61716474077,-3.1554094693961,0.141256402230137,-22.3381695949983,1.57360238324379e-110,1.67282460248281e-108,"CNN1",TRUE
50.7179344375243,-2.6303056036368,0.227319585774304,-11.5709589856825,5.78326143243065e-31,5.68448106180157e-30,"DPP6",TRUE
62.0099774321234,4.24900917384767,0.344195215166698,12.3447653733066,5.19855691817466e-35,6.05422872607713e-34,"NCAN",TRUE
1012.34494014456,4.64321918596078,0.280417314078805,16.5582471296901,1.39602148937137e-61,3.90235022547073e-60,"KIF1A",TRUE
158.187891054174,-1.93398685824292,0.0924615531864819,-20.9166598612327,3.77656197358869e-97,2.91065026393014e-95,"USHBP1",TRUE
2.19299780694071,-1.92665654840931,0.224306405605372,-8.58939602375386,8.74276831822614e-18,4.65332199549439e-17,"MAS1",TRUE
34.4125428118069,3.17626601428966,0.237322668263719,13.3837447451927,7.52580673917745e-41,1.08091121085823e-39,"EPO",TRUE
60.7741024817427,3.39716032139533,0.344000362375125,9.87545564760424,5.31906660911039e-23,3.67843157906112e-22,"CACNG6",TRUE
164.254398338655,3.30763109885039,0.204799245469174,16.1506019774289,1.12458820577971e-58,2.8994759236232e-57,"UNC13A",TRUE
1197.16824031819,2.60116108933163,0.205841017124118,12.636748135398,1.32418091692539e-36,1.64417860686133e-35,"KLHDC7B",TRUE
1237.66648853995,2.3728983423796,0.17484484211326,13.5714517723233,5.91389665162024e-42,8.8503390944497e-41,"GDF15",TRUE
426.029258528471,-1.52058287223342,0.125231697135691,-12.1421565547086,6.3139662991057e-34,7.05255655976713e-33,"IQCN",TRUE
93.7252329010905,1.65795267052267,0.212172331852281,7.81417942692442,5.53222419380549e-15,2.56301842211942e-14,"SULT4A1",TRUE
866.59878754695,1.60720765438203,0.0808054041234912,19.8898535539258,4.98203237409709e-88,3.10280688695571e-86,"CRB3",TRUE
122.948665460158,-2.98520541535927,0.191300429146259,-15.6048025019166,6.75183420018887e-55,1.56335388455017e-53,"TNNT3",TRUE
28133.8233320295,1.9198534540014,0.114663496809057,16.7433708846193,6.32997937230552e-63,1.83480127406787e-61,"COL5A1",TRUE
14.4049243133276,2.05960831147852,0.24302960488673,8.47472188599592,2.35641798680216e-17,1.22889077223757e-16,"CALY",TRUE
101.526122783425,3.20431668847148,0.216345270842773,14.8111242551735,1.24146373306919e-49,2.44664724745508e-48,"MNX1",TRUE
67.088608183102,4.26291780310104,0.336664805885153,12.6622020733443,9.57745958663761e-37,1.1957279599632e-35,"GATA5",TRUE
508.142768832887,1.61456461030944,0.101527728401067,15.9026960982658,6.06954011869841e-57,1.49606711320973e-55,"RBBP8NL",TRUE
8.08261189927301,1.59942052336998,0.150223130426273,10.6469657424357,1.80141293627137e-26,1.45843148245118e-25,"PRDM12",TRUE
191.895364236465,2.6565186588429,0.233753725705977,11.3646045675625,6.27479647071588e-30,5.9377376820017e-29,"FIBCD1",TRUE
143.573660915126,2.58200852804427,0.18472030110735,13.9779358985764,2.12563886628683e-44,3.48169159274913e-43,"PNCK",TRUE
169.270989649093,-4.71828839786185,0.213325517257955,-22.1177872132214,2.13128934821421e-108,2.18495126529514e-106,"SLC7A10",TRUE
151.127021186043,-1.97438616528976,0.165512537225643,-11.9289221130003,8.36495858415421e-33,8.86837662717012e-32,"RGN",TRUE
79.8605223587955,1.80525157982183,0.159719615856011,11.3026291113127,1.27347364927634e-29,1.18942053024815e-28,"ULBP2",TRUE
3039.2931661206,-2.70553109800654,0.116638389118096,-23.195888750377,5.00973085150524e-119,6.30378960789989e-117,"AKAP12",TRUE
4.18338755113477,3.74303314318146,0.444711673516555,8.4167638631643,3.87026692960412e-17,1.99666173418257e-16,"BPIFA2",TRUE
3123.78899779742,-1.69531761393602,0.066986838634668,-25.3082194725134,2.59357150044023e-141,5.18234009069445e-139,"ACSS2",TRUE
95.4500830628044,-2.38910120670251,0.188443960189651,-12.6780460583513,7.82584515645637e-37,9.80730188596564e-36,"GFAP",TRUE
64.4298057047879,2.61336132978646,0.223606396088422,11.6873281601169,1.47968611767296e-31,1.49248078613613e-30,"PYY",TRUE
6.76336442898686,1.8626798534215,0.206947444792346,9.00073859472167,2.24204199923383e-19,1.29367022308733e-18,"CCL25",TRUE
1191.6908610295,2.15062125699168,0.105960349439602,20.296471919598,1.38154978932254e-91,9.47975976266471e-90,"GINS2",TRUE
342.726814905881,2.87991242232317,0.131704696543497,21.8664367931028,5.42309121455849e-106,5.22456733973983e-104,"F12",TRUE
214.785397664843,1.92145311345036,0.123986655365434,15.4972574087682,3.62018699085155e-54,8.18906030006043e-53,"PRR7",TRUE
834.108801367972,1.91169013296576,0.201627406954097,9.4813009890118,2.51132215242087e-21,1.59794580714263e-20,"IDO1",TRUE
1166.59720477488,-3.20739684124199,0.135990560705655,-23.5854372876971,5.43755728543793e-123,7.66944354377454e-121,"GALNT15",TRUE
4772.39764946876,-3.99389208756256,0.125445886631728,-31.8375691288104,1.95631799690031e-222,3.3773873898487e-219,"AOC3",TRUE
80.3202682084361,-2.327151500162,0.119430262115863,-19.4854424576608,1.45912693679213e-84,8.25372458610071e-83,"AOC2",TRUE
165.634385385019,3.90813938414801,0.173657610328462,22.5048552537145,3.72024002310172e-112,4.07526800500179e-110,"KREMEN2",TRUE
67.897784501919,1.8236459447327,0.242818943396763,7.51031167182408,5.89867572785912e-14,2.56795283855558e-13,"BARX1",TRUE
134.270841649585,-2.24165995787575,0.124090330347582,-18.0647432527319,6.04023357247792e-73,2.42508354407579e-71,"CKMT2",TRUE
2.92244389558656,3.30795833934728,0.480785571920268,6.88031948657531,5.97184753770616e-12,2.30458637095313e-11,"KRT34",TRUE
2329.7985341207,-1.55163136227625,0.173027557147769,-8.96753897387061,3.03213218010992e-19,1.73747776013734e-18,"TNS4",TRUE
9303.24285103708,3.50902802394694,0.128491880641077,27.3093366401018,3.28598026854381e-164,1.05054006215075e-161,"TOP2A",TRUE
38.7975735882466,4.7646433879803,0.400849970478158,11.8863508516584,1.39363547804288e-32,1.46455581281546e-31,"LIN28A",TRUE
45.254082245073,5.4312319270797,0.296018681078844,18.3475985612986,3.45028419699852e-75,1.48914265942456e-73,"RTBDN",TRUE
1187.99149147841,2.88086234881621,0.138268804173765,20.8352300870106,2.07515409732512e-96,1.56854029493086e-94,"MATN3",TRUE
1032.49083766411,-3.37402523866276,0.12076881578358,-27.937884600186,9.2524272875113e-172,3.59761046602692e-169,"PPARG",TRUE
7525.93768341505,1.91388569481728,0.0800609490461532,23.9053585751772,2.69393008042749e-126,4.13772321250001e-124,"NUP210",TRUE
114.03388207469,1.66453918686582,0.199088691185772,8.36079225269814,6.22984661836024e-17,3.18653922787898e-16,"FCRLA",TRUE
1087.18040290795,3.07616218621353,0.172636412983084,17.8187332154251,5.05687197133188e-71,1.91283605856866e-69,"RAMP1",TRUE
3.5219686755756,4.34085922690114,1.03827296977666,4.18084584041025,2.90426721535747e-05,6.54081470542832e-05,"FTHL17",TRUE
10768.6265311574,-1.88456154865432,0.192781494397511,-9.77563512796716,1.43255967782755e-22,9.67897240060066e-22,"JCHAIN",TRUE
2882.63108593221,-2.52773264915995,0.138790127024448,-18.2126258066951,4.09812142184099e-74,1.71390426905675e-72,"MATN2",TRUE
71.3536664353008,2.67895627794156,0.17828627011072,15.0261502261383,4.94946782994854e-51,1.02063560220057e-49,"RHBG",TRUE
2087.76737607966,1.99924495027559,0.110432346563854,18.1037985018238,2.97430489170664e-73,1.20649435268852e-71,"TESMIN",TRUE
335.80244292351,2.68602549503965,0.205259723083905,13.0859842090972,3.9599737796374e-39,5.38476585788122e-38,"VSTM2L",TRUE
121.989049770286,-2.80457792876228,0.105843149217086,-26.497491330403,1.03595144647931e-154,2.64566061716256e-152,"DMGDH",TRUE
446.335582069702,-3.15717242272434,0.131974701823793,-23.9225577257956,1.78422587830836e-126,2.77004276646723e-124,"BHMT2",TRUE
19.3992767733961,2.81208889013943,0.519456102558935,5.41352556315456,6.17957674613608e-08,1.78425563529056e-07,"SYT4",TRUE
75.0093850222795,-2.23625512754204,0.19824456068847,-11.2802849156411,1.64213268968281e-29,1.52221750186233e-28,"SLC14A2",TRUE
394.382213293991,-2.1045058462435,0.113087018619831,-18.6096147190714,2.68541553103281e-77,1.23431878934373e-75,"WASF3",TRUE
67190.5678411642,2.15709087668112,0.123015809704056,17.5350703447835,7.73538255779273e-69,2.72315751382002e-67,"POSTN",TRUE
163.71749170246,-2.48317843401419,0.12416449610329,-19.9991020939551,5.60728967152293e-89,3.58534255145081e-87,"KL",TRUE
682.776089416404,3.39522968662165,0.309800708773301,10.9593993508457,5.98955712216698e-28,5.18678341478184e-27,"BEX1",TRUE
478.321352877346,-4.56236895461615,0.210677423125376,-21.6557089361257,5.36986817226681e-104,4.94165267196237e-102,"LGALS12",TRUE
257.076781302129,1.57597213351794,0.171377066391002,9.19593366082195,3.71751979463111e-20,2.23558804982972e-19,"PLAAT2",TRUE
6272.49871384986,-3.2365536361406,0.155589790474728,-20.8018381300301,4.1653639140926e-96,3.13200534028286e-94,"MYH11",TRUE
2114.70004622966,-2.62834056240339,0.115957264852153,-22.6664587661201,9.60140541545385e-114,1.08765526963514e-111,"PDZD2",TRUE
58.6887116515067,1.70637719453367,0.195292123439808,8.7375628083618,2.3819326712447e-18,1.30860761317364e-17,"MYO18B",TRUE
2359.93919604171,2.21950151394945,0.0926279474060756,23.9614670960944,7.01732138856402e-127,1.10535617200884e-124,"C1QTNF6",TRUE
7.30279306279901,-1.72374502019808,0.207508997937026,-8.30684470232559,9.82804370968791e-17,4.9745322682084e-16,"GGT2",TRUE
17.4445823254697,1.62780069118523,0.291055450211888,5.59275110636199,2.23499572745599e-08,6.6890240341863e-08,"SEC14L4",TRUE
1448.88725059014,-1.56309855423654,0.090133661117858,-17.3420066915139,2.26682974296397e-67,7.59599159210597e-66,"GIMAP6",TRUE
62.71279285524,2.17807646153174,0.18521515844136,11.7597095176274,6.29504967192724e-32,6.44742154343568e-31,"DYDC2",TRUE
2180.50098729514,-2.20742073437063,0.144673188582719,-15.2579808048434,1.45687163442112e-52,3.14865196502831e-51,"TMTC1",TRUE
750.865193635158,-4.982540807568,0.145413413034874,-34.2646575964286,2.63855938351902e-257,1.03527475447892e-253,"LYVE1",TRUE
15.3810197092732,2.53660365982682,0.392210741707135,6.46745076074664,9.96700022254208e-11,3.54287374077513e-10,"TEX15",TRUE
4.3626834026767,3.02866046486705,0.441141583996045,6.86550661905907,6.62556926015355e-12,2.55047778512511e-11,"VRTN",TRUE
535.918683886678,3.11391549305597,0.183801285498748,16.9417503506916,2.21436772417502e-64,6.74944286549392e-63,"ADAMDEC1",TRUE
2941.76286352241,2.58044799216241,0.0902131220219576,28.603909656672,6.00708523909843e-180,3.01471859208707e-177,"CCNB1",TRUE
22.1237128924106,-1.56182944451608,0.19167085613695,-8.14849725197731,3.68474422070839e-16,1.81379517068629e-15,"CNTN6",TRUE
788.19127267884,-2.98594877516104,0.162456851659431,-18.3799497815007,1.90144611672603e-75,8.2728240320459e-74,"CHL1",TRUE
565.309459394051,-1.5030497718626,0.108135571302778,-13.8996793909202,6.36257234052285e-44,1.02047053963941e-42,"MEIS2",TRUE
3.88575287709406,-2.25508957128387,0.201945746087154,-11.1668089820057,5.92721458258971e-29,5.3633868606006e-28,"TRPM1",TRUE
8.24090259585742,2.32919758426736,0.257323719595028,9.05162410963519,1.40857450482984e-19,8.21097725938086e-19,"REG4",TRUE
1.14571481513566,-1.8942785900803,0.18014195102087,-10.5154772630438,7.33086934540328e-26,5.78428374675696e-25,"TSHB",TRUE
519.452444315951,-3.79583348773666,0.17942960945189,-21.1550005561062,2.48186466495295e-99,2.0520551520952e-97,"GSTM5",TRUE
656.913055733717,1.87301677059961,0.0914988623039959,20.4703831658223,3.95498712721322e-93,2.79831548213972e-91,"PSRC1",TRUE
2339.18606435598,1.62434869470024,0.138919107978463,11.6927665195782,1.38790672977834e-31,1.40285841820218e-30,"RSAD2",TRUE
151.706898196409,1.71927393252109,0.181107866574687,9.493093618946,2.24277414428875e-21,1.43002115626389e-20,"MYCN",TRUE
431.629757200655,-3.16434007007518,0.215281453100532,-14.6986190612412,6.57876676736103e-49,1.26251477847622e-47,"SAA2",TRUE
124.85254911548,-1.58676391167947,0.24376120135355,-6.50950152390346,7.54005906941736e-11,2.70065518204193e-10,"ANO3",TRUE
3.41648965776576,3.44561786961763,0.569024051399376,6.05531147786104,1.40146218845424e-09,4.59733283071254e-09,"CFHR4",TRUE
1.8891938623997,2.59376881057266,0.373060116182831,6.95268322197567,3.58402885662868e-12,1.40522061638893e-11,"RAX",TRUE
13052.9877004452,-1.87645332555919,0.0934108508547844,-20.0881729305336,9.36450997321421e-90,6.08693148258924e-88,"EMP1",TRUE
279.985825196217,-1.71005083346819,0.148950988289885,-11.4806276420276,1.65077795385094e-30,1.59569040287137e-29,"SOX5",TRUE
285.220826533049,-5.17778069784102,0.22753325175778,-22.756149520304,1.24730033220013e-114,1.43555952900687e-112,"SPX",TRUE
5.38297731301732,2.44361736995466,0.442005571855839,5.52847639384882,3.2302388089716e-08,9.5484629131713e-08,"SOX3",TRUE
1.83697842221646,1.63544719490994,0.506938825737724,3.22612337401847,0.00125479255488606,0.00234729744577333,"MTNR1B",TRUE
277.261055380433,2.50134485835392,0.149025583225856,16.784667465874,3.15994340496733e-63,9.25258869459906e-62,"SPOCD1",TRUE
1316.38415665935,3.03199716340849,0.109763217139971,27.6230712110238,5.8797549015957e-168,2.03016177242296e-165,"CDCA8",TRUE
35.0907466860407,-2.63877368050144,0.178096407227268,-14.816546395201,1.14523020300596e-49,2.26008850305154e-48,"DSC1",TRUE
1.46791938060913,2.04088098409337,0.454492607268382,4.49046024391813,7.10694397942806e-06,1.70883399527641e-05,"CBLIF",TRUE
10305.7632085296,1.62042533085356,0.17048368777752,9.50487024288334,2.00297567401274e-21,1.28014852791929e-20,"FADS2",TRUE
1186.72243259983,1.51704556185983,0.137798410238613,11.0091659202229,3.45184496999508e-28,3.02132688917031e-27,"C5AR2",TRUE
14.5561089137001,1.62586937924805,0.138257356451886,11.7597314238672,6.29341664535228e-32,6.44727895593174e-31,"ACRV1",TRUE
365.024865128862,-4.71044776068867,0.143371153085698,-32.8549199703588,9.68876326349033e-237,2.78778014968162e-233,"KLB",TRUE
11985.3201399648,-2.33233859029162,0.106638570788614,-21.8714351950097,4.86043840452181e-106,4.69298705904164e-104,"ANXA1",TRUE
1061.92988828688,-2.18052771992128,0.14792958043879,-14.7403089595291,3.5515623704267e-49,6.8954310349805e-48,"FAM189A2",TRUE
1390.99721845665,1.69887466958225,0.0995538412378057,17.0648831673318,2.70930798405829e-65,8.50427146123314e-64,"ADAM19",TRUE
662.429571638263,2.24769997630908,0.110406046388017,20.3584862409586,3.90461818687373e-92,2.71811807976565e-90,"SDS",TRUE
1176.68882423592,2.37212799902982,0.148582888620896,15.965014686733,2.23988964054997e-57,5.59130346362851e-56,"OASL",TRUE
403.4649675832,2.11987729381022,0.100872353619684,21.0154439520935,4.73791113254403e-98,3.76589768840885e-96,"RNFT2",TRUE
1374.68477310142,2.72580226275085,0.0992873265459233,27.4536777006488,6.27957243102189e-166,2.08481804709927e-163,"BICDL1",TRUE
470.905841473156,-2.46053192760563,0.111825674819278,-22.0032826234415,2.67873294539248e-107,2.65779572237102e-105,"DTX1",TRUE
13111.1034586689,-4.17457694619121,0.179499042036347,-23.2568201971011,1.21355378967654e-119,1.55883873697737e-117,"CD36",TRUE
141.211813632221,-2.08571469029767,0.371266226538448,-5.61784116412666,1.9335812234074e-08,5.8163761919615e-08,"UGT2B28",TRUE
10.7383807952108,2.0706797066466,0.200216724562045,10.3421914986174,4.5403383609896e-25,3.45549292294677e-24,"FAM71F1",TRUE
561.190207799602,8.13621053715321,0.392771662131139,20.7148613853835,2.54436976894952e-95,1.86760202768472e-93,"CGA",TRUE
118.630442734549,1.72629552633305,0.54007616510302,3.19639272731793,0.00139157560656233,0.00258769509604611,"LACRT",TRUE
1731.78867315362,-3.66706600825722,0.128344595995245,-28.572032813856,1.49594954157203e-179,7.33695252434646e-177,"ITGA7",TRUE
83.2057454958398,-4.21333080596763,0.136277625031923,-30.9172602984581,7.00222491476878e-210,7.9530533505637e-207,"RDH5",TRUE
1541.89871951333,-3.89033184735027,0.196315700728216,-19.8167127383058,2.13614703177849e-87,1.31146665564096e-85,"PPP1R1A",TRUE
750.465961846934,3.52249483450614,0.117824914647208,29.8960100675925,2.21740395638612e-196,1.87653244622794e-193,"TROAP",TRUE
1065.12886405561,2.74158701637197,0.106351499534392,25.7785459384652,1.54322608381277e-146,3.3809968414903e-144,"ESPL1",TRUE
2942.27375803071,1.84927371378388,0.146168015985327,12.6516988091944,1.09481606229741e-36,1.36370162334073e-35,"PKIB",TRUE
426.740727504633,-2.14975349546076,0.100960015960077,-21.2931176269906,1.31483523571972e-100,1.1062044595256e-98,"STX11",TRUE
118.021922711156,3.50981234266678,0.237214399720482,14.7959497686587,1.55572721053109e-49,3.0576132243407e-48,"EMX1",TRUE
2371.5479088935,-2.06452736512608,0.111297315800801,-18.5496599830059,8.20694877892601e-77,3.70902522825598e-75,"CPM",TRUE
1119.34342428373,1.50791068375147,0.194058648781523,7.77038639204958,7.82470658364018e-15,3.59461773443225e-14,"AGT",TRUE
9.64720957049434,3.21060300334033,0.210840255494939,15.2276565772678,2.31750405328654e-52,4.9787692852089e-51,"ZNF670-ZNF695",TRUE
1722.60802421393,1.9389752512458,0.153885529498069,12.6001142379676,2.10838919582317e-36,2.59106143769157e-35,"KCNK1",TRUE
414.37170353199,2.66255775739449,0.17146454147001,15.5283286828151,2.23119384869315e-54,5.08170588441141e-53,"CAPN9",TRUE
19.7108123202075,2.19218662302998,0.172511574023102,12.7074756313823,5.37413979372078e-37,6.77022397831257e-36,"RGS8",TRUE
1.67714617914459,1.79801657298817,0.363272844282215,4.94949347656536,7.44068715331055e-07,1.95984412020556e-06,"CHRND",TRUE
1101.74192594218,-4.9990991549596,0.204180650059263,-24.4837067249448,2.20300926033984e-132,3.8032751870507e-130,"SLC19A3",TRUE
34.2072866368218,-1.5748148457215,0.242407903296224,-6.49654909888423,8.2183302662349e-11,2.93652731427021e-10,"EDAR",TRUE
61.1296998295341,-2.93774639876619,0.148357267287864,-19.8018368258695,2.87034424430625e-87,1.75473169382802e-85,"STAB2",TRUE
38.6770979862189,-2.27562065357804,0.130407314145907,-17.4500998543068,3.43631495979072e-68,1.17988348181836e-66,"USP44",TRUE
1016.8422948153,-2.41948206487059,0.105446705897393,-22.9450701591846,1.65031064409015e-116,1.96760793919699e-114,"SPRY2",TRUE
835.029146008376,-2.17974137179158,0.108392055505128,-20.1097890581886,6.05809046888898e-90,3.96763557871393e-88,"EDNRB",TRUE
45.2311733805208,2.22284847453677,0.240424879613855,9.24550104010396,2.3414112963495e-20,1.42251283150964e-19,"IGF2BP3",TRUE
203.968056136389,-2.80546089719838,0.193640114396056,-14.4880150786335,1.44251358129533e-47,2.62695722230828e-46,"IL6",TRUE
737.510535669191,-2.55434651906333,0.101009836877794,-25.2880966648198,4.31845980758021e-141,8.58915784770331e-139,"ALPK3",TRUE
1367.85868974323,1.55839311821001,0.217864304654692,7.15304473892595,8.48739268920947e-13,3.46168841869477e-12,"CHAD",TRUE
1181.44052422203,1.66702358686795,0.123206372986197,13.5303356998807,1.0354968895786e-41,1.531073852491e-40,"LIMD2",TRUE
696.70212369594,2.22214825537259,0.111744212015463,19.8860255515077,5.37716085694572e-88,3.3440671842331e-86,"BRIP1",TRUE
190.311402597048,-2.21825909454327,0.185112968551812,-11.9832722250489,4.34815593544198e-33,4.68463330438532e-32,"SCN2A",TRUE
4.48211752634686,2.17108517629922,0.332502738838052,6.52952569319035,6.59782933002618e-11,2.37084600685979e-10,"TBR1",TRUE
115.030677726741,2.5725225994478,0.156084063984336,16.4816479900598,4.97111205171177e-61,1.36484221470662e-59,"ERMN",TRUE
1683.11340099315,1.61372973577556,0.173647977922149,9.29310985987433,1.49844832627203e-20,9.20088629419558e-20,"GALNT5",TRUE
200.665973659215,-1.72649608309143,0.188390859595313,-9.16443656980043,4.98064731602641e-20,2.97323289294191e-19,"SCN7A",TRUE
69.0832576718245,1.58201363805844,0.215602791340275,7.3376305947803,2.17408226773724e-13,9.17865505972212e-13,"BLK",TRUE
60.3737590482361,4.62412460486636,0.374542160943571,12.3460723172445,5.11481782048204e-35,5.95831409263171e-34,"GATA4",TRUE
11.6206729844923,2.71658007420488,0.340885797211844,7.96917940384786,1.5973143497795e-15,7.62527235222689e-15,"IL36RN",TRUE
1453.48978837249,-1.62623743709535,0.11185206309331,-14.5391814162488,6.84057542145602e-48,1.2622455544679e-46,"BIN1",TRUE
1466.75772943723,-1.9350909025461,0.0959009573000515,-20.1780144539293,1.52760105151647e-90,1.00966709622436e-88,"GYPC",TRUE
5276.63183380882,1.53255753881747,0.101688292600174,15.0711306054012,2.50784379873091e-51,5.21380242549259e-50,"DNAJC1",TRUE
2486.05247329019,-2.57765081311451,0.112618074331021,-22.8884291302828,6.0584506256076e-116,7.16391038359518e-114,"KLF4",TRUE
201.391045089605,-2.82130186429627,0.155633584490313,-18.1278473636382,1.92134584780916e-73,7.86021675748279e-72,"TMOD1",TRUE
5162.38240892281,-1.84907893797032,0.100837876878968,-18.3371466675137,4.18177425003073e-75,1.80125126378569e-73,"ANGPTL2",TRUE
17.0635669965015,2.59494573290977,0.237889316901704,10.9082062477905,1.05313826947695e-27,9.01138931614301e-27,"WDR38",TRUE
108.566948102423,3.30919197500088,0.304205068133938,10.8781618771186,1.46487050168273e-27,1.24701796553504e-26,"GABBR2",TRUE
2843.67075356958,-2.71211545451827,0.126366350223661,-21.4623232349275,3.50352830138912e-102,3.07342035544622e-100,"ENPP2",TRUE
640.283741528384,1.51877511455737,0.10305147214136,14.7380244357306,3.67375092207063e-49,7.12625122681206e-48,"DSCC1",TRUE
559.492060943145,-1.521803731519,0.12907052182252,-11.7904825209552,4.37029929835172e-32,4.5135706560627e-31,"CCN3",TRUE
1082.72084283793,-2.71039496754822,0.164234556591367,-16.5031953311261,3.47981338856175e-61,9.59059679759419e-60,"IL33",TRUE
986.138346343622,-2.40195043341971,0.208655278160561,-11.5115728420318,1.15355100615335e-30,1.12184005014824e-29,"CCL21",TRUE
9.24763549129178,3.25145692420788,0.378520834531549,8.58990213374074,8.7043434760505e-18,4.63401337641963e-17,"DMRT1",TRUE
315.114908178311,1.89869246086687,0.0945986829875555,20.0710242564016,1.32250843016174e-89,8.54482991703306e-88,"ARHGEF39",TRUE
188.167486672922,2.77574526240389,0.18195396352377,15.2552063645554,1.52013667784124e-52,3.28209599878079e-51,"IGFBPL1",TRUE
2.32120360615566,1.536419146184,0.275263258046696,5.58163540272911,2.38267451611512e-08,7.11570939077833e-08,"SLC22A7",TRUE
115.865553897693,-2.34683778394898,0.134574211956549,-17.4389858935731,4.17414944404134e-68,1.42867795404302e-66,"CAPN11",TRUE
96.8758894577103,2.43380954699566,0.206810041492424,11.7683335365745,5.68361548925247e-32,5.83364671857637e-31,"KIAA0319",TRUE
8032.9743306615,1.57193114478162,0.0982841443026529,15.9937409633548,1.41285809777682e-57,3.55148255678786e-56,"HMGA1",TRUE
16.6013256817799,3.08569805786745,0.239201759500217,12.8999806034648,4.50210482929874e-38,5.89893273929975e-37,"CLPS",TRUE
135.485352333738,-2.70721213332686,0.242554693104064,-11.1612440834751,6.31022814882181e-29,5.70365333828585e-28,"FGFBP2",TRUE
15.3844857195682,-2.26350865317795,0.121725956704838,-18.5951190235172,3.51930850307842e-77,1.60903977746679e-75,"MGARP",TRUE
1903.36326017091,1.56835005214337,0.126993248418119,12.3498695535345,4.87904745511691e-35,5.68980513814768e-34,"GGH",TRUE
95.8166095442205,2.22248951616744,0.176072614530842,12.6225734881567,1.58553796320487e-36,1.96248404049103e-35,"SLCO5A1",TRUE
16633.0323859364,1.89388669073769,0.113524215692493,16.682667034386,1.7521840963346e-62,5.0181994424553e-61,"SULF1",TRUE
5.39727656393073,-1.59654816467308,0.200869142266316,-7.94820023951885,1.89240598215667e-15,8.99319997686433e-15,"NXPE4",TRUE
468.388601708159,2.84374319834716,0.25151064174405,11.3066515938562,1.21643584191532e-29,1.13762450567855e-28,"TMPRSS4",TRUE
18.6963326247938,-2.55112804778341,0.18733731265303,-13.6178319826141,3.13743911651239e-42,4.74629766101208e-41,"MMP27",TRUE
4211.19004564022,-1.64735113528116,0.199685985746274,-8.24970830639226,1.58781610581071e-16,7.96491668140288e-16,"TRIM29",TRUE
255.457171148269,-3.09376826827918,0.111422434131075,-27.7661163338053,1.11334821203932e-169,4.10701784885616e-167,"ARHGAP20",TRUE
7.95353924067803,-1.96801117379887,0.145679385680122,-13.5091946235973,1.38023095139303e-41,2.03036018616643e-40,"FXYD2",TRUE
1682.19840297966,6.20101607837328,0.203508774882753,30.470509598153,6.40934151788182e-204,6.43319023050649e-201,"MMP13",TRUE
13.3173696856491,-1.94434101971953,0.200765236805747,-9.68464984603285,3.50407182331051e-22,2.31992237910848e-21,"UNC13C",TRUE
1561.27828513404,2.63988890155359,0.0977171712389251,27.015609110285,9.68967135909147e-161,2.82571767471884e-158,"KIF23",TRUE
845.879209893368,2.84841115258315,0.105444512737853,27.0133654054112,1.02960041784432e-160,2.98238617678931e-158,"KNL1",TRUE
82.8977424759413,3.35125303966717,0.169285543560289,19.7964514227622,3.19417542655341e-87,1.94443739647454e-85,"ITPKA",TRUE
750.331338476357,-1.50800575898722,0.156686338252838,-9.62436020780452,6.3098360606319e-22,4.13000491927317e-21,"SEMA6D",TRUE
25.6975109675238,1.73232475021027,0.258244846539782,6.70807093896222,1.97214060419604e-11,7.34532175328799e-11,"BRDT",TRUE
154.758881421815,-2.64915283251226,0.124993448250412,-21.1943335398264,1.07712770913904e-99,8.95738572763795e-98,"GIPC2",TRUE
10.5725430007239,-4.40752223761279,0.291963811010898,-15.0961251750761,1.71733168670105e-51,3.58587496845754e-50,"LHCGR",TRUE
143.468680725876,3.01835281883462,0.263746101162601,11.4441609014489,2.51526349327438e-30,2.41456344238706e-29,"SIX3",TRUE
645.158129596924,-1.52905710521124,0.175346235122862,-8.72021634305328,2.77670728821119e-18,1.52026749409102e-17,"LOXL4",TRUE
5.62068562152692,2.85132536469993,0.523716622599314,5.44440493515024,5.19788543917872e-08,1.50807162916748e-07,"LBX1",TRUE
2255.49166030114,2.52439526582827,0.0939522040307541,26.868930770394,5.06911901707765e-159,1.42995540377171e-156,"KIF11",TRUE
1353.01577278696,3.43925985785126,0.115990534386069,29.651211420441,3.27175021172551e-193,2.52158462746559e-190,"CEP55",TRUE
1776.47868335489,-4.92411534351737,0.207492941514861,-23.7314836233342,1.70664985532497e-124,2.50540842706891e-122,"RBP4",TRUE
16.8376858569347,1.78012632663195,0.154057597991805,11.5549401641757,6.96960101730239e-31,6.82878501490968e-30,"OIT3",TRUE
392.203926032555,3.10611624867911,0.123932661903856,25.062934991978,1.26190252848833e-138,2.40989881104232e-136,"ADAMTS14",TRUE
575.490923725395,1.73466653580926,0.0889592888285868,19.4995548936069,1.10741824177227e-84,6.28070582324457e-83,"DNA2",TRUE
954.025776245844,-2.29583014596577,0.159650773377462,-14.3803258662439,6.87699904937553e-47,1.22396403699401e-45,"AOX1",TRUE
1426.281093826,-2.42050657809899,0.0853535345477868,-28.3585980466201,6.5571669476006e-177,2.94799297352544e-174,"FAM13A",TRUE
200.478534161207,1.83519589923751,0.266528576424907,6.88555022449748,5.75646000559347e-12,2.22385261225756e-11,"PCDH10",TRUE
21.1583424739764,4.26999739986098,0.421115831331178,10.1397218583856,3.68146291052408e-24,2.69308371556304e-23,"NDST4",TRUE
11.9523457396715,3.53044899674329,0.265601177598003,13.2922942159795,2.5658845313844e-40,3.61907112335133e-39,"FGF5",TRUE
333.039955817416,-1.76227718730238,0.125037267922708,-14.0940154609883,4.13372646100431e-45,6.95561926147938e-44,"GPAT3",TRUE
11.1793838492803,4.24098390964366,0.325192227529079,13.0414676324465,7.10755710025058e-39,9.53862451638107e-38,"IL21",TRUE
800.398257080416,-2.70250422029819,0.159485958480643,-16.945091881717,2.09207014796338e-64,6.3947413304603e-63,"FGF2",TRUE
10754.6324080328,4.25057997654558,0.247868049717791,17.1485594104809,6.44299572691397e-66,2.0659709923745e-64,"BMPR1B",TRUE
644.556718564701,-3.37059147439062,0.171111270573296,-19.698243506098,2.23231190767349e-86,1.31621013572661e-84,"MMRN1",TRUE
5954.74054789209,3.16482275858865,0.191359013876638,16.5386656968712,1.93255638022294e-61,5.38123441099496e-60,"CXCL9",TRUE
1164.39499834334,2.62656119280622,0.107250537420248,24.4899583347948,1.88983152991282e-132,3.28891648512247e-130,"CENPE",TRUE
1439.18451161165,2.02052313679309,0.116164484068734,17.3936393123183,9.21900985514151e-68,3.12562816455544e-66,"LEF1",TRUE
739.966994608048,3.07126760998012,0.17033966927397,18.0302546263629,1.12771162800508e-72,4.49418595241912e-71,"FBN2",TRUE
273.568550131585,1.76601460330046,0.160415678370086,11.0089900266867,3.45859006866848e-28,3.02661693762635e-27,"SHISAL1",TRUE
1830.42384258458,1.77565608653512,0.137134274531719,12.9483026223646,2.40206551011404e-38,3.17237293196212e-37,"B4GALNT3",TRUE
1212.62859611933,1.62103129610646,0.151953591267994,10.6679367205446,1.43783661128538e-26,1.16934290829238e-25,"ERP27",TRUE
2907.36440056329,-1.51108552671315,0.0671897502220508,-22.489822059455,5.22085226183896e-112,5.69020160659014e-110,"GABARAPL1",TRUE
382.732996185278,-2.58660471015659,0.203130230794814,-12.7337260438077,3.84063854927507e-37,4.86390727073686e-36,"PIK3C2G",TRUE
8.01775682021588,-2.9726884257938,0.246449135418808,-12.0620769098748,1.67504790772764e-33,1.83910118792991e-32,"PLCZ1",TRUE
27.0518322019131,-2.02596371597176,0.116196221341912,-17.4357108396003,4.42029073643144e-68,1.5093334508258e-66,"SLCO1C1",TRUE
3353.76690733128,3.61561309222982,0.29682541937898,12.1809415776938,3.92721559214084e-34,4.41632686182384e-33,"COL2A1",TRUE
5.53802521606584,2.10881131043147,0.250002969263387,8.43514505705638,3.30792267831476e-17,1.71207510248309e-16,"INHBE",TRUE
118.96711997777,-1.88085451271263,0.284624752501856,-6.6081902441017,3.89046539320192e-11,1.4221435281663e-10,"PTPRQ",TRUE
224.229222830607,6.26416634240472,0.388344227382902,16.1304479394986,1.55885711667029e-58,3.99526562681055e-57,"ASCL1",TRUE
4.53138235344765,4.26768099188277,0.590690271614896,7.2249048223112,5.01452915467781e-13,2.07246077100349e-12,"PDX1",TRUE
189.49610710421,2.67946247292159,0.171101115183906,15.6601110988763,2.83401735302642e-55,6.6548525003602e-54,"RDH16",TRUE
113.024579992819,1.91532584009264,0.125487202208943,15.2631169264855,1.34659293899248e-52,2.91615410170173e-51,"GPR84",TRUE
2.22819448894653,1.5444163082347,0.248949441823325,6.20373477009337,5.51386834349415e-10,1.8638671499468e-09,"CELA1",TRUE
698.212336019428,1.56989842879598,0.0948356173110181,16.5538905456525,1.50082590255714e-61,4.19259844364828e-60,"BRCA2",TRUE
12234.0136279569,1.57892873737542,0.132071410218847,11.9551137885109,6.10498968935649e-33,6.52206324239174e-32,"GALNT6",TRUE
226.278379395097,1.62958217017384,0.115316336605816,14.1314077271134,2.43232949608357e-45,4.13630185386001e-44,"MORN3",TRUE
630.508559380234,2.29918347305656,0.113313945716171,20.2903840169467,1.56369071965789e-91,1.06621946125783e-89,"DIAPH3",TRUE
2.4756274982835,2.11624776469917,0.352662326143488,6.00077640229177,1.96376257347015e-09,6.37358946239822e-09,"RNF113B",TRUE
34.5422990078975,3.0992412859939,0.399632108748773,7.75523592360349,8.81793897242022e-15,4.04058016827324e-14,"ZIC5",TRUE
45.5431802508703,-2.33918721784927,0.172313880259434,-13.5751525897241,5.62264875505359e-42,8.42323916237809e-41,"SSTR1",TRUE
97.8091683034645,1.80889927261689,0.123114858515252,14.6927779021311,7.17125801812805e-49,1.37255652355834e-47,"REM2",TRUE
16.7914292397903,1.74730821996879,0.319210121013064,5.47384968378645,4.40362637538618e-08,1.28627852166803e-07,"MDGA2",TRUE
590.413224183569,-1.67086242194392,0.104647293511404,-15.9666090338193,2.18337634310178e-57,5.45338674584911e-56,"PELI2",TRUE
47.0380311127368,-2.05724703788458,0.107123094731086,-19.204514610495,3.3928046604177e-82,1.77495089871064e-80,"ESR2",TRUE
5.68625487623326,-1.50656865795544,0.357781780932963,-4.21085907176957,2.54401417932377e-05,5.76678844430746e-05,"KCNH5",TRUE
2.1986156603516,-1.99266541332095,0.271732611425076,-7.333184643796,2.2474694776908e-13,9.47828636477771e-13,"FAM181A",TRUE
3761.25646982877,-1.8213717399577,0.110467221899237,-16.4878930477592,4.48311951795754e-61,1.23400152037658e-59,"FBLN5",TRUE
3055.50834838935,1.67651524139285,0.113481889159868,14.773416743451,2.17406172221791e-49,4.24773671031801e-48,"SORD",TRUE
697.33261886881,-1.69996010885047,0.127366684645288,-13.3469762017031,1.23355324165124e-40,1.7594235925204e-39,"FGF7",TRUE
41.7103381598137,1.86812699547606,0.200084393955774,9.33669517418225,9.93878994336125e-21,6.15611615894764e-20,"GCNT3",TRUE
187.165413281157,2.35437517315119,0.129814147964353,18.1365067681043,1.64137997896036e-73,6.74043386221971e-72,"PIF1",TRUE
64.6630095587042,-1.53719361413513,0.133656487601886,-11.5010774390082,1.30278905363987e-30,1.26469580645742e-29,"CYP11A1",TRUE
38.2950850751648,-3.99359590603838,0.284328049340916,-14.0457331427402,8.18172679191874e-45,1.35868922023552e-43,"CYP1A1",TRUE
1.44875393594653,-2.46860153907669,0.234286877196531,-10.5366615860687,5.85402047876842e-26,4.63935960087486e-25,"CYP1A2",TRUE
2245.60512289323,1.8925383032651,0.0859311683822692,22.0238865465676,1.7003694587697e-107,1.69096649402075e-105,"FANCI",TRUE
525.601714899688,2.07914960495956,0.119039686086107,17.466020562719,2.60009745374499e-68,8.9848043317561e-67,"TICRR",TRUE
128.706978625192,-1.65479122439699,0.185609560270445,-8.91544175841944,4.8587533446516e-19,2.75527255755043e-18,"ST8SIA2",TRUE
5.94935735105149,1.97817963129812,0.205742011456824,9.6148551153504,6.92067124485604e-22,4.52158902403855e-21,"SEPTIN12",TRUE
136.857746291559,1.92853578355649,0.29059392353082,6.63653169386371,3.21149909506032e-11,1.17884249823782e-10,"ABCC12",TRUE
179.478793010924,-1.63462451320761,0.186973185933396,-8.74256115949106,2.2788444498039e-18,1.25260986313724e-17,"ADAMTS18",TRUE
58.8829863336338,-1.60863961063778,0.0876745325485935,-18.3478550027762,3.4340406177158e-75,1.48361554615229e-73,"NUDT7",TRUE
7343.8534556546,1.56907446424968,0.106493492803439,14.7339938144935,3.8996215886892e-49,7.55759621768414e-48,"CDH11",TRUE
612.452204690832,-1.64273635092497,0.101142735939452,-16.2417630457256,2.5547497503053e-59,6.71516438630797e-58,"CDH13",TRUE
60.2020252467184,-2.43282515575201,0.157806849693861,-15.4164737492168,1.26843809230416e-53,2.82194783834266e-52,"MYOCD",TRUE
8.5118313078314,-1.60189323095486,0.236334082658116,-6.77808809012188,1.21776597061264e-11,4.60355428673397e-11,"SPATA22",TRUE
334.802451513219,2.11356049968601,0.129595465650422,16.3089077930184,8.53044136211038e-60,2.26987576565157e-58,"LRRC46",TRUE
1038.14597905182,-3.89541757958405,0.168893395568167,-23.0643570548134,1.05571877629458e-117,1.29814308788815e-115,"ABCA8",TRUE
317.650136144837,-2.12840498595536,0.106797383842038,-19.9293738234585,2.26376537517189e-88,1.42633742470684e-86,"GNAL",TRUE
69976.4572111397,1.70401610611151,0.154980062161041,10.9950666063151,4.03615422240812e-28,3.52204642618549e-27,"SLC39A6",TRUE
2005.84567707724,2.15568660769904,0.116601123396713,18.4877001601841,2.59383330226872e-76,1.16010202410278e-74,"SLC16A3",TRUE
2059.34499248745,1.50483940333939,0.127927087945988,11.7632584896699,6.0358992413319e-32,6.18787200132743e-31,"SECTM1",TRUE
270.81186315763,-1.86878311031086,0.135083164145639,-13.8343154909819,1.58235545787858e-43,2.50713882386342e-42,"RNF157",TRUE
3228.70046326592,1.71429594627036,0.0847282594393644,20.2328710351615,5.0287947550736e-91,3.37022952840026e-89,"CBX4",TRUE
680.762567874703,5.88641800373035,0.308189531188387,19.0999933743115,2.52519205992138e-81,1.2974677298358e-79,"CBLN2",TRUE
1032.56705689254,1.79749786950521,0.122017421454002,14.7314854558112,4.04711077994277e-49,7.83639754429475e-48,"PMAIP1",TRUE
2409.02819542888,1.57536176059869,0.078846442666508,19.9801247503568,8.20186778936443e-89,5.21344055653857e-87,"P3H4",TRUE
46493.3761618306,1.90337080487961,0.161977436844248,11.7508391413171,6.99210255777505e-32,7.15116460648273e-31,"ERBB2",TRUE
3679.23816032049,1.96392793123321,0.142618440353134,13.7705048966345,3.83523372697227e-43,6.00830082236382e-42,"MIEN1",TRUE
253.537510637263,1.88115192821234,0.250626558700284,7.50579642463968,6.10562405241008e-14,2.65590338744224e-13,"PNMT",TRUE
3610.30797549169,-1.81525392948738,0.268343477007799,-6.76466575498172,1.33617307639402e-11,5.03573436754854e-11,"STAC2",TRUE
806.669191029455,1.51895687133612,0.114568090115495,13.2581146268989,4.04948847055856e-40,5.66534594454806e-39,"MISP3",TRUE
34.0734620037368,3.07475109932535,0.186522108402082,16.4846469175502,4.73050130105656e-61,1.30043589906752e-59,"CIB3",TRUE
14.5782353000736,2.13266928086564,0.326695708036239,6.52799907805668,6.66541071142344e-11,2.39453243137203e-10,"DMRTC2",TRUE
33.5963251722091,3.80651564781456,0.222027260806229,17.1443616157416,6.92552672658044e-66,2.21740158397042e-64,"IL19",TRUE
191.236435394876,1.63532075942199,0.2423874872943,6.74672103612523,1.51223622945576e-11,5.67499484073651e-11,"FBN3",TRUE
0.938231923469937,2.01518983741287,0.458899984243069,4.39134867423633,1.12649724419965e-05,2.65275103992016e-05,"TM4SF5",TRUE
92.7729997108129,-1.61847908309593,0.131222918084169,-12.3338141440949,5.95593188318065e-35,6.92692050870593e-34,"PRDM16",TRUE
86.6603279879347,2.0379698825745,0.256496638128292,7.94540582459863,1.93556057292528e-15,9.18816479624452e-15,"PADI3",TRUE
9.10948127239087,1.8100305723578,0.242784302355693,7.45530314272957,8.96614356241512e-14,3.862448908612e-13,"PADI1",TRUE
5.90571393301734,2.38001923627452,0.447304931108648,5.3207981194744,1.0331299865317e-07,2.92450253943124e-07,"C1orf94",TRUE
9.2539025050496,2.7217430771957,0.331436508077078,8.21195918635115,2.17608248426404e-16,1.08489915699245e-15,"DMRTA2",TRUE
665.323239760849,1.76564144356985,0.0878952459390831,20.08801983208,9.39342568827368e-90,6.09654515347206e-88,"PLK4",TRUE
13474.71111948,-1.60617690685025,0.118617559407578,-13.5408021786328,8.9802858041233e-42,1.33329595908484e-40,"CCN1",TRUE
2376.77231911823,-1.60213859404618,0.121872624541674,-13.1460087946029,1.79396889270714e-39,2.46114740652384e-38,"TINAGL1",TRUE
1442.14631056968,3.33128169321589,0.117873381561531,28.2615264709017,1.02727655557333e-175,4.47851072106512e-173,"KIF2C",TRUE
1.19517925434237,1.80690739218304,0.462064478925011,3.91050919210842,9.21017549245262e-05,0.000196525028058662,"BARHL2",TRUE
9.13965242137087,-2.47967611860168,0.267491793656746,-9.27010165322561,1.85968601287734e-20,1.1359191666542e-19,"PROK1",TRUE
36.6677830991188,-3.02933375765694,0.172522648164522,-17.5590497241156,5.071717372722e-69,1.80160758688627e-67,"RXRG",TRUE
24.4093561771843,2.11030909319781,0.215898390249935,9.77454760433744,1.4480278260563e-22,9.77735935115609e-22,"MAEL",TRUE
105.981097717588,2.28963567353356,0.129265313096687,17.7126842358782,3.34722075896089e-70,1.24111725048756e-68,"ILDR2",TRUE
1251.60093799812,-3.43954840176386,0.149756333804012,-22.9676322489655,9.82201450860034e-117,1.18744578765039e-114,"DPT",TRUE
1002.46178293016,3.78185674840599,0.120377273508065,31.4167004966484,1.1968623966692e-216,1.61426815750758e-213,"NUF2",TRUE
0.993805089610783,1.943783282159,0.356954920765866,5.44545870943173,5.16720492563508e-08,1.49977514855689e-07,"F13B",TRUE
30685.8178644424,2.14373073453172,0.137310784907224,15.6122531524392,6.00773022633551e-55,1.39405180950882e-53,"CRABP2",TRUE
1710.05426909336,-1.50049969393423,0.0822207749308702,-18.2496418356045,2.08270215748798e-74,8.77826417159973e-73,"RGL1",TRUE
13.8107811671817,3.15101976705305,0.324278708510877,9.71701096727217,2.55161733114583e-22,1.70055287233252e-21,"LHX9",TRUE
3607.8902778219,1.50591536114608,0.0757339551628336,19.8842825243743,5.56728828794192e-88,3.45732607924566e-86,"TUFT1",TRUE
7852.32804143381,1.73773140661582,0.170495533623943,10.1922400527434,2.14757782187114e-24,1.58796400191808e-23,"ECM1",TRUE
605.951427822453,-1.73733338978449,0.11979933422685,-14.5020287549738,1.17621397875126e-47,2.15016498614589e-46,"ADAMTSL4",TRUE
2345.76924933036,1.74920469093685,0.124330159709412,14.0690295502326,5.88717272711823e-45,9.83702574147978e-44,"ANXA9",TRUE
186.423214951995,4.22779410478138,0.315366876016382,13.4059548617965,5.58004430092772e-41,8.0654625595459e-40,"HORMAD1",TRUE
105.66202398839,2.68595391323916,0.187673462804875,14.3118471471471,1.84545702343468e-46,3.22992397126686e-45,"KCNH1",TRUE
1714.21131579744,3.04900112207243,0.101989184597768,29.8953377664239,2.26247298752886e-196,1.87785257964896e-193,"DTL",TRUE
2023.29085059644,1.71189117019351,0.144638893696987,11.8356212940888,2.55444921130076e-32,2.66433127017257e-31,"SUSD4",TRUE
169.745296976497,3.0856983548277,0.211196490966102,14.6105569307161,2.40543546502165e-48,4.52763169081267e-47,"HHIPL2",TRUE
2340.21034113193,2.64500031724334,0.257534928650726,10.2704527541215,9.57542136547616e-25,7.19615507807681e-24,"S100A8",TRUE
1974.01772837213,6.41340312422837,0.380991238357803,16.8334661759473,1.38737075713074e-63,4.12958081915606e-62,"S100A7",TRUE
6708.82978749424,1.68045309426191,0.100646959136404,16.6965113370632,1.38955517118779e-62,3.99288955981791e-61,"CREB3L4",TRUE
717.954833391907,1.97002061822285,0.134510288560328,14.6458731098424,1.43150465130713e-48,2.71576882419409e-47,"EFNA3",TRUE
216.675525937731,1.51292919611005,0.21338466219445,7.0901496881316,1.33967017113016e-12,5.39971652838792e-12,"ACTA1",TRUE
275.1745225289,1.54729666586155,0.151590341639425,10.2070926757456,1.84304549363376e-24,1.36700195059689e-23,"PPFIA4",TRUE
592.317767722607,-1.92272698090806,0.191621183399644,-10.0340001392123,1.08048502359264e-23,7.72081682421495e-23,"OSR1",TRUE
4.06176376239642,1.62330749519627,0.553885226253531,2.93076510846171,0.0033812834383899,0.00596558857053133,"TRIM43",TRUE
65.9360170540514,-2.69279419436388,0.105580175332591,-25.5047331175691,1.74678291787231e-143,3.60723209260138e-141,"ANKRD53",TRUE
129.541782678065,3.90409763370956,0.194435810540333,20.0791079732697,1.12394903517356e-89,7.2837297834971e-88,"DQX1",TRUE
8.21524794281882,2.93940315865308,0.241913440918971,12.1506401111364,5.69182034621433e-34,6.3658711101998e-33,"NT5DC4",TRUE
3.58710701236265,1.56208634338162,0.161199955561966,9.69036460299237,3.31343680686384e-22,2.1964050466018e-21,"SNRPA1P1",TRUE
129.854710598748,-1.94682502894576,0.146116144733971,-13.3238187504214,1.6827513704331e-40,2.38906411670699e-39,"THSD7B",TRUE
32.1440842531615,-2.33119354270264,0.164670051277643,-14.1567548234506,1.69649348896006e-45,2.89868008644165e-44,"GPR17",TRUE
23.559025982251,2.84497179190945,0.34828593782568,8.16849456992256,3.12261448863313e-16,1.54342695063451e-15,"SCN1A",TRUE
4.70917263343405,-2.41658718575257,0.242051363916113,-9.9837784289044,1.79498341177857e-23,1.27002432872726e-22,"TMEFF2",TRUE
2165.59369047252,-1.78816868981412,0.113065170849783,-15.8153804250636,2.43732996000434e-56,5.88010961843418e-55,"ACKR3",TRUE
533.552605097487,2.8835078053858,0.133655692782059,21.5741488100151,3.14210179254937e-103,2.82527319513398e-101,"HES6",TRUE
33.6065149989548,4.06401996425369,0.210718342159537,19.2865031235714,6.97333720513356e-83,3.75741864885848e-81,"MARCHF4",TRUE
1115.19685596377,-2.1372164196796,0.10099964726493,-21.1606325126415,2.2024827433907e-99,1.82455192331559e-97,"RBMS3",TRUE
2888.74810961402,-1.8956819078242,0.0857766908963156,-22.1001986438909,3.14679664183574e-108,3.21077406765084e-106,"CSRNP1",TRUE
1.38744983313875,1.87071565055808,0.422060049080141,4.4323447685589,9.32138091099531e-06,2.21475805185003e-05,"LRTM1",TRUE
5.5347102425073,2.0666611850271,0.395973800998438,5.21918667299723,1.79710561826421e-07,4.98705634604594e-07,"ADGRG7",TRUE
9.66063626691036,1.98824659302892,0.293920316295372,6.76457693734534,1.33699297357609e-11,5.0379445381128e-11,"TAGLN3",TRUE
1680.8020946188,-1.58517598389615,0.126813065764478,-12.5000998464952,7.45575847030979e-36,8.96102855969286e-35,"BOC",TRUE
467.534799944453,-4.75791270444262,0.189254212827314,-25.1403265130167,1.80304844649945e-139,3.47408798888019e-137,"ALDH1L1",TRUE
0.849829142352195,1.88014820168212,0.577436346262798,3.25602677048396,0.00112983098235764,0.00212597572474848,"SPATA16",TRUE
43.3606085662324,2.40967950294689,0.201386969989312,11.9654191285304,5.39246075120954e-33,5.78088936965235e-32,"AC062028.1",TRUE
25.5951239970955,2.76148501071227,0.247280324586662,11.167427151061,5.8861181199248e-29,5.32812202298562e-28,"STXBP5L",TRUE
70.9236206630343,1.84935422748161,0.185183621191978,9.98659717083947,1.74468359542307e-23,1.2352451440036e-22,"VWA5B2",TRUE
382.253581010869,1.90872634592853,0.145723849537937,13.0982426828604,3.36969545005746e-39,4.59368463753884e-38,"CORIN",TRUE
49.1117004123365,-1.88987610324314,0.133959200751369,-14.1078484541782,3.39787360174442e-45,5.73532360779387e-44,"SLC10A6",TRUE
106.251889743601,-1.8637871212773,0.0984634238425827,-18.928725495642,6.61433480624886e-80,3.2514201621606e-78,"SNCA",TRUE
1133.29095054189,-2.34853715673223,0.114512976054988,-20.5089173091134,1.79239805399723e-93,1.27236677648882e-91,"ANK2",TRUE
1224.39389950738,2.91087402152938,0.113233820768289,25.7067544111747,9.82332560923849e-146,2.10932703131708e-143,"CCNA2",TRUE
65.2963266853814,1.68205489965445,0.170203333706994,9.8826201756431,4.95208213895751e-23,3.43068804361808e-22,"ROPN1L",TRUE
21.5228095488313,2.32219437791638,0.334727435794852,6.93756809148926,3.98907072263835e-12,1.55878942860182e-11,"CDH18",TRUE
264.472714610125,4.95271709781057,0.22899156541203,21.628382202196,9.71301864624624e-104,8.86287282816042e-102,"HAPLN1",TRUE
62.1317021290578,-3.89247908951483,0.126937442314259,-30.6645463982031,1.69107951653343e-206,1.78017053496544e-203,"CRHBP",TRUE
8.47836485337223,2.71693613572659,0.2357136976239,11.5264244849346,9.70929308513417e-31,9.46157348282662e-30,"LIX1",TRUE
25.9467126615108,-1.8093882723467,0.091165462149422,-19.8472999498547,1.16283781454005e-87,7.16972572507838e-86,"SPATA9",TRUE
48.436312199578,-3.23522014636016,0.168069253070988,-19.2493278053285,1.43006348109497e-82,7.58249875234138e-81,"TSLP",TRUE
115.892872763832,2.34173689462311,0.236640804984853,9.89574428963338,4.34367210605181e-23,3.0193732983926e-22,"ADAMTS19",TRUE
240.340014401505,1.75623742915867,0.225687379797356,7.78172634524622,7.1541490557924e-15,3.29463373077251e-14,"SLC25A48",TRUE
2151.19876155585,1.84285260949028,0.10277258908029,17.9313630801942,6.7113948426896e-72,2.60723493618797e-70,"N4BP3",TRUE
132.926526859424,6.21762749450343,0.463797018163949,13.4059238222734,5.58237950363376e-41,8.06613657103559e-40,"CPLX2",TRUE
440.557683589801,-1.76318574975009,0.17462134430711,-10.0971949147817,5.68449258320957e-24,4.11579768312909e-23,"TENM2",TRUE
604.220190155823,-2.41636743249343,0.135057494380223,-17.891398352843,1.37611279491421e-71,5.28407724452822e-70,"KCNMB1",TRUE
42.5247001558159,-1.8567798076295,0.154829465102087,-11.9924189262375,3.89366105432387e-33,4.20126027761546e-32,"PSD2",TRUE
61.931583629232,-1.71128533454122,0.177942504234391,-9.61706896227032,6.77337172026412e-22,4.42736216033014e-21,"LRRTM2",TRUE
1049.75498957419,-1.7787697340252,0.102624993900165,-17.3327146382647,2.66449458943691e-67,8.89401287549087e-66,"DAAM2",TRUE
7.07347387992617,2.71897381323333,0.297885377260895,9.1275840332773,7.00449346672676e-20,4.14753653483231e-19,"LGSN",TRUE
1294.3430556657,2.89368544910934,0.18435878303515,15.6959457068971,1.61221955246992e-55,3.81070076038344e-54,"SCUBE3",TRUE
45.454760171708,1.79619044793623,0.142987297617455,12.5618882087115,3.42070655552318e-36,4.16115261940193e-35,"TTBK1",TRUE
4.687278732862,2.31817190004088,0.424384076656564,5.46243845505279,4.69638376840225e-08,1.36803567621636e-07,"GPR6",TRUE
273.17414028229,-2.4591656803041,0.137901811595164,-17.832729330079,3.93722762945983e-71,1.49192927557055e-69,"RSPO3",TRUE
230.062304522624,2.84161721422954,0.115323582886582,24.6403826789201,4.66624575344133e-134,8.35664592193062e-132,"MTFR2",TRUE
5.78055231769592,-1.93364961798518,0.136175981347193,-14.1996378425587,9.20870736089383e-46,1.58535225247777e-44,"VIP",TRUE
172.708943291533,-2.84926569806249,0.16185046661388,-17.60430944484,2.28274740816127e-69,8.20344530693092e-68,"SLC22A3",TRUE
534.113833192184,-2.03107627136928,0.117372940105281,-17.3044678743452,4.35284154454416e-67,1.44514339278866e-65,"CREB5",TRUE
4208.28577821172,-1.84758833966817,0.167270376076926,-11.0455203306202,2.30428784674652e-28,2.03172754781573e-27,"EGFR",TRUE
1622.1820404515,3.0991058044296,0.113257650038512,27.3633242732458,7.49665287049188e-165,2.4327484051912e-162,"CDCA5",TRUE
20.6383906290574,-2.75753779903329,0.2904075123483,-9.49540794153438,2.19350817419145e-21,1.39902191219304e-20,"IGFBP1",TRUE
7.06753864389165,-1.7004518072752,0.181957241590539,-9.34533735734325,9.15969976597174e-21,5.68742111781528e-20,"TRIM50",TRUE
17.5728086612326,2.25369429122059,0.216532879364723,10.4080927470812,2.27738473935968e-25,1.76024221616697e-24,"ZAN",TRUE
11.3779540292764,3.3389510031188,0.401262311370712,8.32111790343065,8.71375161413623e-17,4.42505612032145e-16,"STRA8",TRUE
256.522915482283,1.64768491570879,0.107730792254418,15.2944657811261,8.3241053221093e-53,1.8126558309901e-51,"RAB19",TRUE
377.309339650719,-2.1814321398859,0.103553184174414,-21.0658142217214,1.6378606853362e-98,1.3188445369237e-96,"DENND2A",TRUE
1505.86025936034,-2.04911660253782,0.0861396878758874,-23.7882984378844,4.4141742323021e-125,6.59224082581863e-123,"DIPK2B",TRUE
259.32239326459,1.99801143378836,0.161211556834388,12.3937233348656,2.82610704734001e-35,3.3262825242213e-34,"FRMPD3",TRUE
6.20075832273737,2.02835084119846,0.446424443861363,4.54354789279497,5.53152304207379e-06,1.34524446101259e-05,"HTR2C",TRUE
1587.62556906023,-2.3153798789358,0.103872759295209,-22.2905398359104,4.56455415679332e-110,4.8050282294439e-108,"DOCK11",TRUE
282.148953175655,-1.87569195558777,0.385777379810208,-4.86210973932831,1.16141201068509e-06,3.01006079272014e-06,"ARHGAP36",TRUE
2328.41639460247,-2.52033228249037,0.178611098008271,-14.1107261004221,3.26201901211384e-45,5.51248005336074e-44,"GPC3",TRUE
69.6166025589555,5.58201059496858,0.611254759505732,9.13205256590927,6.72126665929356e-20,3.98365653687325e-19,"MAGEA4",TRUE
0.918946353324424,1.81320622927006,0.402178988208699,4.50845589260159,6.53011408889951e-06,1.57557985284494e-05,"CHRNB3",TRUE
49.1761272035957,3.96064396719883,0.172964596838215,22.8985817884077,4.79983894347651e-116,5.69123760440787e-114,"CHRNA6",TRUE
282.967301717349,1.6404647257674,0.196242710598123,8.35936642317809,6.30559761181623e-17,3.22375731966345e-16,"PXDNL",TRUE
6496.50051588406,-1.80357121845008,0.105100330927727,-17.1604713565584,5.24859380708743e-66,1.68799782946269e-64,"TACC1",TRUE
448.463936398314,1.97166264517532,0.118389259648989,16.6540668555668,2.82719496370627e-62,8.0542399098061e-61,"GINS4",TRUE
112.366155592653,-1.6961324421629,0.117119454110739,-14.4820726414859,1.57281974301247e-47,2.86184233172084e-46,"ADHFE1",TRUE
7.82139489854748,-1.98512758244618,0.383833041207988,-5.17185174105555,2.31785462315085e-07,6.37675965930588e-07,"PMP2",TRUE
2.34222451639506,1.73607146663704,0.290901423564084,5.96790295958999,2.40322219290289e-09,7.75383642413761e-09,"PSKH2",TRUE
4.09797214555609,1.76823737886558,0.296099112936264,5.97177533337019,2.34685574375592e-09,7.57423868245761e-09,"RSPO2",TRUE
13797.5215954016,1.69430985047794,0.0989815171335347,17.1174366643842,1.10014152360281e-65,3.4964733548378e-64,"MAL2",TRUE
407.863785607742,2.69469110215592,0.237851302608908,11.3293098360143,9.39420322342411e-30,8.82764666063541e-29,"FAM83A",TRUE
234.454922979881,2.22948316913581,0.202569617478106,11.0060096715974,3.57488758585146e-28,3.12458785349026e-27,"GSDMC",TRUE
120.997946288073,2.33670353601485,0.231249379737318,10.1046910424978,5.26612958870988e-24,3.82443468027458e-23,"FAM135B",TRUE
1529.56512888135,1.6899178029966,0.0808267553743132,20.9079010430457,4.53759832835927e-97,3.48474633188587e-95,"ARHGAP39",TRUE
1391.22549207899,1.94092099356409,0.122590261550004,15.8325870996889,1.85437211956339e-56,4.49128511113108e-55,"SLC39A4",TRUE
1043.64231989283,-1.85206041876325,0.114655850865672,-16.1532133317215,1.07796835591603e-58,2.78426775830854e-57,"VLDLR",TRUE
8180.58989427515,-1.57296072939555,0.128494254696666,-12.241486851757,1.86582918882428e-34,2.13040179337714e-33,"NFIB",TRUE
1026.01523911476,2.72214263855874,0.169127147329661,16.0952436172341,2.75485028009444e-58,7.02714764118653e-57,"CDKN2A",TRUE
5920.90608683616,-2.58333670886647,0.181457000052746,-14.2366329660225,5.42800125482196e-46,9.38591883646296e-45,"NTRK2",TRUE
40.5179070738918,-2.2460594853935,0.224262316129644,-10.0153227887608,1.3053509518389e-23,9.29685595402091e-23,"PLPPR1",TRUE
36566.987444877,-2.56819028601764,0.0833801939396747,-30.8009632104684,2.5437601741282e-208,2.74471722788433e-205,"GSN",TRUE
52.6907359655268,-2.10253123536484,0.139128127672193,-15.1121938499648,1.34583304202446e-51,2.82382858987729e-50,"CRB2",TRUE
304.864848225265,-2.14919361246259,0.15427867778942,-13.9305939307834,4.12907508586804e-44,6.69462361780859e-43,"HMCN2",TRUE
55.6115612342872,2.42602736901008,0.216045852030892,11.2292244734381,2.93039259831028e-29,2.68640069122922e-28,"CACNA1B",TRUE
157.47541320794,-2.24167625887545,0.111768028576222,-20.0565071016413,1.77095517959412e-89,1.1391121542665e-87,"FAM13C",TRUE
37.9554026724006,1.51693118996939,0.209282379840853,7.24825086145774,4.2218813246193e-13,1.75309214903376e-12,"ANKRD1",TRUE
9.84244081891025,3.54300602480606,0.497695235400856,7.11882648816688,1.08849834487112e-12,4.41330094548027e-12,"VAX1",TRUE
5888.00562888191,3.09594994464424,0.117417850575029,26.3669444593177,3.28150916241121e-153,8.23429857265512e-151,"MKI67",TRUE
38.5768623833132,2.80968863739427,0.28215594482613,9.9579281915384,2.32864738212272e-23,1.64008519928878e-22,"INA",TRUE
22.0205185885623,1.8326714499799,0.282044485670915,6.4978098955575,8.14976949714604e-11,2.9127529935146e-10,"SLC5A12",TRUE
6.81989430994791,-2.14732745709495,0.238678106682824,-8.99675084128475,2.32496422918204e-19,1.34062065639942e-18,"SAA4",TRUE
724.736503143216,-3.51660815573667,0.127256671159922,-27.633978821569,4.34819196839483e-168,1.5257558159018e-165,"PAMR1",TRUE
165.436064334379,-5.91928522958829,0.24242755293381,-24.4167181409633,1.13638820785672e-131,1.92339274710181e-129,"GLYAT",TRUE
445.449242255046,1.89276696494717,0.128306091607583,14.7519649397168,2.98835657648912e-49,5.81765763830719e-48,"KLHL35",TRUE
549.661825565677,2.46150633077827,0.111985903090152,21.980501677936,4.42544853493064e-107,4.360784446749e-105,"P4HA3",TRUE
428.265904548433,-2.70336675905229,0.147186889259103,-18.3668992031849,2.41839639869723e-75,1.04902501073138e-73,"ADAM33",TRUE
19.1238594752823,-2.34397984948166,0.143318988123455,-16.3549846407132,4.0080947335458e-60,1.07246973775472e-58,"TMC2",TRUE
956.468318674837,1.8629401438263,0.0990678937655451,18.8046810426307,6.9136823626797e-79,3.30447985352443e-77,"CHEK1",TRUE
91.9311670550704,-2.84186432399392,0.179270858990596,-15.8523495675502,1.35421533646001e-56,3.30027859523513e-55,"SCN2B",TRUE
632.318035196394,-2.45696807611349,0.158120138143123,-15.538615795349,1.90043982792619e-54,4.33766226470992e-53,"JPH2",TRUE
23.3365894414495,1.81822648754356,0.11562259189494,15.7255295677482,1.01101975531309e-55,2.40549132521019e-54,"C20orf144",TRUE
4.22132377452943,2.02644303645197,0.288267422207689,7.02973308927004,2.06928997313634e-12,8.23442331187205e-12,"GPHA2",TRUE
111.971162652942,2.79351220332731,0.173959395494485,16.0584152145773,4.9914199435055e-58,1.26425871339024e-56,"TLCD3B",TRUE
226.584169007277,1.54624837801957,0.157424098628805,9.82218346166628,9.03647180571929e-23,6.17991004808817e-22,"DOC2A",TRUE
35.5680729408107,1.96349278856943,0.176793617002871,11.106129405891,1.17127130053138e-28,1.04468008536752e-27,"HMGA2",TRUE
850.453343967323,2.31087095443342,0.169166942383642,13.6602986486139,1.75263482479122e-42,2.67765377125625e-41,"MMP3",TRUE
113.497259647463,-1.98300138971742,0.158750538263976,-12.4913049832941,8.32763721104441e-36,9.98668580240836e-35,"CNKSR2",TRUE
25.1752145693929,2.50577150614097,0.302193442015934,8.29194534939263,1.11411120117933e-16,5.62661355521881e-16,"CNTN5",TRUE
182.083598243325,-1.6582498545605,0.0876485788001018,-18.9193011143105,7.90963487181841e-80,3.87931637576912e-78,"CLEC1A",TRUE
267.048178221184,1.67451490080646,0.101729638541173,16.460442844577,7.05821778579234e-61,1.92805493439745e-59,"FCGR1A",TRUE
26.1774926821402,6.19406942280341,0.702434726067913,8.81800001186808,1.16522241640562e-18,6.48914393790924e-18,"KLHL1",TRUE
247.266110203467,-1.92948151102246,0.180601772728801,-10.683624428869,1.21435898658536e-26,9.91707357824485e-26,"ADGRL3",TRUE
38.5416365218127,2.14936120863851,0.14785377416404,14.5370736783076,7.05444600139402e-48,1.30115337359045e-46,"LYPD1",TRUE
1024.54575505995,2.71622299924913,0.193209002787852,14.0584701543727,6.83477799197943e-45,1.13851415721278e-43,"FSIP1",TRUE
10.9534547639138,2.04212195723928,0.222630093588883,9.17271301610435,4.61261182093139e-20,2.76193571297723e-19,"CCDC83",TRUE
37.3853050121935,1.60146381602095,0.241148133061338,6.6409961200637,3.11570241495959e-11,1.14494436977144e-10,"PPP1R1C",TRUE
21.9684733823574,-1.73226950430148,0.180332342272478,-9.60598349953252,7.54342899207099e-22,4.91878524396108e-21,"C11orf53",TRUE
190.343238522948,1.92380725874967,0.167620915121053,11.4771313434265,1.71889283454658e-30,1.65893145659728e-29,"C2orf50",TRUE
1629.7995972872,-1.81063906012132,0.0777472821040438,-23.2887762905752,5.76071940108222e-120,7.48893522140688e-118,"FOXO1",TRUE
8188.3235642959,-1.66580581173169,0.0901952231725524,-18.4688917343754,3.67552679774193e-76,1.63541996485094e-74,"CRIM1",TRUE
518.926991846414,2.14651210187983,0.146572329249318,14.6447294170282,1.45579654096429e-48,2.7606405407741e-47,"SLC7A11",TRUE
42.3242186432054,1.61816746463116,0.154105274407755,10.5004028632373,8.6012254850232e-26,6.77054335096847e-25,"ENKUR",TRUE
153.057615028949,2.40999055640634,0.212405708694595,11.3461665941922,7.74858934660861e-30,7.30673183743998e-29,"GPR158",TRUE
7.5638819215494,3.26546511694448,0.353449906934624,9.23883428139784,2.4919724128281e-20,1.51122002722581e-19,"LYZL2",TRUE
45.7891711364342,-1.88294605345381,0.1807873285502,-10.4152545897649,2.11231657332157e-25,1.63617342614069e-24,"KCNA6",TRUE
159.514762787389,1.58915367460526,0.217352507492932,7.31141173817346,2.64350141166587e-13,1.11029117290287e-12,"MAT1A",TRUE
3.34191140363849,-2.31307824602665,0.147864471684054,-15.6432320738214,3.6948871338628e-55,8.62940090354537e-54,"AL136982.1",TRUE
306.870493124288,-2.17171374691203,0.124942233627211,-17.3817426170862,1.13452987388056e-67,3.83748505930134e-66,"AKAP6",TRUE
83.8697255128025,-1.5355113317933,0.181425983949252,-8.4635689903317,2.59316892580622e-17,1.34844784141923e-16,"KCTD14",TRUE
1291.88541562632,-2.80092877814149,0.218687944090974,-12.8078792353378,1.4812784082602e-37,1.90670969581003e-36,"THRSP",TRUE
1609.44208822107,-2.82888033223008,0.114317213082704,-24.7458825836096,3.4334248097652e-135,6.22632835249858e-133,"CCDC3",TRUE
584.174415031721,-2.14398811069979,0.116259822502215,-18.4413502838346,6.11938120714099e-76,2.70607062397751e-74,"NR3C2",TRUE
1688.50762319496,-3.04672060157355,0.228656220316551,-13.3244597385354,1.66836145389454e-40,2.36941363442212e-39,"AKR1C2",TRUE
1321.76371797236,2.2893917628761,0.108632464610703,21.0746554547979,1.35891465670605e-98,1.09627582398941e-96,"ADAM8",TRUE
110.84748743323,-2.28776107495052,0.214535289734886,-10.6637983791741,1.50329608990976e-26,1.22119817881621e-25,"ITIH2",TRUE
1432.27747508143,2.36927541800042,0.0942960459756046,25.1259254138119,2.59087238423817e-139,4.96986898238753e-137,"CENPU",TRUE
10301.9438584658,-2.78988834520341,0.114859498899664,-24.2895744098669,2.52647024554993e-130,4.16192579381431e-128,"ACSL1",TRUE
284.326030382717,3.79709493646707,0.16835103453421,22.5546278760495,1.2095196450981e-112,1.34197603810884e-110,"TDO2",TRUE
63.7733099392824,-1.71387945663025,0.25292749695607,-6.77616897038255,1.23404345161725e-11,4.66222998702735e-11,"GABRA2",TRUE
5.45741648117191,2.08082288278793,0.329385977307717,6.31727828790961,2.66209956279052e-10,9.19316827732747e-10,"CCDC175",TRUE
2403.88566701461,-2.40857655828654,0.17848262304413,-13.4947398083175,1.67947025478971e-41,2.4621581588561e-40,"CCL28",TRUE
16468.0570869917,-2.33287636587585,0.104406756416057,-22.3441130244429,1.37756786866974e-110,1.46804516572311e-108,"DST",TRUE
1.27033918277207,1.94570492223793,0.512557840650004,3.79606898563969,0.000147008606061495,0.000306887131202618,"MCHR2",TRUE
4361.8549289108,2.58640158902352,0.185665282260276,13.930453542724,4.13719940779201e-44,6.70527699738276e-43,"KCNE4",TRUE
399.671573316464,1.50922006885126,0.164316141431237,9.18485582551753,4.12078957317603e-20,2.47396408371508e-19,"CCDC74B",TRUE
88.3442569368553,3.13030200383179,0.244235281392834,12.8167477932762,1.32127179890421e-37,1.70277966081533e-36,"TUBA3E",TRUE
96.5837503487756,-1.95522553476594,0.18745468033565,-10.4303905950227,1.80146231651801e-25,1.39940809180917e-24,"ASTN1",TRUE
4151.08333552217,-1.57196144893952,0.0945211565082704,-16.6307894127594,4.17062943866812e-62,1.18035650211748e-60,"PTPN14",TRUE
147.491721365955,-2.13709638375158,0.132019731042647,-16.1877044201916,6.15835393813772e-59,1.60020804316691e-57,"TMEM178A",TRUE
19.036439047778,3.03657397794795,0.397678300382486,7.63575476717583,2.24501291026224e-14,1.00315516313199e-13,"POU4F1",TRUE
417.211733501033,2.81752179975577,0.0910046198561224,30.9602062423891,1.85178423908025e-210,2.16008129077578e-207,"SPC25",TRUE
903.818626760861,-3.77601829128454,0.146120919043541,-25.8417365289042,3.01337623618029e-147,6.70398548214131e-145,"PDE3B",TRUE
8.48078803188578,1.64459647925942,0.188868841819037,8.70761139539986,3.10345171053598e-18,1.6955060231232e-17,"SH2D6",TRUE
3.12422204154851,1.9743528341596,0.305114858913332,6.4708511450123,9.7452402106415e-11,3.46461752463993e-10,"BOLL",TRUE
1086.84999349478,-1.89483754062973,0.0818520313744633,-23.1495481396311,1.46906689836685e-118,1.83251235067957e-116,"NMT2",TRUE
635.181382165676,-1.67800972050544,0.12536222246303,-13.3852901419349,7.37089705609863e-41,1.06007303212668e-39,"PLEKHH2",TRUE
144.682118635393,-3.36726337119029,0.22690225452285,-14.8401494655541,8.05762322088289e-50,1.59453011560434e-48,"GRIA4",TRUE
544.610734885217,-2.76507235167099,0.178807492559939,-15.4639624552875,6.07441102561364e-54,1.3647661627563e-52,"IGSF10",TRUE
18805.4793027678,-1.71445784110929,0.0984315058166899,-17.4177752019982,6.04836357409088e-68,2.05549111699025e-66,"SPARCL1",TRUE
2.11681660097731,2.61831310019778,0.357401475131122,7.32597172196109,2.37173804524467e-13,9.98870160350899e-13,"DSPP",TRUE
8.68570985382936,3.35761332887328,0.252515386006634,13.2966683019666,2.42014309434977e-40,3.41909577584733e-39,"DMP1",TRUE
10.1352622933625,1.89059983748386,0.276491504836463,6.8378225168332,8.04059234875575e-12,3.07734296153497e-11,"MEPE",TRUE
74.0542143064571,4.03053268852139,0.240685482280729,16.7460565146189,6.0506615272434e-63,1.75619738746352e-61,"CAPSL",TRUE
745.319640281879,2.4670982272649,0.195900935968429,12.5936010211941,2.28983791688492e-36,2.80605918491633e-35,"CCNO",TRUE
557.326197581612,2.07639355821826,0.126899542774699,16.3624983417374,3.54289917927733e-60,9.51534091957745e-59,"ANKRD22",TRUE
56.96730892424,-2.17725275323341,0.19305837566278,-11.2776912462812,1.6912641353369e-29,1.56675166518868e-28,"SLC16A12",TRUE
57.3542218354574,-4.16205853579564,0.257379259115176,-16.1709166080594,8.08859123194705e-59,2.09671830372874e-57,"BMP3",TRUE
137.012098244475,-1.59511533357235,0.189829776285476,-8.40287211408568,4.35689084685277e-17,2.24422256773082e-16,"RAB3C",TRUE
3.22774392772552,1.62869437024319,0.327274562930548,4.97653821812245,6.47315002952215e-07,1.71420514955317e-06,"LMNTD1",TRUE
8.68496026181411,2.57241067533382,0.207188657547933,12.4157890966531,2.14560884271354e-35,2.53710897675388e-34,"JAKMIP1",TRUE
217.252494731512,2.45617980431718,0.28112138610636,8.73707916119872,2.39214864367463e-18,1.31405288864703e-17,"ZIC1",TRUE
46356.5051645446,4.41364870762944,0.36699791913099,12.0263589452509,2.58302900431421e-33,2.80744225198191e-32,"CPB1",TRUE
45.1307202567705,1.76857932930639,0.142128161735141,12.4435531123113,1.51606794416653e-35,1.80307226426639e-34,"TEKT5",TRUE
53.5278197894539,1.58268335948322,0.211462794116772,7.48445307409134,7.1845698643389e-14,3.11331360788019e-13,"ACMSD",TRUE
1136.26478862864,2.64517036477477,0.177680643881097,14.887217352414,3.99034565537913e-50,7.97330178176682e-49,"CLGN",TRUE
328.982012634212,-1.85784229599483,0.13929244800346,-13.3377101388058,1.39684581240381e-40,1.99167047450772e-39,"BMP6",TRUE
1595.18608120627,-1.51477998662262,0.0852154767649174,-17.775878797245,1.08681255771684e-70,4.08240469896075e-69,"PLA2R1",TRUE
84.6937517815224,-2.76618353013847,0.17332488927654,-15.9595286152182,2.44571571101287e-57,6.09452021289349e-56,"SCN3A",TRUE
3.39637539029239,-2.6007320396163,0.430939174050334,-6.03503277544347,1.5893042661418e-09,5.19025212822941e-09,"FEZF2",TRUE
247.255641268792,-1.91606882904359,0.137375052389271,-13.9477204610205,3.24822178842245e-44,5.28632173409928e-43,"SLC25A27",TRUE
49.233627934991,3.40587430947862,0.242034009440639,14.0718831925723,5.65433782942279e-45,9.45896204332897e-44,"ADGRF4",TRUE
57.8802019837997,-4.21481558995954,0.176130236594509,-23.9301080351296,1.48887224851906e-126,2.31984571285498e-124,"FRMD1",TRUE
1.02197129705053,2.47865023486527,0.85009330997107,2.91573902040192,0.00354847186630427,0.00624218649886661,"TGIF2LX",TRUE
19.9215339369685,1.76934037538277,0.213541402662579,8.28570175769866,1.17414680365962e-16,5.92080570696918e-16,"CIBAR2",TRUE
62.7548142028935,-2.83906004352537,0.325517154881692,-8.7216910105927,2.7407740338261e-18,1.50116506725805e-17,"SPHKAP",TRUE
111.132501537312,-2.78367553758486,0.276924969351845,-10.052092969804,8.99366581442578e-24,6.44795044104014e-23,"KCNJ16",TRUE
459.987462603534,-2.47924016501434,0.121382985111538,-20.4249398112609,1.00382178685687e-92,7.06769140632012e-91,"PID1",TRUE
229.417287533312,-2.39200062833186,0.108323506434102,-22.0820088554557,4.70693784839308e-108,4.79130748907182e-106,"LGI4",TRUE
922.253908071524,-1.9547588347243,0.112560520757473,-17.3662916764227,1.4851960462778e-67,5.01181089580531e-66,"CACNA2D1",TRUE
105.786021366942,1.92982557656234,0.12366531860736,15.6052286792675,6.70689838675404e-55,1.55378279319541e-53,"HS3ST3A1",TRUE
379.749871658074,-2.07072695726311,0.156065704284993,-13.2683023906504,3.53498305992031e-40,4.95839677823076e-39,"SEMA3D",TRUE
1179.18165835296,-2.35231857072637,0.181335504181615,-12.9721897614183,1.75931407766221e-38,2.33493221377309e-37,"AK5",TRUE
399.584156550384,-2.21283673532845,0.1371830429327,-16.1305412682386,1.55650318055024e-58,3.99160292766182e-57,"ANKRD29",TRUE
236.010734334249,-2.3318334578412,0.209843584439392,-11.1122456474941,1.09373811171668e-28,9.76737779881895e-28,"CHST9",TRUE
77.3895809845894,2.43390954453862,0.188484695559582,12.9130353916148,3.80019965393612e-38,4.98985753160581e-37,"JPH3",TRUE
1220.52542094764,-1.90919289401649,0.0817207479828419,-23.3624011177351,1.0310472400911e-120,1.37345675562753e-118,"ROBO4",TRUE
289.329051384168,-1.72456015430614,0.111269383087607,-15.4989639238705,3.52531116700988e-54,7.97862768579687e-53,"ROBO3",TRUE
1.88047627557464,2.03809947969403,0.429120240726705,4.7494834460443,2.03936888845628e-06,5.16120330865327e-06,"PANX3",TRUE
30.335952300565,-2.28973212142697,0.30174897357744,-7.58820185626691,3.24375320925059e-14,1.43384256975886e-13,"CDH12",TRUE
43.5209000627122,-1.70337988375066,0.214459813119488,-7.94265302656776,1.9790196941937e-15,9.3913677846509e-15,"GPR15",TRUE
1987.40223080512,-2.14666835493558,0.14373034561881,-14.9353871354961,1.93944464050332e-50,3.90968849528834e-49,"ABI3BP",TRUE
430.29133265694,-2.74512944633179,0.143252030043272,-19.1629357399163,7.54926585877032e-82,3.9161816642371e-80,"ANGPT1",TRUE
388.130633959367,-1.75571721322756,0.0816045307072156,-21.5149477365026,1.12806453338943e-102,1.00386113940388e-100,"CEP112",TRUE
45.9954507682782,4.75557018104029,0.251675847568196,18.895616035431,1.23932508803031e-79,6.02356653146263e-78,"GAL3ST2",TRUE
525.284994037145,-3.58740121883204,0.143702649443007,-24.9640576060138,1.50267220130073e-137,2.85706309286958e-135,"ABCA9",TRUE
562.955532507697,-2.66601959109858,0.127083158949412,-20.9785436019877,1.02999835573275e-97,8.11217683091708e-96,"ABCA6",TRUE
228.283719720212,-3.340699130197,0.147450596345977,-22.6563961963125,1.20659086362273e-113,1.36325815900411e-111,"ABCA10",TRUE
633.075530436967,-2.54461847338502,0.137061594413087,-18.5655105230708,6.11035101860698e-77,2.77310988394403e-75,"PGM5",TRUE
2.89607862844419,3.71148964113295,0.517635034994278,7.17008971615297,7.49486339682811e-13,3.06498298471766e-12,"ASZ1",TRUE
1499.7476563246,2.54178769516505,0.172020062545758,14.7761119113006,2.088812926497e-49,4.08672556244834e-48,"GBP5",TRUE
149.849409109608,3.64048668924855,0.309554559024681,11.7604040487037,6.24347925258296e-32,6.39763923412822e-31,"GPR26",TRUE
61.7660049361964,-2.3845352553713,0.233152055630676,-10.2273825076135,1.49505624533096e-24,1.11444952588056e-23,"C10orf90",TRUE
57.6466986035061,-2.73740186596047,0.16691535865347,-16.3999399937997,1.91427036763069e-60,5.16697367523079e-59,"CNTNAP3B",TRUE
2150.68627846579,-2.52538017566339,0.118141715654952,-21.3758549354327,2.24179578125454e-101,1.91976003807433e-99,"PDLIM3",TRUE
380.93779441492,-2.73733208282395,0.153398720269232,-17.8445561867767,3.18624423941943e-71,1.20948374119035e-69,"PDE1C",TRUE
1179.11118505883,-2.06140089498079,0.0938337732467985,-21.9686454423927,5.74565943423334e-107,5.64880777178841e-105,"JAM2",TRUE
4212.15440366829,-2.2407078499722,0.124486142625342,-17.9996568510915,1.9602973972013e-72,7.77632680728015e-71,"ADAMTS1",TRUE
1431.60600213657,-3.03275035454119,0.115335019493557,-26.295138873329,2.17962628583501e-152,5.31484014105305e-150,"ADAMTS5",TRUE
474.527623066917,3.3886696101949,0.121346609400424,27.9255401278897,1.30675100689712e-171,5.03565834443568e-169,"SKA1",TRUE
1679.6928301435,-2.15187283426327,0.113561821193679,-18.9489109248543,4.5081690635545e-80,2.22114813679238e-78,"APCDD1",TRUE
206.927229185937,2.58721055933891,0.114733918121908,22.5496575179271,1.35328511456596e-112,1.49763552678633e-110,"EME1",TRUE
344.597629046064,-2.18581473640789,0.156188255423321,-13.9947445503097,1.67831627231958e-44,2.7605232588915e-43,"EPHB1",TRUE
1581.32391277034,1.51117951752336,0.197169974375525,7.66434910949069,1.79740378527538e-14,8.07998618607284e-14,"PTPRN2",TRUE
370.731643287766,1.82088753067942,0.125554755055772,14.502736514205,1.1641465493891e-47,2.12900699456075e-46,"PPM1J",TRUE
14.5918027234876,3.9128921419586,0.378274632104376,10.3440511466255,4.453055063356e-25,3.39085844273898e-24,"MAGEC1",TRUE
12.2566414896788,2.40391616016316,0.582184352021274,4.12913221012735,3.64134982225732e-05,8.11486850460196e-05,"XAGE2",TRUE
325.422337571616,4.97543901888536,0.168918891161596,29.4546038318805,1.0991457724758e-190,7.53002087937391e-188,"SLC24A2",TRUE
37.9221376954775,2.097328810799,0.280940892438645,7.46537391760095,8.30633939931942e-14,3.58680948949101e-13,"RAET1L",TRUE
143.091380494765,-2.21712277705424,0.109540459545333,-20.2402179638172,4.33249069412162e-91,2.91262146975528e-89,"MICU3",TRUE
48.223973518416,1.55143070461159,0.209287809644455,7.41290525830058,1.23562160687092e-13,5.28380348286423e-13,"NAT2",TRUE
640.9096843314,-1.63835216200136,0.345172842676073,-4.74646889743547,2.06998537386374e-06,5.23561701453113e-06,"WIF1",TRUE
103.249084941582,1.66372381216949,0.362973081608912,4.58360108908043,4.57035772401644e-06,1.12007631235336e-05,"UGT2B4",TRUE
5.30600800370969,1.64202857771477,0.311006087040452,5.27973131760984,1.29373456562394e-07,3.63857577559816e-07,"ALX3",TRUE
233.410126457753,2.81207292001225,0.296608890149165,9.48074387992233,2.52476718001293e-21,1.60626402549171e-20,"ART3",TRUE
2229.90114315582,2.53983134239617,0.24832429130661,10.2278811671316,1.4873795150819e-24,1.10911022582817e-23,"CXCL13",TRUE
818.566321308151,-2.07759045895855,0.200613612613861,-10.3561788848171,3.92323307309481e-25,2.99799467837769e-24,"CLDN8",TRUE
628.266671627477,-2.44023405297545,0.125374690729633,-19.4635299897788,2.23824405387602e-84,1.25784652819387e-82,"TSPAN7",TRUE
16.254928234023,2.23767400193891,0.280370894541394,7.9811208848875,1.45010360422036e-15,6.94171157477272e-15,"SORCS3",TRUE
79.0252819585782,-1.59631543420904,0.127409853718181,-12.5289794126908,5.18252866281644e-36,6.26022773823559e-35,"PPP2R2B",TRUE
67.7632563039227,2.40169943603955,0.114667013652976,20.9449898408269,2.08443290095517e-97,1.62683768544711e-95,"FBXO43",TRUE
58.3195696277971,2.78396672576591,0.175317487847351,15.8795723116334,8.77748456804447e-57,2.15370229651392e-55,"LRFN2",TRUE
481.895861279487,1.88455322356014,0.229974319515031,8.19462463258628,2.51376385658728e-16,1.2490680180786e-15,"MS4A1",TRUE
5013.13442539537,1.97409032580098,0.0997249090869824,19.7953584904162,3.2642155995011e-87,1.98427528555588e-85,"ATAD2",TRUE
2.88684825759432,2.36581507902633,0.290396635997247,8.14684051315512,3.73555835795773e-16,1.83817921251232e-15,"COX6A2",TRUE
3.56327903735166,-3.10708116004311,0.262541238391098,-11.834640451473,2.58448628910219e-32,2.69500913838247e-31,"ADGRG4",TRUE
6.1628920797426,2.6797539329589,0.396284753679243,6.7621928627815,1.35918601163897e-11,5.11888902812721e-11,"ZIC3",TRUE
905.587699050255,2.92298854454546,0.107689556963767,27.1427297776787,3.08527813859273e-162,9.31193038193443e-160,"BUB1B",TRUE
324.126816866688,-1.83246144929545,0.182628536521408,-10.0338177384488,1.0824836349394e-23,7.73381785863008e-23,"NMNAT2",TRUE
31.1668266612238,2.24383915074854,0.19373932700068,11.5817432912868,5.09982745581173e-31,5.02645702198754e-30,"TMEM171",TRUE
0.596210512886858,-1.61155962082891,0.291453727593946,-5.5293841466119,3.21356945044735e-08,9.50114107968951e-08,"KLHL40",TRUE
718.052842641682,-4.57653700312536,0.195488089022205,-23.4108227566004,3.31573412946885e-121,4.50022279961873e-119,"TIMP4",TRUE
248.014609823715,-2.75443842351204,0.163042115493492,-16.8940302030243,4.97831983584157e-64,1.50254744136309e-62,"SYN2",TRUE
516.179064643451,-2.18487357548548,0.179390524034257,-12.179425793239,4.00088677429349e-34,4.49800138521768e-33,"NRG1",TRUE
622.595471147471,1.62785176546348,0.123250644685723,13.2076531495177,7.92571410996303e-40,1.10097785962666e-38,"LRP8",TRUE
3247.69391135889,2.10366739012919,0.16857734102436,12.4789451378593,9.72667038754533e-36,1.1641794063407e-34,"SUSD3",TRUE
7.88764554336913,2.21929878147789,0.327739634180776,6.77153005014268,1.27427485842394e-11,4.80917304036178e-11,"C1orf158",TRUE
3573.18031874141,-2.94696932280785,0.16207010937073,-18.1832994020307,6.99930898188213e-74,2.91030997743769e-72,"KIT",TRUE
1404.56881349633,3.04918711372751,0.111882769591418,27.2534110914734,1.514143912449e-163,4.66788937580705e-161,"CCNB2",TRUE
877.538588990907,-1.5615027095266,0.0776085132821037,-20.1202502597956,4.90595532995856e-90,3.22284675861509e-88,"AFAP1L1",TRUE
60.1569116528011,2.83548527240993,0.212645013592432,13.3343605124199,1.46102152001659e-40,2.0797390766463e-39,"KCNJ6",TRUE
1070.73412073343,-1.67186880988169,0.0832045578846566,-20.0934762756547,8.41584093965817e-90,5.49512397814897e-88,"ERG",TRUE
9780.8011437105,1.79063019590136,0.149368495828047,11.9880044715904,4.10679666787967e-33,4.42901909509462e-32,"MX1",TRUE
4322.62326550016,2.28986385973538,0.128557053415435,17.8120437494443,5.69903406527299e-71,2.15385560645518e-69,"CREB3L1",TRUE
2668.58934802048,-1.70706780725019,0.0790858145768552,-21.5850063172995,2.48454741460603e-103,2.23868614643834e-101,"C2CD2",TRUE
5747.15401435003,-1.96994234059456,0.0823516864036288,-23.9210928958918,1.84796875661631e-126,2.85872156041434e-124,"PALM2AKAP2",TRUE
384.260232333854,3.21963060702895,0.171293177631844,18.7960235868169,8.13945759668554e-79,3.8774722944034e-77,"ACAN",TRUE
42.3210184035884,-2.23481058509623,0.101586301242557,-21.9991333256656,2.93533412175192e-107,2.90571148382598e-105,"CABP1",TRUE
59.9554082276804,3.79381344038289,0.345332210207014,10.9859819856035,4.46357713587671e-28,3.88873615632699e-27,"DPYSL5",TRUE
47.8678037980352,-2.79004208833183,0.161458271217823,-17.280267324105,6.62403007331611e-67,2.17906355155734e-65,"HPD",TRUE
2715.88076032365,2.30069835357972,0.109222821034086,21.064264151003,1.69234727865684e-98,1.36018079230595e-96,"RHPN1",TRUE
168.027149341865,1.80258193129662,0.194105444666631,9.28661189485172,1.59277764672199e-20,9.76758784207459e-20,"TMSB15A",TRUE
2854.87313337578,-2.21497329769441,0.106104534631207,-20.8753877050884,8.96388921597667e-97,6.83536145868468e-95,"MRAS",TRUE
2455.85472360213,2.69939479189199,0.124547204473504,21.6736682553662,3.6360387314211e-104,3.36041609524913e-102,"H2BC5",TRUE
342.034906898507,3.41205530207552,0.107992850135123,31.5951963283337,4.29788979021103e-219,6.62489011948244e-216,"CDC25C",TRUE
1401.24563166326,2.57330783310355,0.156820458271079,16.409261020366,1.64191751337703e-60,4.44017292464616e-59,"H4C8",TRUE
19.6262755833788,1.74082593536871,0.191084815481352,9.11022642476058,8.22102157403767e-20,4.84725807562112e-19,"CATIP",TRUE
330.040911196841,-2.91744510753656,0.175811124771519,-16.5942008011611,7.67587195357117e-62,2.15684006195398e-60,"KCNB1",TRUE
115.82316213687,-2.31755381422534,0.174752606866887,-13.2619126877499,3.84950654633857e-40,5.38905944015481e-39,"NRG2",TRUE
96.8647268927575,3.15795160237311,0.233137597042675,13.5454411576313,8.43058828885685e-42,1.25340747691031e-40,"CD1A",TRUE
8.33745055788505,-2.37872491970543,0.209322673344466,-11.3639142941336,6.32459075924938e-30,5.98223399450368e-29,"CPA2",TRUE
175.095220403047,-3.56796855749477,0.143356786045105,-24.8887315063842,9.85388076520649e-137,1.80975954819707e-134,"PFKFB1",TRUE
9.32205918711228,-3.29659040928931,0.180734176373743,-18.2399946453527,2.48482697779362e-74,1.04324058717483e-72,"ALAS2",TRUE
5.19243932544638,2.31800552054457,0.371821542711826,6.23418832496507,4.541265009754e-10,1.54380118006445e-09,"PAGE5",TRUE
229.059109341998,1.5857855976039,0.133585507069034,11.870940436558,1.6757321882374e-32,1.75630406129981e-31,"SLAMF8",TRUE
2.88106150706502,2.6716381683329,0.390448633727591,6.84248307601161,7.78321031355645e-12,2.98174469317501e-11,"ITLN2",TRUE
4.72261464917381,2.53080339431174,0.304283972985806,8.31724184970398,9.00339155603126e-17,4.56784271256976e-16,"PLA2G2F",TRUE
2.21439271170679,1.58942180249222,0.334347052310683,4.75380833031927,1.99620293449318e-06,5.05789119717774e-06,"APOA2",TRUE
1120.98659336254,-2.09625497505242,0.103312740856317,-20.2903819768735,1.56375560467147e-91,1.06621946125783e-89,"CACHD1",TRUE
306.629380418959,6.0708255089391,0.353874446717598,17.1553090799568,5.73640569412696e-66,1.84350908234192e-64,"HOXB13",TRUE
4608.03332808356,-1.68461945921754,0.122154004714594,-13.7909474450187,2.88940046032511e-43,4.54469839167754e-42,"RCAN1",TRUE
5422.20667504463,1.97621749565622,0.2434097656251,8.11889157602654,4.70460577235201e-16,2.30556131639279e-15,"CLIC6",TRUE
26.7529755489156,3.12025789127376,0.210932918443005,14.7926550028599,1.63379833746145e-49,3.20813176728099e-48,"IGF2BP1",TRUE
1.00680781430542,1.5284646370674,0.30612217993189,4.99298886937063,5.94519850964782e-07,1.57962797141344e-06,"GIP",TRUE
30.4243630201399,2.01021266099155,0.153681942576736,13.0803439056466,4.26506164595122e-39,5.78322527927284e-38,"CLDN14",TRUE
286.849765158683,4.79052726258346,0.2281031217627,21.0015857107258,6.34326811690587e-98,5.03263698392752e-96,"SIM2",TRUE
20.7895923941844,2.37664421874863,0.198926747257717,11.9473336366858,6.70417813196851e-33,7.13745259437003e-32,"PLA2G4D",TRUE
157.231132622671,-2.43528668399773,0.193400050215199,-12.5919651069788,2.33779942227265e-36,2.86320723794801e-35,"IRX6",TRUE
39.7789872106385,3.05686530878349,0.20868783765859,14.6480280934458,1.38682417742024e-48,2.63216057596558e-47,"CELF3",TRUE
678.735571017712,-2.13575683943813,0.0940162165419573,-22.7168984032132,3.04998043949463e-114,3.48246443832244e-112,"STARD9",TRUE
5.07815251791812,3.20726018207631,0.485105371297787,6.61147118098493,3.80519205760226e-11,1.39167942721899e-10,"PGLYRP3",TRUE
8.02647891081031,2.52056130021175,0.306324459367926,8.22840365216906,1.89724815033565e-16,9.48074912220522e-16,"ISL2",TRUE
14.7249175126795,2.35157162401112,0.220011866926305,10.688385389679,1.1536174957585e-26,9.42816343816265e-26,"DRC7",TRUE
16.9993995306577,-2.50772301966114,0.19025772731438,-13.1806631723158,1.13389669935245e-39,1.56204856508304e-38,"TEPP",TRUE
284.581688320307,1.69120650509825,0.153946537930363,10.9856741686732,4.47882031905731e-28,3.90122875823438e-27,"CARMIL2",TRUE
557.084040506471,-1.62399992113192,0.0904085242360904,-17.9629070914934,3.8035517945704e-72,1.49237541321508e-70,"NPR2",TRUE
940.806061851764,3.4599292561689,0.133754721388889,25.8677168195748,1.53778940934432e-147,3.45682244308859e-145,"CILP2",TRUE
15100.6870024872,2.58958937593777,0.228979094521243,11.3092829777852,1.18050267297512e-29,1.10449805691755e-28,"TFF3",TRUE
11552.8878004105,2.8793000978507,0.281902871432286,10.2138019496631,1.71990596319956e-24,1.27720477239665e-23,"TFF1",TRUE
447.567110594723,1.82404462579983,0.132886921933682,13.7262914909726,7.06587333043704e-43,1.09580701739728e-41,"RSPH1",TRUE
48.6828057615055,1.98659854207895,0.197585725217621,10.0543626817722,8.78882555826115e-24,6.30632936150542e-23,"CBS",TRUE
559.100011779471,1.72862683300873,0.087451377292696,19.7667193647858,5.7601968384389e-87,3.45772038312967e-85,"C21orf58",TRUE
964.586922977857,-2.79313156335516,0.212869873698148,-13.121309816324,2.4860069233727e-39,3.40082595286103e-38,"S100B",TRUE
391.158448545877,1.57672272057843,0.118874632890854,13.2637441835561,3.75661238741175e-40,5.26072000780957e-39,"SLC2A6",TRUE
509.214075194483,2.06373806294449,0.113688172894811,18.1526187851919,1.22422643979859e-73,5.0465724108603e-72,"C9orf116",TRUE
3.13289100095703,3.36498789615952,0.270467170626255,12.4413912726193,1.55766873979953e-35,1.85152803111396e-34,"LCN1",TRUE
4.00240930558606,2.06083084481279,0.188790785777019,10.9159503538845,9.67124550202293e-28,8.28854161769876e-27,"TMEM190",TRUE
158.352406338104,-1.88050271316014,0.103970566541606,-18.0868756967639,4.04371490254085e-73,1.63721139956532e-71,"PLPP7",TRUE
683.313161811715,2.45912518235982,0.111371922289121,22.0802975455156,4.88858278006465e-108,4.96449959500212e-106,"TLCD1",TRUE
7.22026728943732,1.91948422203342,0.238570720946354,8.04576611253582,8.57075427932812e-16,4.14841039246161e-15,"CXCR5",TRUE
3866.09835391101,1.52548126824907,0.0643060274503812,23.7222128116395,2.12737493925829e-124,3.11245770774196e-122,"RUSC1",TRUE
396.256229760334,1.72158958039286,0.133188429241492,12.9259695470344,3.21221673451142e-38,4.22423139127096e-37,"PAQR6",TRUE
169.868725226526,-2.11606549576389,0.142436743637989,-14.8561771472534,6.34436571806067e-50,1.25953461081646e-48,"PTH1R",TRUE
138.764583536889,1.96282517685755,0.19608066704042,10.0102942655378,1.37343407822082e-23,9.77368752118889e-23,"FCRL3",TRUE
1123.59784783381,1.78061117490354,0.188668179155916,9.43779275800419,3.80714452583117e-21,2.40018051029613e-20,"FGFR4",TRUE
8.9096021742867,-1.85521334425913,0.168025158288744,-11.0412831218467,2.41558744355474e-28,2.12855765748924e-27,"CYP3A4",TRUE
1371.73323681339,2.11853365173872,0.0983270897138731,21.5457780546902,5.80009723645447e-103,5.17215282490444e-101,"TONSL",TRUE
1414.88037187345,2.78662763916701,0.109981206050694,25.3373075203646,1.24023513977745e-141,2.48969993640905e-139,"RECQL4",TRUE
12.1406371856837,2.36569992466334,0.167635149960662,14.1121949974006,3.19476961878582e-45,5.40306648694341e-44,"FOXH1",TRUE
447.531897125046,2.20475305604491,0.244322893702773,9.02393149750046,1.81457479911754e-19,1.05243453577516e-18,"PGLYRP2",TRUE
14.3849761380471,2.53212890474091,0.220587289124301,11.479033605214,1.68149412875245e-30,1.62356345854487e-29,"USP41",TRUE
19.7385484569082,2.56254467417032,0.234086421803019,10.947002625922,6.86828855801519e-28,5.92783798502778e-27,"NPHS1",TRUE
602.124194877544,-2.51317877558056,0.131047756135186,-19.1775796068422,5.69713738757599e-82,2.96966726627753e-80,"COX7A1",TRUE
552.219414454191,1.65771833912525,0.109693687226102,15.1122492191218,1.34470250135102e-51,2.82282879174661e-50,"LRRC56",TRUE
7.87927267322671,-1.54430587197556,0.101184760218568,-15.2622377978633,1.36486104608174e-52,2.95275201748812e-51,"KLHL10",TRUE
545.378420987349,2.58028895528552,0.465472302899215,5.54337806828477,2.96691299331423e-08,8.7959860414509e-08,"DCD",TRUE
615.77870574359,-5.01504227994286,0.216696674154137,-23.1431437492928,1.70427762119054e-118,2.11978738128484e-116,"CD300LG",TRUE
2733.50195612324,1.91794725754099,0.0827550417279033,23.1761983015748,7.91509662523416e-119,9.93068518445077e-117,"RACGAP1",TRUE
645.876497539986,3.16928796402976,0.108991617633941,29.0782725573826,6.75915609616287e-186,4.05173857097763e-183,"SPC24",TRUE
1545.23976066424,1.5244504805947,0.0696030643535629,21.902059841086,2.48298457263487e-106,2.41908835564156e-104,"POLR3K",TRUE
1.69219867270719,2.79860835278709,0.342598418456351,8.1687719557983,3.11544424262005e-16,1.54023566450723e-15,"PRR35",TRUE
437.114030280549,3.53657251664937,0.151808960193411,23.2962040721683,4.84396260727086e-120,6.31617601600635e-118,"CCDC78",TRUE
17.9229169300274,4.03309331264624,0.283883638417269,14.2068536782601,8.30749463867329e-46,1.43077202156879e-44,"MSLNL",TRUE
3.75607153052142,2.50841068738417,0.383526986599299,6.5403759710002,6.136436993371e-11,2.21038741974539e-10,"SSTR5",TRUE
10.6484956728846,1.64769404283981,0.133140068262307,12.3756436686933,3.54044527864545e-35,4.15797600615884e-34,"SPSB3",TRUE
14.9125171303309,1.890258025302,0.296106974248619,6.38369977640207,1.72859829599194e-10,6.04197460762976e-10,"HS3ST6",TRUE
426.809577187457,2.84191209812369,0.101355846001143,28.0389559186515,5.44687721530212e-173,2.19707682815364e-170,"TEDC2",TRUE
1461.3351626664,1.75987451856468,0.0734631431389254,23.9558837720379,8.02356518867724e-127,1.25469954182359e-124,"CCNF",TRUE
941.30725406506,2.52060023483602,0.096307218237769,26.1724954884795,5.46647512975674e-151,1.29633553077088e-148,"PAQR4",TRUE
4947.91270726701,1.99695621637261,0.149974865888772,13.3152725594277,1.88682617642498e-40,2.67088939896695e-39,"ZG16B",TRUE
6.02254605951194,1.57664923496578,0.16455117320627,9.58151318064075,9.56333918756765e-22,6.21055852144778e-21,"GNG3",TRUE
195.830354320707,-1.9493713902036,0.0960930396608028,-20.2862912556898,1.69941649940149e-91,1.15688984407205e-89,"TAL1",TRUE
80.0914293867357,-1.79558879074079,0.13441094446551,-13.3589477990874,1.05038395612697e-40,1.50114475319338e-39,"SLC1A7",TRUE
3373.27142285755,-1.9343538814014,0.0727552330359792,-26.5871443287772,9.55938950452475e-156,2.51575153058103e-153,"PLPP3",TRUE
883.554899984364,-2.21389450215396,0.12763321407861,-17.3457553203229,2.12368284496653e-67,7.1273834827959e-66,"RBP7",TRUE
1.23910376730133,2.47208702909487,0.450798976643423,5.48379024172068,4.16308360383423e-08,1.21865632353151e-07,"KNCN",TRUE
6.78114947170531,3.61037201791856,0.341975641252414,10.557395271477,4.69509307816284e-26,3.73737029239226e-25,"TMEM82",TRUE
1496.9944128658,2.59632501313265,0.195354704050181,13.2903122336165,2.63476467525429e-40,3.71500958457939e-39,"AKR7A3",TRUE
5.72937099282608,-3.7764539657123,0.227087904416557,-16.6299212431191,4.23150097946675e-62,1.1967993595923e-60,"LRRC38",TRUE
2065.11331020993,-1.67393345823422,0.084943250457748,-19.7064916778391,1.89669473430734e-86,1.12138828400966e-84,"ADGRL4",TRUE
3.94401299944932,2.29806228700579,0.459546131050057,5.00072165063112,5.7116122640617e-07,1.51962264404453e-06,"LRRC53",TRUE
218.243626631358,2.50310301440391,0.263276741042598,9.50749771700838,1.95303791788814e-21,1.24915703224736e-20,"NTNG1",TRUE
20.2463787918997,-1.52470348324354,0.174229845192181,-8.75110393148631,2.11275679892528e-18,1.16413358153473e-17,"HFM1",TRUE
339.598889389448,3.53836360999984,0.38932023298705,9.08856851043119,1.00351537265976e-19,5.88794500869973e-19,"BRINP3",TRUE
158.377383646031,-2.26356248667201,0.194280782341544,-11.6509850299691,2.26821680165443e-31,2.27242890342166e-30,"CADM3",TRUE
505.269658072451,1.50469230670155,0.179988317604234,8.35994428266248,6.27478842772199e-17,3.20838607440447e-16,"TRIM58",TRUE
4464.28134866046,-2.66016806217118,0.103936432245262,-25.5941829511129,1.77087838084364e-144,3.71024810277725e-142,"DDR2",TRUE
295.594572612802,2.87912114009613,0.198186940505264,14.5272999964377,8.13647759187736e-48,1.49561487591749e-46,"FCRLB",TRUE
627.175806874634,1.63341025697405,0.121544722514141,13.4387591923954,3.58395764908087e-41,5.20995662291447e-40,"KLHDC9",TRUE
18.3037452342261,-2.40959824247789,0.19852920533452,-12.1372482120086,6.7042984743467e-34,7.48080460581188e-33,"LMX1A",TRUE
3307.39332728246,-2.05876572212545,0.141355831175926,-14.5644201940505,4.72980409776028e-48,8.82569584346449e-47,"ATF3",TRUE
282.292634582069,1.84150737405776,0.108003239415896,17.0504827819703,3.46658155399518e-65,1.08497215279501e-63,"SPATA17",TRUE
2040.3618084318,2.83286201658385,0.118235200983201,23.9595483665337,7.34805103958466e-127,1.15324321043081e-124,"KIF26B",TRUE
708.768653444195,-2.04369648245168,0.131942559983351,-15.4892892991431,4.09795421127704e-54,9.25524352478895e-53,"PKDCC",TRUE
290.190514487266,3.44001502133235,0.249240113177209,13.8020119533749,2.47837721066838e-43,3.90389636541778e-42,"IL20",TRUE
40.4355937129358,2.07475152576215,0.169750935618142,12.2223274835395,2.36223273567854e-34,2.68370531381642e-33,"IL24",TRUE
5110.19466489663,-2.28707880688101,0.265079156519952,-8.62790887411348,6.24838296266005e-18,3.35590105361383e-17,"PIGR",TRUE
13.6121846620845,2.59850082463577,0.280242787873372,9.27232006345123,1.82140157994723e-20,1.11316471524388e-19,"FCAMR",TRUE
2173.00260617559,1.85311992571453,0.157111179760152,11.794959012742,4.14402340643796e-32,4.28705777137733e-31,"CAPN13",TRUE
488.791632035386,3.47903710999273,0.221709225664316,15.6918914833984,1.71857380149182e-55,4.05986016816568e-54,"KCNF1",TRUE
3176.8337394091,5.19569368118599,0.314685283440151,16.5107615595698,3.0698479643742e-61,8.48237119989697e-60,"KCNJ3",TRUE
1.57637084964626,2.70603554520524,0.710130942390103,3.810614893216,0.000138621568498862,0.000290178819304049,"NEUROD1",TRUE
0.452566222878766,-2.07709951943247,0.289964990560498,-7.16327690255802,7.87710107627397e-13,3.21855232842928e-12,"ZSWIM2",TRUE
4679.12009688016,-1.90227248494943,0.215614856326984,-8.82254830374303,1.11883908502783e-18,6.23648390931181e-18,"ACTG2",TRUE
2323.70308076948,1.78634324312241,0.171161277127426,10.4366085197677,1.68731505068384e-25,1.3119170885879e-24,"CCDC74A",TRUE
862.906548411921,2.24251427511042,0.22804696829447,9.83356319920349,8.0711430133262e-23,5.53112944514384e-22,"EN1",TRUE
212.512984436272,-2.50053147991119,0.165288113646266,-15.1283200270686,1.05350620743632e-51,2.22126662984619e-50,"C1QTNF7",TRUE
44.8329786536407,3.38959241925484,0.349823641239013,9.68943210141404,3.34382744442541e-22,2.21620995855959e-21,"IVL",TRUE
24.2752273911706,3.58222255025016,0.319399456635652,11.2154935640248,3.42271615210791e-29,3.12445916084977e-28,"PGLYRP4",TRUE
8021.57705227977,2.47667818576922,0.24823901115537,9.9769902169772,1.92208759065658e-23,1.35861939752273e-22,"S100A9",TRUE
59.1851818062621,-1.99324663246101,0.128680844647795,-15.4898472878121,4.06254304556213e-54,9.18007109143778e-53,"TDRD10",TRUE
16.9420264104292,1.89594128301016,0.165282178407965,11.4709359549365,1.84651212163617e-30,1.78130226128335e-29,"C1orf189",TRUE
2.69295501134811,2.94470257696522,0.460125423823904,6.39978237345172,1.55598568813257e-10,5.45631640394879e-10,"ALPP",TRUE
3.72555655037282,-2.41544105500686,0.224119438321214,-10.7774723741052,4.39805025128963e-27,3.66376855521445e-26,"GABRG1",TRUE
1.15794888811914,2.21639054088194,0.472658721921729,4.68919843871826,2.74277310887333e-06,6.8613045487146e-06,"ALPG",TRUE
0.709612908762866,1.77044703016909,0.512666886632486,3.45340624942345,0.000553554675833978,0.00108356024350286,"ALPI",TRUE
2664.96512948556,-1.79103681884964,0.0811401783111066,-22.0733655770692,5.69877396978284e-108,5.74670758261279e-106,"ANTXR2",TRUE
650.373649219457,1.64076819642613,0.192609392416808,8.51863024870299,1.61451395794584e-17,8.48543867814692e-17,"INAVA",TRUE
4.86584852739817,1.67977108836406,0.254163773320798,6.60901066433218,3.86896852431114e-11,1.4145250445512e-10,"CCKAR",TRUE
1.08279992758253,2.24725024750897,0.471874316158081,4.76239153214714,1.91312034483321e-06,4.85621796641778e-06,"TEX55",TRUE
1603.43217963355,-2.6264193822447,0.110610027053779,-23.7448579681453,1.2417086687314e-124,1.83534747063175e-122,"LMOD1",TRUE
0.715650841178364,1.92177444159906,0.502574614891418,3.82385895478279,0.000131379089787054,0.000275767022430175,"PDCL2",TRUE
342.392031575443,1.56239751009468,0.119484639085367,13.0761370001579,4.50772942148242e-39,6.10843333849863e-38,"TRIM46",TRUE
47.1659571731,1.86322993403511,0.102559421580835,18.1673210058673,9.36610776748162e-74,3.88320087650823e-72,"TSACC",TRUE
47.4150723401689,-2.59217881408557,0.147643635458829,-17.556996656374,5.25848776067961e-69,1.86641720189911e-67,"CCDC141",TRUE
8.70493290435095,3.97558716088972,0.32535535830017,12.2192152656108,2.45442450122603e-34,2.78551042526731e-33,"CRYBA2",TRUE
671.661922723214,1.89218122397067,0.099658688076244,18.9866158234298,2.20061433049248e-80,1.09548459635589e-78,"CIP2A",TRUE
8239.16826705999,-2.20879046987727,0.0923964100399794,-23.9055875539054,2.67919863694696e-126,4.12979332752252e-124,"TGFBR2",TRUE
0.767222689023587,1.57764873998565,0.430903068191288,3.661261328697,0.000250976598366324,0.000510902272686093,"RETNLB",TRUE
9.4600446661747,3.47312534760647,0.247418385587334,14.0374586123089,9.19513275451109e-45,1.52463284550403e-43,"FCRL4",TRUE
1.29412766173109,2.49480813464508,0.849885814738308,2.93546273085316,0.00333050616953131,0.00588201351489366,"DPPA2",TRUE
45.4435203662357,1.83127269769561,0.250612031672734,7.30720183493429,2.72762696662949e-13,1.14495603851127e-12,"FCRL1",TRUE
640.685877598229,2.2461719383421,0.0860400338428274,26.1061256954556,3.10632778417762e-150,7.2469787656814e-148,"NUAK2",TRUE
136.391220125389,1.9417954871941,0.17063787289501,11.3796278296838,5.28246786893683e-30,5.01520706606497e-29,"AIM2",TRUE
127.983258226181,1.89842680643666,0.166865766437443,11.3769699259936,5.44591577136925e-30,5.1658401031274e-29,"ICOS",TRUE
52.3858823325205,2.13184893667914,0.152642578933469,13.9662796028121,2.50367922348765e-44,4.09468720294531e-43,"CADPS",TRUE
116.785577356256,2.65613388626363,0.190367047364261,13.9526978173969,3.0292629035597e-44,4.93928926776111e-43,"NKX6-1",TRUE
2.56743654874687,2.59758462174207,0.31949984058685,8.13015936712484,4.28726409725639e-16,2.10533983886205e-15,"CLRN1",TRUE
110.733641664217,-2.77947820871541,0.157818288125956,-17.6118892285606,1.99668119166766e-69,7.1873861745101e-68,"DNASE1L3",TRUE
257.782156107191,2.11636804140944,0.113933440990108,18.5754772524881,5.07518767696996e-77,2.30816754623839e-75,"CFAP20DC",TRUE
967.116160376733,1.94464063526805,0.111462108673489,17.4466521261013,3.65009517031063e-68,1.25129553257035e-66,"PRRT3",TRUE
1021.58273729018,-4.5840291968037,0.201350509539651,-22.7664146829536,9.86969591308361e-115,1.14202701235573e-112,"PCOLCE2",TRUE
34.2670602272746,-1.90225390174754,0.172522441916232,-11.0261243732637,2.85922843355491e-28,2.51025832368247e-27,"CXCL3",TRUE
6.75801188366336,-2.11780410868855,0.295072014745376,-7.17724488551057,7.11302162670337e-13,2.91352390062178e-12,"PPBP",TRUE
2.1924342877232,-2.65860540189448,0.257844633172414,-10.3108812822051,6.29216541785765e-25,4.7593736318741e-24,"PF4",TRUE
132.944437581535,-1.54601907791962,0.141544218540162,-10.9225166090479,8.99678210449644e-28,7.72277477386767e-27,"CCDC158",TRUE
703.342604853681,2.54953493073107,0.105858972708097,24.0842591374973,3.6548547538871e-128,5.86407179099506e-126,"KIF15",TRUE
442.955794542422,-3.99663842096725,0.124010217614168,-32.2282993922482,7.08630177196409e-228,1.45640373560938e-224,"CLEC3B",TRUE
3.18952819577149,2.15483156665724,0.520735660096559,4.13805262781057,3.50266039794753e-05,7.82114039916268e-05,"RTP3",TRUE
63.3798723958084,-2.86512862677045,0.130453856646921,-21.9627744277813,6.538265243563e-107,6.41344381618589e-105,"LRRC2",TRUE
3.27863478330477,-2.87307994767628,0.233917597043259,-12.282444689892,1.12545200268341e-34,1.29325102331779e-33,"FBXO40",TRUE
230.614381126866,-3.39158943841779,0.144002299474819,-23.5523283363323,1.18825470327278e-122,1.65971110010527e-120,"KLF15",TRUE
115.497375511142,3.04915986506151,0.153549689852057,19.8578054309282,9.43438847693741e-88,5.8252962326841e-86,"CAMK2N2",TRUE
1.09757468510232,2.00835565784154,0.708373403046777,2.83516525211622,0.00458019869958578,0.00794060557839415,"OTOP1",TRUE
3171.09172017505,4.77118579915248,0.216104504320822,22.0781413795491,5.12743822097243e-108,5.18267526035527e-106,"S100P",TRUE
83.7190785793286,-3.476332309696,0.235229253827163,-14.7784863197766,2.0164717829715e-49,3.9469805965102e-48,"CLDN19",TRUE
1228.56929976277,-1.92836857875492,0.0970539769298224,-19.869032055732,7.54435688378777e-88,4.66496336825616e-86,"EMCN",TRUE
487.07537909959,2.1849698704992,0.115719315650585,18.8816349130229,1.61508441976038e-79,7.8234616786597e-78,"CDC25A",TRUE
77.5641200273221,4.00189045946063,0.210900403007102,18.9752622678767,2.73144995893076e-80,1.35505034744197e-78,"CAMP",TRUE
2842.13414844927,-1.78812977049725,0.102145029358135,-17.5057932993276,1.29411444624399e-68,4.51163000806872e-67,"SPRY1",TRUE
719.966777579251,2.11508277514063,0.0784458674565865,26.9623224742993,4.09020714308345e-160,1.17553820867013e-157,"POC1A",TRUE
1413.4254036081,2.19667246595092,0.0962805293028493,22.8153343345394,3.22976419884452e-115,3.75732136986872e-113,"MAD2L1",TRUE
3.05555833244754,-1.70461408874668,0.32137626263735,-5.30410701387181,1.13225879618798e-07,3.19546783779987e-07,"ASB5",TRUE
13688.0933232543,1.6549286641405,0.264504726248996,6.25670734738632,3.93190239279543e-10,1.34150914840356e-09,"NPY1R",TRUE
9.26836252278498,1.51046051560049,0.155298294068215,9.72618871741772,2.33165876365285e-22,1.55636239157527e-21,"SLC45A2",TRUE
1670.40306499972,1.724103992702,0.147612486477506,11.6799332755954,1.61422192242293e-31,1.62590007402039e-30,"F2RL2",TRUE
3.04268854193853,-1.98577585558833,0.17120169760247,-11.5990430200014,4.16711893619435e-31,4.11845324676318e-30,"HTR4",TRUE
608.322315300771,2.96988994814456,0.117458067194068,25.2846826028357,4.70846857086205e-141,9.32190383111955e-139,"ESM1",TRUE
298.934337768051,6.61053415943457,0.328320710764203,20.1343806305969,3.68896077139602e-90,2.4270662636197e-88,"CDC20B",TRUE
740.349021581757,-1.81632787711704,0.0876295151609381,-20.727352807798,1.96294681837215e-95,1.44574717885567e-93,"EGFLAM",TRUE
1126.57589838705,6.57871582788461,0.633317528354905,10.3877052715932,2.82057477045107e-25,2.17269332665836e-24,"CARTPT",TRUE
1162.68305626705,-3.04444556239517,0.106382485964738,-28.6179208427625,4.02119154313028e-180,2.06612651192266e-177,"EBF1",TRUE
28.4982929568665,2.74135532955991,0.198789005076202,13.7902764215207,2.91640301084173e-43,4.58382934988816e-42,"TERT",TRUE
5.32177885270987,1.98354931975754,0.252502920390483,7.85555001379818,3.98021625034969e-15,1.85694663674297e-14,"ADGRF2",TRUE
3286.54534695963,1.9111261304443,0.183583773411759,10.4101037631351,2.22978482734164e-25,1.72561436521544e-24,"SHROOM1",TRUE
9.0078553668455,5.28642771082868,0.654430109931712,8.07791027735613,6.58860524604453e-16,3.2012180841977e-15,"TLX3",TRUE
1.00743114207554,-1.7436724878228,0.277730573773226,-6.27828785334436,3.42321705953649e-10,1.1732394845517e-09,"CALHM4",TRUE
55.9873071895535,-2.97212606201029,0.213462035177299,-13.9234410444072,4.56391240373643e-44,7.38739302307732e-43,"DACT2",TRUE
1116.64239590802,-3.67951119571607,0.228887146473597,-16.0756567260561,3.77966545079123e-58,9.61286746353267e-57,"PI16",TRUE
15.8204878243305,2.19927866225453,0.339537040517749,6.47728642183169,9.33868212190191e-11,3.32500841759847e-10,"TBX20",TRUE
1369.99255261499,3.22346968476474,0.112827034895417,28.570011502586,1.5849972206407e-179,7.68634607223061e-177,"PTTG1",TRUE
147.111269069617,-2.02790483669034,0.187001604569931,-10.8443178407701,2.12213012581547e-27,1.79414566562577e-26,"BMPER",TRUE
86.7081770137607,1.60220268379313,0.106995710811588,14.9744571220663,1.07844845895783e-50,2.19659440720245e-49,"RELL2",TRUE
646.903188163646,-2.51248328615711,0.134527090475702,-18.6764113999099,7.70266648409433e-78,3.59402254544337e-76,"SLC29A4",TRUE
1.68144167907195,2.79928235364794,0.590702911452117,4.73890055284559,2.1488092275986e-06,5.42703530125552e-06,"SP8",TRUE
10.9978452053864,1.76969780042753,0.227118026491742,7.7919741896484,6.59702116864319e-15,3.04293506079555e-14,"SHH",TRUE
285811.092728893,1.57464762565323,0.123512185686804,12.7489252732208,3.16072573736247e-37,4.01344286038729e-36,"COL1A2",TRUE
269.362753179631,-2.19091629133868,0.110052240275565,-19.9079663062991,3.47122719188819e-88,2.1775896163066e-86,"SOX17",TRUE
3133.38576065027,-1.78923537399267,0.093062648009635,-19.2261386523992,2.23675139990674e-82,1.17729500512164e-80,"DLC1",TRUE
13.1352133158001,1.79954939284256,0.242527423839778,7.4199831274809,1.1713525526457e-13,5.01344468189098e-13,"C7orf57",TRUE
2044.95082182832,5.28310840612375,0.328360530584834,16.0893527511182,3.02988287528769e-58,7.7241432307984e-57,"SLC30A8",TRUE
42.3879616441948,3.74165381425161,0.37610359623659,9.94846593250308,2.56100482280319e-23,1.79962501061846e-22,"CSMD3",TRUE
64.8685625563387,-2.68986620664522,0.0969288477412984,-27.7509355504197,1.69776644045943e-169,6.2097965737482e-167,"GPR146",TRUE
244.662116066328,-3.71568467767769,0.196986437389823,-18.8626421540108,2.31363996020219e-79,1.11571732605952e-77,"CA3",TRUE
34.3523635292511,2.11875681736326,0.200069829111744,10.5900866051117,3.31285209819043e-26,2.6547102962848e-25,"SLC7A13",TRUE
24093.6246638356,2.81902034075468,0.1434361849457,19.6534810363359,5.39806933685028e-86,3.15691968263493e-84,"COX6C",TRUE
5352.72541800943,2.42784589071793,0.103710478755721,23.4098417040043,3.3929087045771e-121,4.5905310247507e-119,"CTHRC1",TRUE
339.466304891939,-2.91399167238153,0.152466478558002,-19.1123432504081,1.99314825039641e-81,1.02776915755208e-79,"FREM1",TRUE
272.129370434592,-2.82479695314876,0.0949672169796158,-29.7449692956159,2.01441816390663e-194,1.58076887189473e-191,"NIPSNAP3B",TRUE
121.857938019792,2.1437070793332,0.23835628303562,8.99370913169025,2.39024481535607e-19,1.37734267330798e-18,"ZMAT4",TRUE
465.430523902571,-3.05978032366227,0.137202069655195,-22.3012694440534,3.59166256015674e-110,3.79941559059718e-108,"MAMDC2",TRUE
149.239391240563,2.60792179565498,0.263529602052892,9.89612466811816,4.32718929215467e-23,3.00866091529461e-22,"CPA6",TRUE
2004.12508786461,-2.54458892199554,0.122442752057921,-20.7818664578188,6.31550590561594e-96,4.70772426401354e-94,"ALDH1A1",TRUE
2667.11475678095,-3.2736275390104,0.126663629106669,-25.8450477228434,2.76588566190289e-147,6.18526555273205e-145,"SVEP1",TRUE
187.717727954091,-2.22964413732541,0.102831062860553,-21.6825935208799,2.99517233499132e-104,2.77406948451127e-102,"PGAP4",TRUE
58.1241110051371,3.12352454603305,0.210522712123276,14.8369955646591,8.44545708455598e-50,1.66862419565824e-48,"CFAP47",TRUE
324.709761318458,-1.97826124855293,0.236202627992971,-8.37527196611802,5.50964871477932e-17,2.823850356607e-16,"PTCHD1",TRUE
238.815509482464,-4.89022831249415,0.179245899379907,-27.282232561033,6.89283487382436e-164,2.14025002269251e-161,"VEGFD",TRUE
627.464794038449,1.68428262914898,0.0908787718079897,18.5332899602513,1.11270980425946e-76,5.01823982777829e-75,"ZNF367",TRUE
862.233416759684,-5.12466646855393,0.208429386207106,-24.5870630903351,1.73728315591341e-133,3.08564366293097e-131,"AQP7",TRUE
1191.23215801378,3.64806261800842,0.124325980184734,29.3427215501364,2.95924633119704e-189,1.93516775234037e-186,"MELK",TRUE
153.285066026576,2.88486098410906,0.183142589046255,15.7519941108862,6.65492547296265e-56,1.5860109520324e-54,"ARMC3",TRUE
53.5723174232546,-3.02649267337711,0.236050099237706,-12.8213997077349,1.24433707739399e-37,1.60650877236987e-36,"SLC7A3",TRUE
76.995199667981,-1.87839622053103,0.155794911606588,-12.0568521857398,1.78474692361182e-33,1.95506794982452e-32,"LRFN5",TRUE
1301.17796305219,-2.25525719245098,0.0738162796866596,-30.5523009561611,5.27035332188666e-205,5.41591546125306e-202,"CFL2",TRUE
2400.94020155116,-1.59291218551848,0.0924023650426864,-17.238868126185,1.35667100484693e-66,4.4426343375716e-65,"ZCCHC24",TRUE
748.41875204926,-1.92510326925619,0.133914082789778,-14.3756595956996,7.35658221667646e-47,1.30662587848459e-45,"FOLR2",TRUE
2501.99114807449,4.3124351160489,0.154899840259985,27.8401521190137,1.41747070246754e-170,5.31982917552167e-168,"GJB2",TRUE
54.7792420021437,-5.23638146783513,0.236394668883564,-22.1510133564574,1.01998847398152e-108,1.05066115840196e-106,"HEPACAM",TRUE
587.635212858948,3.0900448182048,0.112222844215791,27.5349002228371,6.71124913926266e-167,2.28076781772107e-164,"SKA3",TRUE
498.139619075071,1.73513771786144,0.101721970209408,17.0576495351931,3.06647681700443e-65,9.61839676031332e-64,"DDIAS",TRUE
5969.21180826042,-2.23274813900092,0.116648526194844,-19.1408173925099,1.15444737542938e-81,5.98150644940362e-80,"DEPP1",TRUE
1650.72336851426,1.64564456268921,0.137540394089269,11.9648091281542,5.43223601327966e-33,5.82208359406879e-32,"TMEM63C",TRUE
6.21028718742935,3.33395382582015,0.322143418087296,10.349284320677,4.2162568454051e-25,3.21678708587032e-24,"NGB",TRUE
11.6636821056373,2.33813802931273,0.367808466319663,6.35694456059815,2.05806226595371e-10,7.15645886227538e-10,"AMER2",TRUE
8.01452206518869,3.08217045202153,0.358059656992429,8.60798023969145,7.43590711392779e-18,3.97687423837823e-17,"SOHLH1",TRUE
611.431326727534,1.69840543369312,0.117351410182641,14.4728165690535,1.79949790313214e-47,3.26740973913265e-46,"COMTD1",TRUE
3854.79195069994,2.90268609480145,0.187265133445754,15.5004086526459,3.44692804973022e-54,7.80941809062238e-53,"RET",TRUE
6651.21416756594,-2.19549048383097,0.118094470484771,-18.5909676788304,3.80255289145793e-77,1.73670034704047e-75,"NDRG2",TRUE
32.7851342144457,-2.54496871081315,0.210152227708236,-12.1101200713725,9.33574002580885e-34,1.03581115556275e-32,"RNASE7",TRUE
999.448954524205,-4.00317399006175,0.142921124294739,-28.0096732363105,1.23877962756678e-172,4.95053043757244e-170,"BTNL9",TRUE
275.920471670416,2.22325948481486,0.254982230836036,8.71927223134427,2.79995628789782e-18,1.53221901084912e-17,"C10orf82",TRUE
317.84160170837,2.89979340584971,0.126238372790505,22.9707761732794,9.13649144469867e-117,1.10767126616066e-114,"E2F7",TRUE
18.2662110933369,1.9971373726168,0.137754179784935,14.4978350256579,1.25031574213181e-47,2.2807957493833e-46,"SMCO2",TRUE
16393.5161680475,1.86985929593043,0.165228663588194,11.3167973118197,1.08358626561589e-29,1.01514181080924e-28,"IFI27",TRUE
50.087605920112,2.32258537442994,0.228702226582758,10.1554996168325,3.1320184083494e-24,2.29660065416854e-23,"SERPINA12",TRUE
71.3229242897909,3.67204705699119,0.366238307965905,10.0263871286043,1.16709134858748e-23,8.32727105389911e-23,"NELL1",TRUE
37.4404068659318,-1.69613062203335,0.203983818375621,-8.31502535612921,9.1732654914998e-17,4.65238705773362e-16,"GLB1L3",TRUE
9.97664219185898,2.27845407484354,0.353371608342569,6.44775647237268,1.13517971219239e-10,4.01856597590416e-10,"SVOP",TRUE
462.531550871819,-1.65017933689539,0.10731851203201,-15.3764649327525,2.35456949889376e-53,5.20610756005404e-52,"AVPR1A",TRUE
95.7249178177608,5.51367734941321,0.290505949541647,18.9795677441806,2.51657826413632e-80,1.24989088469647e-78,"LRTM2",TRUE
695.009268361426,-1.65308480571521,0.0996981598052843,-16.5808958655182,9.57901277766805e-62,2.68461163301398e-60,"LARP6",TRUE
185.043734747489,1.71368675552956,0.111292613742263,15.3980277567943,1.68737771006582e-53,3.74240606199593e-52,"C16orf71",TRUE
2446.99740641506,-2.40454616320124,0.103659245247366,-23.1966396963742,4.92306249546615e-119,6.21284728959997e-117,"CLMP",TRUE
107.120015481584,-2.1910206136068,0.151591402783682,-14.453462223932,2.38394805552061e-47,4.32134389232547e-46,"SCN3B",TRUE
1426.32521192074,-1.81156676952698,0.102523902665977,-17.669701624889,7.17755189896288e-70,2.63645225497224e-68,"CYYR1",TRUE
69.1705662733053,1.70177532796847,0.158589613972037,10.7306858585867,7.30519413299955e-27,6.01817481924528e-26,"MYRFL",TRUE
269.474102688035,-3.24814812338985,0.182766133612037,-17.7721553725308,1.16141321105088e-70,4.35883427730051e-69,"TMEM100",TRUE
190.414354418942,1.57711006195197,0.254988394032398,6.18502684381623,6.20919029641828e-10,2.09186365774267e-09,"SYNPO2L",TRUE
66.3722537743482,2.11149199885412,0.203897068927177,10.3556760769732,3.94390285649463e-25,3.01325628051528e-24,"NETO1",TRUE
81.8612890159866,2.93725409058913,0.250737429818993,11.7144619880228,1.07471300730682e-31,1.09140266812617e-30,"SERPINB7",TRUE
293.731660900344,-1.57916248004367,0.18829447391692,-8.38666396943992,5.00131954094013e-17,2.5672805826234e-16,"RIC3",TRUE
19.8904449736469,1.72726017213019,0.258707694107043,6.67649324498062,2.44727340596521e-11,9.05635944452187e-11,"LMO1",TRUE
0.393929650953998,-1.72909815028224,0.442571758071769,-3.90693287302314,9.34751084301909e-05,0.000199307661290734,"OR5P1P",TRUE
216.312625706338,1.60832664162951,0.276431168272775,5.8181812553151,5.94913724753807e-09,1.8617682324978e-08,"WDR72",TRUE
139.30703640488,-2.79283540685288,0.144483571246008,-19.329778346201,3.01711292087576e-83,1.64003266580602e-81,"PKD1L2",TRUE
4265.413775381,-2.48665274581036,0.146298845783661,-16.9970769932627,8.63180125059983e-65,2.67635446821759e-63,"MFAP4",TRUE
10213.9292360412,5.85268393733164,0.459225602219723,12.7446812831035,3.3375197454851e-37,4.23419612625328e-36,"CLEC3A",TRUE
612.916313310026,3.20753500453446,0.266701927932876,12.0266659839884,2.5734436638998e-33,2.79772867843615e-32,"A2ML1",TRUE
2.77019315378546,1.94749609460109,0.28181088762543,6.91064887879567,4.82441821176995e-12,1.87384710241173e-11,"SLC38A8",TRUE
5.89738269242651,-2.74018496340454,0.221584077573048,-12.3663441589173,3.9750561926708e-35,4.65319840725988e-34,"GALR1",TRUE
300.688887864884,3.83857579165807,0.216174691343934,17.7568232793306,1.52632371789481e-70,5.70356118305976e-69,"MMP10",TRUE
20.8648150473103,2.51389686537616,0.266132115342976,9.44604848661876,3.51863712467883e-21,2.22153859422379e-20,"HTR3A",TRUE
244.53091511862,-1.64223796807454,0.169408472581663,-9.69395416326006,3.19898159983507e-22,2.12249109683139e-21,"ACSM1",TRUE
371.500389211853,3.25195056185148,0.106782004555085,30.4541067139634,1.05694055797212e-203,1.01372343293504e-200,"PCLAF",TRUE
504.650580050278,-1.63493502177147,0.139747444288607,-11.6992123190102,1.28642020529311e-31,1.30302501902019e-30,"LDHD",TRUE
7966.40145888952,-5.30551637606887,0.214019298772352,-24.7898970163071,1.15216444717515e-135,2.0982032717333e-133,"PLIN1",TRUE
269.734500235391,-1.69149386495111,0.109703454537122,-15.4187839579721,1.22387217548026e-53,2.72420438853676e-52,"RBPMS2",TRUE
450.991819636036,1.87866159250294,0.195447566739104,9.61210018547173,7.10840510556187e-22,4.64073157398352e-21,"GLYATL1",TRUE
1369.17041047538,3.39146413214099,0.115425988978295,29.3821535527733,9.28462821888483e-190,6.16499313733953e-187,"PLK1",TRUE
15.4865592535346,-2.29982304914087,0.145248312498925,-15.8337333465261,1.82089041409475e-56,4.4151477681084e-55,"GPR182",TRUE
70.9307169551275,2.58370694863006,0.221361871228933,11.6718698404839,1.77478938480209e-31,1.78512956998505e-30,"ELFN2",TRUE
1.10359309475344,-1.57437519697319,0.22545332867365,-6.98315348118963,2.88626790918074e-12,1.1379494195692e-11,"MIR202HG",TRUE
453.32876612344,1.80468700547226,0.149348873553993,12.0837001480284,1.2879084398845e-33,1.41982447676667e-32,"C15orf48",TRUE
39.4998744940407,-1.60728900138834,0.146545717072593,-10.9678333389447,5.45642323795821e-28,4.73270150623545e-27,"NYAP1",TRUE
4.57778748495778,-1.52599438041283,0.336104384080482,-4.54023943956479,5.61903801502979e-06,1.36552748158044e-05,"MS4A6E",TRUE
10.2648195653259,-4.52011459340399,0.260743014123927,-17.3355156171343,2.53780966499576e-67,8.47953664892814e-66,"EPB42",TRUE
100.219452289272,3.81971700474481,0.285875207864265,13.3614839610661,1.01519868147235e-40,1.45230278728362e-39,"MS4A8",TRUE
36.0050636902281,-2.89617184579053,0.15833081304401,-18.2919028211237,9.60046014518573e-75,4.08634970282264e-73,"CCDC178",TRUE
219.024503345983,4.6336804349162,0.262245374137404,17.6692551781233,7.23457743335521e-70,2.65513913285383e-68,"MS4A15",TRUE
5.02405770602984,3.55113444861426,0.327449776052547,10.8448217354847,2.1104688625741e-27,1.78463628739612e-26,"NAT16",TRUE
151.85082340409,2.13346933482253,0.24504733511904,8.7063559935721,3.13800208570113e-18,1.71394798808986e-17,"B4GALNT2",TRUE
52.6031212580601,1.8511159706298,0.129052465186926,14.343902442689,1.16326035082432e-46,2.05258858305714e-45,"TTC16",TRUE
108.737035973389,1.89933993560996,0.0954804525052916,19.8924479909089,4.73083536689623e-88,2.95061928374626e-86,"SAMD14",TRUE
4.06698210355017,3.70242009182402,0.444404016334273,8.33120303989135,8.00249494088626e-17,4.07344830343968e-16,"BPIFB6",TRUE
75.3268093196982,2.596736856243,0.154283262950203,16.830969261268,1.44713586578912e-63,4.301541595555e-62,"TMEM92",TRUE
2.01339171695225,1.65275328323195,0.243224492912636,6.79517619068733,1.08180236261992e-11,4.10106192100798e-11,"ANKRD40CL",TRUE
1.98376562614687,2.06369344790533,0.635456827131007,3.24757459483534,0.00116393149666723,0.00218632908544013,"UGT1A6",TRUE
3.35944834186765,2.4592526396732,0.261937945990947,9.38868414184706,6.07544919252972e-21,3.80244180901367e-20,"C16orf92",TRUE
0.788821533224464,1.8586335194517,0.382642746078853,4.85735987026574,1.1896126974723e-06,3.0801898148002e-06,"OR51Q1",TRUE
304.92500425569,1.54682663997736,0.133050773564311,11.625837253999,3.04592337969182e-31,3.02907956376725e-30,"PRRT2",TRUE
159.689177428123,-5.30183111378188,0.251524992629436,-21.0787447337009,1.2464564361871e-98,1.00743557651377e-96,"CA4",TRUE
77.9178751804405,1.69815254854318,0.182771806661228,9.29110774557671,1.52690792608851e-20,9.37163624715302e-20,"NIBAN3",TRUE
988.119373429398,2.49953936922147,0.118562166510485,21.0820993136999,1.16117252050718e-98,9.40266528800936e-97,"CDT1",TRUE
5027.82576877747,-5.2900511561867,0.214668099821031,-24.6429309273107,4.38179608113882e-134,7.87992995258131e-132,"GPD1",TRUE
264.07382729615,3.83302468919037,0.193134232209486,19.8464282863787,1.1831813798953e-87,7.28475154868491e-86,"TMEM145",TRUE
21.0981953668093,1.78056762908267,0.222228311890174,8.01233476480995,1.12550999908975e-15,5.41972682815059e-15,"NLRP7",TRUE
299.475948193246,-2.32658379538865,0.148471703162082,-15.6702169224043,2.41752894312455e-55,5.69544482452268e-54,"PPP1R14A",TRUE
115.054566157214,2.39072794725546,0.152735999130244,15.6526814953218,3.18511000826283e-55,7.46304820611421e-54,"DNAAF3",TRUE
435.667118629731,2.91516946873819,0.231221005825413,12.607719001704,1.91454201260267e-36,2.36022945626767e-35,"PSCA",TRUE
14520.0923289696,-5.17789291675057,0.211347704506896,-24.4994045657194,1.49888410437056e-132,2.61910275079487e-130,"PLIN4",TRUE
1715.53398476258,1.64238540485243,0.101323566247792,16.2093130519696,4.3338569827483e-59,1.12890603431718e-57,"MFSD3",TRUE
1159.66426925539,2.08533533343228,0.114705483892532,18.1799096491851,7.44563459535832e-74,3.0899383570737e-72,"KIFC2",TRUE
185.385821804993,3.09591579986372,0.177550079785406,17.4368595249609,4.33235473657614e-68,1.48047846738421e-66,"KLK4",TRUE
40.8729093418086,-1.90365574196778,0.255882992624608,-7.43955556577585,1.0102460051757e-13,4.34155308009394e-13,"KLK2",TRUE
73.4875663890157,1.6015890841945,0.282702551770114,5.66527989990296,1.46784730206467e-08,4.4598584693496e-08,"KRT1",TRUE
337.475470164848,2.23039919439313,0.162169617588077,13.7534960467041,4.85267155060516e-43,7.57473070973305e-42,"RCOR2",TRUE
1397.87772899235,-1.90635194067669,0.16266922423762,-11.7191924262943,1.01636229595827e-31,1.03384861403627e-30,"ANGPTL4",TRUE
1071.56459028254,-3.21580280973919,0.12359567008069,-26.0187335659877,3.03997949202198e-149,6.94209073416236e-147,"IGFBP6",TRUE
23.4700550778241,3.34918925705741,0.377426840219724,8.87374426023234,7.07268715761138e-19,3.97729221788283e-18,"TBX10",TRUE
26.9209690036757,1.87769297514907,0.25347793043695,7.40771779188929,1.28491363002422e-13,5.49132312821521e-13,"TEKT1",TRUE
9260.02570320181,1.56970074713163,0.107577630720664,14.5913303408541,3.18917428987946e-48,5.98715799700728e-47,"HID1",TRUE
124.6158146318,-1.99570849163497,0.107203801336596,-18.6160235621579,2.38263370462687e-77,1.09748634676303e-75,"TMEM88",TRUE
3121.53989941304,1.68913948648659,0.096327688980337,17.5353473582387,7.6977783064442e-69,2.71213152413169e-67,"EVPL",TRUE
175.199408638133,2.14300053013121,0.193037485014414,11.1014735297199,1.23392534922195e-28,1.0989727212633e-27,"MGAT5B",TRUE
3862.19189370404,3.0878790028277,0.112198379234054,27.5216007923444,9.68305064922516e-167,3.26500364078561e-164,"TK1",TRUE
3.67374006738309,-1.68924601743553,0.148487657874674,-11.3763395666277,5.48541028453063e-30,5.20216013799917e-29,"CYP7A1",TRUE
18.6120036291824,1.6408901595676,0.334024504379059,4.91248437780922,8.99295506117248e-07,2.35248160761382e-06,"KRT24",TRUE
585.153905196873,3.1215021534106,0.137011621903264,22.7827545579638,6.79794565419521e-115,7.88707888266304e-113,"RAB26",TRUE
81.2741744636886,2.28831023228864,0.134719636482785,16.9857215475863,1.04757374934626e-64,3.24109555711717e-63,"DNASE1L2",TRUE
140.50255441122,1.60714643558063,0.134677487316654,11.9332968531103,7.93667318329067e-33,8.42673590629337e-32,"CASKIN1",TRUE
60.3800131202545,-1.74021585352483,0.118397715712216,-14.6980526022537,6.63402362043454e-49,1.27255315314647e-47,"VWCE",TRUE
959.742076078939,-2.1720587784238,0.196154490495842,-11.0732044570239,1.69238538539357e-28,1.49955559912926e-27,"PLAAT5",TRUE
826.604933530529,3.4655476363243,0.117171204722203,29.5767859052115,2.97214697667853e-192,2.13796439189076e-189,"PBK",TRUE
816.159787824874,-5.08715957756307,0.215225987323373,-23.6363630657654,1.63032154490195e-123,2.33769693946738e-121,"SCARA5",TRUE
2.41160447511609,3.37955068670672,0.494921223135419,6.82846184145555,8.58298923609689e-12,3.27737605440982e-11,"OR1F1",TRUE
3.70795187930628,4.03821840165407,0.285573966134945,14.1407091700573,2.13125739093874e-45,3.63433698115038e-44,"OR2W6P",TRUE
1.04845802971604,2.40536109769899,0.40103231317718,5.99792340582859,1.99856741664291e-09,6.48070395960242e-09,"OR2B2",TRUE
3.04844498219197,2.48923302464106,0.374643370530953,6.64427351567242,3.04716262894961e-11,1.12080738934264e-10,"KCNJ4",TRUE
174.649133686658,-1.51551588689817,0.0875431217381029,-17.3116500395318,3.84243886648917e-67,1.27864041231822e-65,"GLYCTK",TRUE
556.475040744096,2.63321877439019,0.224923276908128,11.7071866041937,1.17101032797529e-31,1.18779802010373e-30,"GNG4",TRUE
49.5607777407627,2.56350481357422,0.191584015630382,13.380577733165,7.85345502440414e-41,1.12722021567437e-39,"H1-4",TRUE
889.86629841783,-2.65206955589005,0.177308835916076,-14.9573457080579,1.39479088745777e-50,2.82095476582368e-49,"FAM107A",TRUE
2.73952413645465,-2.26929649405975,0.583294569890662,-3.89048109000076,0.000100045673636273,0.000212760348565733,"PPDPFL",TRUE
114.746907512647,3.14541081795116,0.197060801864239,15.9616259966207,2.36489113301369e-57,5.8965165396228e-56,"XIRP1",TRUE
4217.65995812253,2.53663662581108,0.160649059150146,15.7899251899153,3.65012559087535e-56,8.7521900278989e-55,"DEGS2",TRUE
45.8005512541437,-2.03790343635837,0.123247665708183,-16.5350266445092,2.05287366920998e-61,5.70453354110203e-60,"SCN11A",TRUE
62.0847316366798,-2.78281319551563,0.169148905130778,-16.4518546151043,8.13389471516487e-61,2.21628090850073e-59,"KLHL30",TRUE
11084.8715652855,1.57028994008109,0.109106877521353,14.3922177570683,5.79087606145962e-47,1.03406789744558e-45,"RAB31",TRUE
2418.93569931208,-4.11994026552038,0.148665841953297,-27.7127564165993,4.90112394719907e-169,1.76277091300926e-166,"TNXB",TRUE
135.560035348215,-2.0952265840108,0.144672910553673,-14.4825079967786,1.56288785684556e-47,2.84497005067289e-46,"PHYHIP",TRUE
2265.49938190919,1.63725095089931,0.0798087890490977,20.514669755133,1.59246368580924e-93,1.13230202107952e-91,"FEN1",TRUE
1150.26161752408,-3.97251455510046,0.149811401943911,-26.5167704430652,6.20990839346011e-155,1.59535503727225e-152,"CAVIN2",TRUE
964.384658478339,1.50127654274734,0.126218499272813,11.8942670955263,1.26760910014631e-32,1.33471599810478e-31,"MTCL1",TRUE
9.69218657285655,4.63566657754556,0.27157518666284,17.0695512889428,2.50114776581407e-65,7.86231154934707e-64,"GBX2",TRUE
96.9867494970035,-2.12571775103212,0.162999936309537,-13.0412182922291,7.13084136037538e-39,9.5668981384458e-38,"GFRA2",TRUE
1.43305790360007,2.59651098801783,0.462130978463899,5.6185607739358,1.92554665855713e-08,5.79341887649534e-08,"ADAM18",TRUE
27.0139487132195,1.99132613287,0.211510756923743,9.41477474636403,4.74097847111986e-21,2.98063555445787e-20,"GDNF",TRUE
4.38087667191935,2.12499611094702,0.316362404493733,6.71696788481426,1.85544841541737e-11,6.92264467577919e-11,"WFDC13",TRUE
10504.9255789352,1.98679214080697,0.140230070316683,14.168089171746,1.44375754389703e-45,2.47370288188153e-44,"NPNT",TRUE
204.762436269318,-2.23018316232076,0.178405080559779,-12.5006706945965,7.40241102878333e-36,8.89938885800247e-35,"NSG1",TRUE
6.49855064507019,1.6256514547663,0.2061069520775,7.8874168890481,3.08505473161375e-15,1.44965663817583e-14,"OR13J1",TRUE
6.78790780324889,3.59042158351029,0.391445417427309,9.17221513821154,4.63397058852121e-20,2.77434000000798e-19,"HTR1E",TRUE
6.63874611279324,1.73775036094794,0.379049574447884,4.58449363379214,4.55087952006665e-06,1.11574619453577e-05,"FSTL5",TRUE
295.243708503824,-3.3325502161535,0.146530356419535,-22.7430704298022,1.6805118231263e-114,1.92901303952477e-112,"ATOH8",TRUE
40.6443982249963,-1.88611651261058,0.261348355212773,-7.2168677360721,5.3198672820392e-13,2.19466136391523e-12,"SFTPB",TRUE
228.446633639414,-2.03243399296421,0.0913191049832374,-22.2563941394003,9.78050178866047e-110,1.01962912366808e-107,"SLC35G2",TRUE
125.391125354737,-1.65631671655216,0.173790289362452,-9.53054812572296,1.56454947015777e-21,1.00604819922541e-20,"STXBP6",TRUE
2.24197111378981,2.80767770298708,0.413674864098078,6.78716051338669,1.1436195199541e-11,4.32970337554554e-11,"PMCHL2",TRUE
2.32261090540099,2.58588789864498,0.460737974437724,5.61249135541898,1.99434176193921e-08,5.99246661412535e-08,"VCX3A",TRUE
17.8124277777689,2.93012984841215,0.269386831255156,10.8770344666061,1.48309678696675e-27,1.26178705549941e-26,"ZBBX",TRUE
18.7033063907898,1.68574970149345,0.216205521700447,7.79697802459024,6.34072771401342e-15,2.92722011056604e-14,"VXN",TRUE
83.6027326942473,1.62589110163768,0.195243429929035,8.32750736979286,8.2562265286644e-17,4.19864188732362e-16,"PCSK9",TRUE
195.220378005424,-1.7641870674081,0.207306458933516,-8.51004390545244,1.73867505037808e-17,9.12355199687755e-17,"RSPO1",TRUE
5628.4132370314,1.92759393030013,0.0752076133288946,25.6303031698461,7.01138285658652e-145,1.48338864750134e-142,"SLC50A1",TRUE
3098.32068963618,3.60930610892434,0.174673125316433,20.6632022091882,7.42718358507714e-95,5.42398043201234e-93,"CXCL10",TRUE
145.3464394105,-1.52275895239208,0.126289864386135,-12.0576497551394,1.76755080606729e-33,1.93721413889955e-32,"SH3TC2",TRUE
830.096776982137,3.75295821795087,0.177418305438958,21.1531623451453,2.58049782373486e-99,2.12952745836322e-97,"CXCL11",TRUE
245.748300914848,-2.81554688681757,0.122456647762368,-22.9921930598759,5.57981806218974e-117,6.78380133983407e-115,"ADRB2",TRUE
529.046767817577,2.86002867895342,0.107801724526126,26.5304538635677,4.31759254881538e-155,1.1158520623166e-152,"GPRIN1",TRUE
312.556844218455,-1.76808652554454,0.100780229749243,-17.5439818895414,6.6127250852179e-69,2.33364852557649e-67,"KCNAB1",TRUE
564.739084437476,-2.12576578731772,0.0945144043253155,-22.4914477585968,5.03304742664653e-112,5.49940068187504e-110,"SHE",TRUE
113.88817218162,-2.50961656699609,0.142531505190494,-17.6074515149614,2.15951460468811e-69,7.76705419486157e-68,"P2RY12",TRUE
2344.88572059869,2.57461571562913,0.27591637592577,9.33114501446548,1.04733267969791e-20,6.47884168779731e-20,"GP2",TRUE
1171.08028222393,-3.61436172036071,0.111360949275803,-32.4562761350855,4.41758850891573e-231,1.00349010549896e-227,"NPR1",TRUE
20.8937483442533,2.45422991684066,0.18317620696891,13.3981915962328,6.19544007872607e-41,8.92805321528605e-40,"KCNK9",TRUE
75.1461175241483,-2.33082042813046,0.125857488365006,-18.5195212331801,1.43709289996219e-76,6.46766731620106e-75,"SCN9A",TRUE
515.687042856353,3.28177989951592,0.191881228193846,17.1031837267611,1.40514207739972e-65,4.44618270238796e-64,"COL22A1",TRUE
2.9296819698001,3.73281406267521,0.683361036813691,5.46243326965233,4.69652099501803e-08,1.36803567621636e-07,"CRCT1",TRUE
1117.95831988996,-1.73577759555576,0.129069558447242,-13.4483887326946,3.14654071555938e-41,4.58180490160402e-40,"CCDC8",TRUE
5.23824510134336,2.76173940679292,0.417831263162804,6.60970025528424,3.85098962088419e-11,1.40807109486074e-10,"ZNF280A",TRUE
2691.8038280209,-1.53466422864329,0.0914588143066585,-16.7798395406441,3.42761010382346e-63,1.00091780839662e-61,"ZEB2",TRUE
318.001227449559,1.83941384366063,0.163133302723555,11.2755262901634,1.7333894314988e-29,1.60336664945324e-28,"CLIC3",TRUE
0.861397795251646,-2.2145448783619,0.320948940580017,-6.89999123960274,5.20057462971566e-12,2.01541529153747e-11,"GKN1",TRUE
623.554362097576,3.35609866677375,0.111364376229402,30.1361959758158,1.62687851480183e-199,1.43298115711933e-196,"CKAP2L",TRUE
22.4992126335299,-2.34037679470307,0.275201073436493,-8.50424297215958,1.82784368699089e-17,9.58446525701939e-17,"PROKR1",TRUE
27.7769524541064,1.71238351675456,0.120895004046475,14.1642206827363,1.52549837306974e-45,2.61064670030492e-44,"BOLA2B",TRUE
14.3881959059054,1.78415018930653,0.201888669191042,8.8372972909056,9.80619453979272e-19,5.48374392766849e-18,"BCRP2",TRUE
1549.72335985651,3.30571159622018,0.112309718724629,29.4338872339751,2.02429173017603e-190,1.36513173553746e-187,"BUB1",TRUE
1650.71875342343,1.51373362276247,0.0922359631439927,16.4115337571673,1.58159016818713e-60,4.27971358363363e-59,"LRRC45",TRUE
3991.63284984257,-1.7193849685506,0.100240693664507,-17.1525645493352,6.01388677911439e-66,1.93124518888822e-64,"AGPAT2",TRUE
973.814382796757,-2.13981577311362,0.0830461434872927,-25.7665881070208,2.10122747480339e-146,4.5572350659555e-144,"LDB2",TRUE
77.1330778587552,-2.00550141149926,0.210041800268609,-9.54810618141035,1.32088724187386e-21,8.51905160778178e-21,"NLGN1",TRUE
1362.9024100192,2.50070119773254,0.15380618418797,16.2587818619593,1.93547807783314e-59,5.10606563809769e-58,"LINGO1",TRUE
10.8602456547442,2.17339579624298,0.275598318753091,7.88609961801012,3.11777758759468e-15,1.46439526260296e-14,"TACR3",TRUE
4.16210969361337,1.83964856300107,0.328919269118404,5.59300939690107,2.23167207434131e-08,6.68092992498932e-08,"ONECUT1",TRUE
4236.89207892383,1.52258781478981,0.140020806632854,10.8740111659416,1.53309072349566e-27,1.30303654245909e-26,"REPS2",TRUE
313.015822069517,4.74372110257346,0.299777530475204,15.824138303674,2.12082754467396e-56,5.12513532072386e-55,"PYDC1",TRUE
33.2116125161252,2.92919219683482,0.424125179252139,6.90643314787363,4.96990974375455e-12,1.92879511321326e-11,"S100G",TRUE
8.48344508612965,-1.80451680996682,0.209255295458622,-8.62351801426049,6.49279565290489e-18,3.48153882941204e-17,"FRMPD4",TRUE
141.314728318565,2.15613380008222,0.153543123944408,14.0425291911012,8.56021941542367e-45,1.42099642296033e-43,"TAS1R3",TRUE
102.580988403447,2.51292520981213,0.229387981341995,10.9549122631041,6.29393298296944e-28,5.44381057204331e-27,"ZPLD1",TRUE
58.1749415091886,2.66608924659519,0.228930117913374,11.6458649953783,2.40865284779916e-31,2.40976951578608e-30,"SERPINA9",TRUE
78.9191600437921,2.0856194097947,0.174754771207423,11.9345491707302,7.81813173659047e-33,8.30291746435149e-32,"GPR37L1",TRUE
76.7640844768961,4.96752924679815,0.275932435507295,18.0027014137191,1.85544094609945e-72,7.36714178782451e-71,"NSG2",TRUE
1410.47173987823,1.68984649367039,0.372441635650187,4.53721155724266,5.70029165251292e-06,1.38410457227824e-05,"SERPINA6",TRUE
33.0616899251622,1.65649656645112,0.126640115108282,13.0803463423478,4.26492492279171e-39,5.78322527927284e-38,"FOXD4",TRUE
3673.48451564473,-2.44195558731024,0.0746416887729673,-32.7157065636307,9.33891526268057e-235,2.37098578080761e-231,"SIK2",TRUE
1097.43152440596,-2.61449923140228,0.140296969161945,-18.6354648073999,1.65708653805948e-77,7.68204672208886e-76,"RNF150",TRUE
1.09467661044003,-1.7342870963265,0.287224238644548,-6.0380945024377,1.55944733006298e-09,5.09698953165605e-09,"VGLL2",TRUE
2.73001213797564,2.20388537731182,0.35864924293597,6.14496034975677,7.99834920605427e-10,2.67003443215486e-09,"HOXD12",TRUE
56.7185945157465,4.36048325508482,0.292534876160281,14.9058577641036,3.01910361590557e-50,6.05223000754687e-49,"FABP6",TRUE
5.14033770662121,-2.93539797757423,0.173154071878988,-16.9525206408411,1.84376591343343e-64,5.65177108123486e-63,"MRAP",TRUE
1881.72175189348,-1.97439122057384,0.134925587782114,-14.633185988133,1.72515744282993e-48,3.25997352156478e-47,"FAXDC2",TRUE
0.862498018000884,-2.56951523092714,0.219433464240429,-11.7097692451858,1.13588335800885e-31,1.15270928125234e-30,"HSPB2",TRUE
1.04639090223948,2.29257096400809,0.451271576636422,5.08024675760857,3.7694492044044e-07,1.01820896020837e-06,"C7orf33",TRUE
23.6241754589571,2.78556923602044,0.24749961403592,11.254842747416,2.19216760383449e-29,2.01950808498392e-28,"LGALS9B",TRUE
2620.64234770545,3.16440427526412,0.104841003136621,30.1828881887033,3.97286581541557e-200,3.64827422539013e-197,"CDK1",TRUE
12195.0777803958,-4.87654016653813,0.226706293721288,-21.5103872349187,1.24461096240774e-102,1.10529648431107e-100,"FABP4",TRUE
20711.8988566233,-2.57218163546717,0.154642961460082,-16.6330339976781,4.01726463837989e-62,1.13769778079052e-60,"FOS",TRUE
199.29799180822,6.59590440700099,0.406718704931681,16.2173618449856,3.80177241561501e-59,9.92046538439806e-58,"CST5",TRUE
148.788519450427,4.76958998438906,0.205143003000922,23.2500739221782,1.42008435402746e-119,1.81853032821506e-117,"CST2",TRUE
82.5738814499012,-1.50109867535658,0.125240835141718,-11.9856967869784,4.2227860973289e-33,4.55183436465323e-32,"EMX2",TRUE
713.445998538761,6.91883491341037,0.244594545848952,28.2869550070959,5.00094353231264e-176,2.20245635565932e-173,"CST1",TRUE
1827.93287657006,1.54631277535418,0.125815493165107,12.2903208218162,1.02100020797631e-34,1.17604400790652e-33,"LRRN2",TRUE
1175.68714614057,6.29082146008896,0.406979877902549,15.4573279949612,6.73342327287704e-54,1.51204239571994e-52,"VSTM2A",TRUE
72500.8640141293,1.84577760774271,0.110504860326231,16.703135068391,1.24355559657485e-62,3.58051097719617e-61,"KRT8",TRUE
7.16311058577604,1.53065521962362,0.37649651563037,4.06552293601134,4.79248805811998e-05,0.000105419593592813,"KRT78",TRUE
49.8047233643064,3.37546493127983,0.298709137766013,11.3001729927791,1.30959765412045e-29,1.22131017182019e-28,"KRT75",TRUE
115.392555403135,1.717498195434,0.140712625643123,12.2057149284523,2.89752179006672e-34,3.27545941485803e-33,"SLC23A1",TRUE
1.89529637661312,-1.65348507764649,0.301346161339342,-5.48699565409272,4.08827187347465e-08,1.19773156434405e-07,"KRT74",TRUE
15.8925947032751,2.57488754745178,0.195168278933774,13.1931662333586,9.60641267964841e-40,1.32888708735136e-38,"KISS1",TRUE
56.988994870711,-5.00477202227199,0.175149550486499,-28.5742784287521,1.40286762570909e-179,6.95951341673614e-177,"HSD17B13",TRUE
6.81589017017074,5.24435659012239,0.86498719250356,6.06292975846669,1.33664050199946e-09,4.39136820174292e-09,"COX7B2",TRUE
9156.02787716197,-1.97915600336653,0.10371143922461,-19.08329513276,3.47635354319395e-81,1.78405967805292e-79,"PFKFB3",TRUE
566.186477658822,-1.54202393008848,0.209052710839155,-7.37624460308919,1.62816764819674e-13,6.91923155732291e-13,"IRX1",TRUE
502.109603833615,2.34313360958093,0.173142349371817,13.5329895781253,9.98776724133626e-42,1.478806292062e-40,"CDH2",TRUE
524.587977722831,2.30904139652025,0.172875175041018,13.3566973741162,1.08261908300596e-40,1.54670107985889e-39,"SIX2",TRUE
65.6156244322058,2.2075672034916,0.251246864679426,8.78644677340874,1.5436477125897e-18,8.55467838666815e-18,"FOXA3",TRUE
38.8842345457233,1.59442982421928,0.172277668573399,9.25500000912759,2.14230391000782e-20,1.30503651031669e-19,"GTSF1",TRUE
2.1576904711377,-2.72320106414522,0.257101064051973,-10.5919478559401,3.2476257909206e-26,2.60340878781822e-25,"OR10A3",TRUE
360.297763478538,1.62315867462036,0.108504992817042,14.9592994062244,1.35444393220645e-50,2.74320976602677e-49,"ZNF296",TRUE
1.34431470244735,-2.22514101813113,0.311836814482506,-7.13559437112565,9.63698134936441e-13,3.91908145706744e-12,"OR5E1P",TRUE
125.103332806388,2.36118574636363,0.170983181630982,13.8094619824046,2.23494527181723e-43,3.5255934916532e-42,"HOXB9",TRUE
556.33364110011,2.03708010600592,0.224708574138814,9.06543114259412,1.24112432249678e-19,7.25740763568094e-19,"SYT9",TRUE
1047.06266948567,1.91362987023805,0.211033799130534,9.06788333490782,1.21351395147202e-19,7.09884279554521e-19,"SDR16C5",TRUE
2.35423117102403,2.82784556970816,0.339415609949252,8.33151300887714,7.98156649659526e-17,4.06327447503009e-16,"DYDC1",TRUE
25.1072770689142,2.00798307731675,0.193783236504565,10.3620060926655,3.69137492749033e-25,2.82732461172108e-24,"BFSP2",TRUE
105.056095824122,1.69074873877159,0.179895546707222,9.3985024627834,5.53451450652757e-21,3.47244724671798e-20,"CEL",TRUE
457.363745683033,4.10567994462,0.32067662613266,12.8031780617572,1.57376256584406e-37,2.0233420417584e-36,"TRH",TRUE
677.314059910181,-1.55340441612545,0.0916851972627021,-16.9428049729177,2.17501897082415e-64,6.63888393074755e-63,"TPT1-AS1",TRUE
1.18675335708461,2.28611217946135,0.435013204447479,5.2552707735964,1.47806845277241e-07,4.135985115512e-07,"TEX13B",TRUE
2.09285119346942,3.29676737857777,0.40199614218289,8.20099257837627,2.38410251827291e-16,1.18600581706615e-15,"PGK2",TRUE
237.325405373121,1.89658303372563,0.185604523302621,10.2184095515459,1.6400965478212e-24,1.21940683900023e-23,"DCDC1",TRUE
1702.8976141177,-1.84209430342781,0.101616347964357,-18.1279325652793,1.918371607435e-73,7.86021675748279e-72,"PDGFD",TRUE
81.8054325507442,4.77241072897464,0.1912678496742,24.9514528296512,2.05923663681952e-137,3.89809882654082e-135,"PLAC1",TRUE
1793.1803137274,-2.03009579855619,0.0992036307068679,-20.4639264116736,4.51516943621153e-93,3.18943883579198e-91,"S1PR1",TRUE
304.510102002717,-1.88258845129974,0.10121688782233,-18.5995488678166,3.24023023888717e-77,1.4845895659275e-75,"SOX7",TRUE
459.915880354167,1.88605254193122,0.295420324433668,6.38430191134226,1.72181099690102e-10,6.01873836772076e-10,"OBP2B",TRUE
969.317940904493,-1.86469601179869,0.088663153592841,-21.031239429648,3.39659907487483e-98,2.71476326058514e-96,"GIMAP8",TRUE
325.812967013212,1.89497040779926,0.226854947589951,8.35322494806013,6.64239770569546e-17,3.39353557028665e-16,"FUT3",TRUE
31.1352101380602,2.83518786160547,0.187754420561563,15.1005118980719,1.60681113160149e-51,3.36650332232622e-50,"KCNG3",TRUE
50.1292657043585,-1.74552681863602,0.400519577895258,-4.35815604273032,1.31162856315446e-05,3.06479826678288e-05,"MUC7",TRUE
293.095210996678,-2.95945468189071,0.410595887920992,-7.2077065770814,5.69020781325846e-13,2.34273938014151e-12,"OPRPN",TRUE
978.306988495016,-3.00567876303641,0.114054738070336,-26.3529495914748,4.7480632539595e-153,1.18454572277972e-150,"TMEM37",TRUE
2618.9960755351,2.11179998648682,0.187138475102321,11.2846916452224,1.56188319579996e-29,1.45000814649874e-28,"LRG1",TRUE
711.368566653405,2.62744804891533,0.107440654428201,24.4548775591382,4.46570825784834e-132,7.67888320353523e-130,"SHCBP1",TRUE
553.589523946339,-1.62139457273502,0.245238238414729,-6.61150799001026,3.80424582305708e-11,1.3914512688402e-10,"SOSTDC1",TRUE
433.116156870827,2.72399714152611,0.107774412998635,25.2749893572662,6.01820243692273e-141,1.18605304647299e-138,"ESCO2",TRUE
91887.0156277588,1.93497256336026,0.12037617756072,16.0743811821423,3.85826901074658e-58,9.80700179645597e-57,"KRT19",TRUE
2.53324196842105,2.41408769157333,0.433569145072342,5.56794162825062,2.57766138253046e-08,7.67677789608162e-08,"KRT38",TRUE
1.65129632344129,-3.57572847399984,0.337846133779182,-10.5838963850241,3.53926823081363e-26,2.83193950392874e-25,"XAGE3",TRUE
222.870339126786,-1.52382009576271,0.1017906746649,-14.9701345509223,1.15088175790577e-50,2.34081322673012e-49,"PDE7B",TRUE
7837.15945607732,3.26318633273716,0.198543781180666,16.43560081979,1.06365280360047e-60,2.88906576484559e-59,"NAT1",TRUE
10.7933050812897,3.46200632898727,0.394305894460502,8.78000145984138,1.63472536492326e-18,9.05128245671428e-18,"KRT20",TRUE
15.1281726109858,4.20700268257414,0.363531613573725,11.5725910085697,5.67427828404081e-31,5.578629857385e-30,"CDK5R2",TRUE
123.202189152525,-1.63405163447009,0.101118521805618,-16.1597658400431,9.69291457634822e-59,2.50807070212943e-57,"DLK2",TRUE
3.75989543029808,2.87335864352491,0.31859556032944,9.01882826161717,1.90111767798363e-19,1.10092900820842e-18,"OTP",TRUE
117.308205072901,1.6882394070672,0.403880097058927,4.18005100860636,2.91443714484736e-05,6.56269145779789e-05,"FGG",TRUE
217.918048919905,1.86801688142827,0.411891780353074,4.53521281688846,5.75454306996736e-06,1.39688458323842e-05,"FGB",TRUE
69.7096499361568,-3.48225677463763,0.141891817037028,-24.5416321205395,5.31295411378294e-133,9.35947345105598e-131,"NMUR1",TRUE
324.618919435168,1.549747269597,0.121968351012885,12.7061426733012,5.46650682810038e-37,6.88457644297673e-36,"P2RY6",TRUE
560.887431148904,-1.75448514912759,0.104725791214807,-16.7531333855372,5.3720701538713e-63,1.56133702249889e-61,"GPR34",TRUE
3.03272530955895,2.00930544140815,0.376779343035366,5.3328439537609,9.66863948531909e-08,2.74285842110143e-07,"SHANK2-AS3",TRUE
8.21337025118497,3.03820598381302,0.233370091115918,13.0188318875185,9.56224987278692e-39,1.278125439794e-37,"LKAAEAR1",TRUE
100.199869614377,2.0615809265192,0.240457454604051,8.57357876433444,1.00317866324504e-17,5.32626289896124e-17,"PAH",TRUE
1.50794675336126,-3.10916678268583,0.212977055009865,-14.5985997531134,2.86672916415729e-48,5.38885151241414e-47,"NXNL1",TRUE
250.536797021166,1.82247580199634,0.241612923324044,7.54295663047827,4.59433983193172e-14,2.01270510704601e-13,"KNDC1",TRUE
79.5467820741245,-4.09553969624322,0.260365390216134,-15.7299696893025,9.42561873580893e-56,2.24384834328469e-54,"ANGPTL7",TRUE
3210.50425089429,3.41546060305782,0.11812046339372,28.9150626820129,7.72055031141333e-184,4.32751884987792e-181,"RRM2",TRUE
2.73594556302056,3.45199039634825,0.3241804720673,10.6483600765182,1.77463751386726e-26,1.43702354781446e-25,"IFNB1",TRUE
14.3923596396115,1.64112857801379,0.230833640593411,7.10957282393889,1.1640266886824e-12,4.71156258872104e-12,"KLF17",TRUE
2509.18392674153,-1.89221090295756,0.0783484491983311,-24.15122344244,7.24887707279962e-129,1.17617118218809e-126,"TLN2",TRUE
28.6357830490696,2.52590013454105,0.221896863411939,11.3832169400784,5.06945617909764e-30,4.81509086025207e-29,"LGALS9C",TRUE
177.928174123331,1.85882985686561,0.154005698761536,12.0698771007419,1.52361678389379e-33,1.67582314966504e-32,"SCG2",TRUE
5873.23105315664,-1.96470645277018,0.0840098812003925,-23.3866114878044,5.84871902022009e-121,7.86388513746726e-119,"SYNPO",TRUE
7946.36518026623,3.81989261172469,0.145865847197651,26.1877107294943,3.66826184290348e-151,8.74708183092344e-149,"LRRC15",TRUE
1145.83404335148,-2.07893707392068,0.204460100027093,-10.1679353264779,2.75690407358175e-24,2.02878055951899e-23,"CALB2",TRUE
73.8765626895174,4.11628675409211,0.157711731855021,26.1000669111671,3.63942504657333e-150,8.44503145215619e-148,"CCL11",TRUE
2429.30703303149,-1.95487001209124,0.16923894051826,-11.5509468808115,7.30115688310882e-31,7.14715198627754e-30,"ID4",TRUE
7.5883900079859,1.96700286275931,0.26888938706375,7.31528634967268,2.56833112962788e-13,1.07953101250956e-12,"GPR22",TRUE
67.6861461210166,1.59766297899933,0.214414623101761,7.45127806997137,9.2440291100973e-14,3.9805676583039e-13,"AZU1",TRUE
37.3187348586535,-3.10243086338316,0.178184785999127,-17.4113117794376,6.77144189783034e-68,2.29941331479432e-66,"B3GALT1",TRUE
1700.06855318708,1.59797575512061,0.0960403953995521,16.6385795109717,3.66202460011664e-62,1.03845585900811e-60,"MCRIP2",TRUE
3718.315538788,2.05915344418849,0.13997989294432,14.7103516146248,5.53192287968377e-49,1.06540736942058e-47,"ARNT2",TRUE
268.968228491829,1.61834358348604,0.137218701209331,11.7938995867422,4.19650088408936e-32,4.33822702173166e-31,"PRSS27",TRUE
10.9719561252616,-1.9461710910256,0.16526978827495,-11.7757220562772,5.20693199969133e-32,5.35584330568822e-31,"MYOZ2",TRUE
4332.12880762311,-2.54165249865157,0.128700523724584,-19.748579299418,8.25063512170498e-87,4.92527540598599e-85,"SYNPO2",TRUE
104.03272132356,-2.03344381952383,0.09824097025029,-20.6985315224717,3.57085652353083e-95,2.61660725900833e-93,"IL17D",TRUE
994.035987996652,3.84452434711043,0.243211223865121,15.8073475640356,2.76881023319939e-56,6.66173927177083e-55,"MAB21L4",TRUE
55.3854033317854,1.96858627395288,0.196274213802842,10.029775362801,1.12772877031877e-23,8.05040915100202e-23,"NIPAL4",TRUE
33.5944969989631,-1.93441467161273,0.190961834298468,-10.1298496567084,4.0727515939081e-24,2.97277116172964e-23,"SNTG2",TRUE
844.720722398293,1.57523220686158,0.138036451224998,11.4117118549649,3.65465153544433e-30,3.48662157979172e-29,"RASGRP1",TRUE
15.2062290441336,3.4006926141519,0.260564432816023,13.0512540694801,6.25098872712157e-39,8.42312436661152e-38,"COL6A5",TRUE
10.1688485682347,2.52315546428439,0.294756758738263,8.5601275949872,1.12742674854099e-17,5.97565251959097e-17,"FADS6",TRUE
7.57577002084933,2.38208719464328,0.260011420132811,9.16147142085736,5.11944331238878e-20,3.0543983047097e-19,"KRT2",TRUE
147.022567868581,-5.05554152495609,0.162864566134048,-31.0413839238368,1.49115189478159e-211,1.83880330796495e-208,"LVRN",TRUE
481.424550668624,-1.7180297710371,0.227105039631523,-7.5649125788868,3.88125540621953e-14,1.70916216031461e-13,"MYEOV",TRUE
245.690833373874,-2.07202182355824,0.117375279338673,-17.6529660694537,9.65496408974368e-70,3.52247041515923e-68,"MRGPRF",TRUE
108.600741742177,-3.17975126018257,0.207132947884262,-15.3512576954165,3.47385689802001e-53,7.641776947938e-52,"HPSE2",TRUE
438.825429706955,1.71459352591519,0.132304284621566,12.9594708955911,2.07675021644972e-38,2.74441332951531e-37,"HSPA6",TRUE
195.67307275251,-2.14226411454315,0.166797779967739,-12.8434809801275,9.3570582834039e-38,1.21130964460622e-36,"LRRN3",TRUE
14.8025521409057,4.66156403582034,0.335303971525248,13.902501704992,6.11655193747658e-44,9.8357072139154e-43,"ADAMTS20",TRUE
215.21756640093,-4.10389763085352,0.152209759370598,-26.9621189063272,4.11274952523609e-160,1.17553820867013e-157,"ABCD2",TRUE
2393.15487123302,-1.50418915863771,0.131423329626259,-11.4453739904118,2.48032502622213e-30,2.38208340302063e-29,"ABLIM3",TRUE
13.8785176909668,2.70890281991255,0.411806642120703,6.57809404423971,4.76516818973009e-11,1.7322046582056e-10,"C11orf86",TRUE
71.8851379629815,-2.81468739284341,0.1547622033569,-18.1871757560365,6.52151766431651e-74,2.71687936671719e-72,"DMRT2",TRUE
50.8073573137363,1.55434324532661,0.234275964581203,6.63466799978899,3.25233733165893e-11,1.1935284349494e-10,"SLC2A14",TRUE
1698.23391621399,-1.717840298559,0.1783549987154,-9.63157921522652,5.88184732204892e-22,3.85279299468252e-21,"SNCG",TRUE
2532.99812355848,-1.91222472941581,0.0873724190019074,-21.8859080618343,3.53892415330764e-106,3.42466292503941e-104,"MMRN2",TRUE
725.40541894411,2.8617085223243,0.370673653535815,7.72029113757286,1.16064292621945e-14,5.28299395651039e-14,"CST9",TRUE
1175.14782562557,2.24168708095053,0.113289042451168,19.7873248149023,3.828298993683e-87,2.32063742369885e-85,"OLR1",TRUE
233.956477301166,4.55049436266479,0.288604705191829,15.7672216731192,5.2300363683729e-56,1.25126590720052e-54,"INSM1",TRUE
51.6031123740235,-1.99705209431892,0.109021830177442,-18.3179101934774,5.95562457175004e-75,2.55257950860707e-73,"IHO1",TRUE
5108.33107445265,-3.51555971422481,0.205483926413634,-17.1086847306396,1.27854049193274e-65,4.05152772627145e-64,"SAA1",TRUE
4194.57091988961,1.56931619264461,0.093873653608861,16.7173230434111,9.80245034418773e-63,2.82992479501767e-61,"PPP1R14B",TRUE
6320.20341880786,2.35841883053658,0.218266218667911,10.805239788961,3.2510647066501e-27,2.72246706905352e-26,"AGR3",TRUE
3050.77005452541,-1.54468540185131,0.0860208142947862,-17.9571120607834,4.22210919624159e-72,1.65509748328599e-70,"PTPRM",TRUE
256.709846260925,-1.66610164507339,0.124330619363137,-13.400573837786,5.9997459341676e-41,8.6547137205439e-40,"TNFRSF10D",TRUE
7.8880368595624,-1.60640885669408,0.347151084092125,-4.62740556001772,3.70274985750783e-06,9.15453307269508e-06,"NLRP13",TRUE
2809.37302793017,-1.53053322836776,0.0965320740589475,-15.8551781186545,1.29460029504137e-56,3.15677676463194e-55,"PC",TRUE
7.48374631122497,3.50506035195851,0.386206117706837,9.07562099940411,1.13031086718162e-19,6.61929674729428e-19,"APOBEC4",TRUE
973.538299674173,-5.15357162126182,0.159795826870303,-32.2509775267453,3.4086852458454e-228,7.35594276053437e-225,"HSPB7",TRUE
45.1654584288717,2.98104248195417,0.284757741522779,10.468696886036,1.20287424085538e-25,9.41702380470131e-25,"MUC13",TRUE
88.9696922788369,-1.6181874917362,0.174564784122088,-9.26983927413712,1.86426633640007e-20,1.13855575320542e-19,"HAP1",TRUE
58.9149948523125,2.0370610698136,0.111667352431574,18.2422259098678,2.38543307860833e-74,1.00248580012401e-72,"TIGD3",TRUE
16.2948843689176,3.00437772237155,0.271243463497956,11.0763138164772,1.63464758785853e-28,1.44981153740044e-27,"KCNH6",TRUE
36.7071500292761,2.56449392577406,0.184220304936454,13.9207994833071,4.73576937161105e-44,7.66101222184157e-43,"MARCHF10",TRUE
1463.07503200482,2.69863160485584,0.156006502456619,17.2981995132303,4.85320733059767e-67,1.60632230359352e-65,"CBX2",TRUE
2157.62409496547,-1.66827473475048,0.110550475754834,-15.0906156066681,1.86692294901006e-51,3.89069987828461e-50,"C1QTNF1",TRUE
0.381648156492293,-1.50612985818094,0.444977456793325,-3.38473294587702,0.00071247535448563,0.00137573533910164,"SNURFL",TRUE
0.882919224505322,-2.24365371259517,0.241120346854144,-9.30511979543717,1.3384137132275e-20,8.23463091416949e-20,"RAX2",TRUE
11.0884035096663,2.50296126869548,0.324674841272694,7.70913218555559,1.26676155158534e-14,5.7502554234774e-14,"CBY2",TRUE
5158.51390221809,-2.12458457371668,0.0806768811091567,-26.3344906806956,7.72693184464231e-153,1.91663435870553e-150,"CD34",TRUE
2843.71841207564,-1.78192481081014,0.0992835436027426,-17.9478365310978,4.98965632561254e-72,1.95066636787534e-70,"MSRB3",TRUE
33.0821822665237,-3.60896868190233,0.252439352090366,-14.2963791184602,2.30493951855544e-46,4.02757852716003e-45,"NWD2",TRUE
15.5701907771686,1.98403632975313,0.309827254838549,6.40368559824413,1.51670279926371e-10,5.32288931665488e-10,"GSTA3",TRUE
607.393589482108,-1.7802039588596,0.160376230625016,-11.1001733356733,1.2520083613045e-28,1.11461800482471e-27,"SELP",TRUE
72.5357326747005,5.15977491434896,0.301682413551473,17.103333447936,1.40153631849653e-65,4.43802696304552e-64,"CHRNA9",TRUE
1.090142264539,2.13471900214118,0.40533492152532,5.2665558499327,1.39006970449081e-07,3.90011106063989e-07,"SLC6A19",TRUE
822.501800714286,3.45247018522032,0.120994153232775,28.5341902313105,4.41322951853655e-179,2.11638873355597e-176,"EXO1",TRUE
2.54404715313564,-1.90553642247504,0.211828951411363,-8.99563732803724,2.34865523901225e-19,1.35355801997287e-18,"ABRA",TRUE
4.30432520522684,2.10799314138864,0.32865523185008,6.41399538818304,1.41754497780794e-10,4.98665264016552e-10,"VWC2L",TRUE
2192.50806660595,3.95868363822382,0.217367077790378,18.2119743176631,4.14718318034982e-74,1.73274371794674e-72,"CNTNAP2",TRUE
37.3520223377106,2.40286321186812,0.256582206602407,9.36488637963714,7.61321598381071e-21,4.74767232858359e-20,"SLC26A9",TRUE
393.983784051628,1.60919078890621,0.117647772945891,13.6780386794598,1.37347567546422e-42,2.1058333979764e-41,"GOLT1A",TRUE
7.33746198108915,-2.00450766183454,0.173992471092991,-11.5206574700765,1.03815801420781e-30,1.01052999308094e-29,"NPAS4",TRUE
78.7640053579789,-3.31425674092667,0.187135941807409,-17.7104232832918,3.48442212795139e-70,1.28977409127257e-68,"KY",TRUE
153.323867247643,2.84230828147367,0.197838990717888,14.3667750788655,8.36360156788597e-47,1.48061133580787e-45,"BRSK2",TRUE
72.7330142677168,-1.60486478431246,0.218425067592438,-7.34743865254053,2.02040974654307e-13,8.5474303725543e-13,"GRIK1-AS1",TRUE
2288.82210830067,-6.1581380046432,0.264506888007727,-23.2815789827874,6.81387461145472e-120,8.83143628319477e-118,"LEP",TRUE
126.04039000057,1.74047657358806,0.172172027945429,10.1089392647435,5.04272794058107e-24,3.6658941875607e-23,"PCP2",TRUE
6.84525776362063,1.56003431321637,0.198101865405993,7.8749097592757,3.40988880976837e-15,1.59661578862575e-14,"ODAPH",TRUE
3851.85361554409,-2.6570390100568,0.0946742398209175,-28.06506833414,2.61589986316116e-173,1.06511545371732e-170,"FZD4",TRUE
3446.40637092594,-1.69034002584545,0.103314990346277,-16.3610335748957,3.62915706754749e-60,9.74094645742224e-59,"CD248",TRUE
260.456593886483,3.30716207962314,0.136123786989161,24.295254729333,2.20031701615021e-130,3.63853189337329e-128,"CNIH2",TRUE
106.269408564281,-2.89155735625922,0.151795888323268,-19.0489833960541,6.69905258831377e-81,3.40956497301441e-79,"SLC66A1L",TRUE
4528.86250687163,1.53004434174509,0.142125672266077,10.765432573509,5.01255979984004e-27,4.15562967654814e-26,"SEZ6L2",TRUE
291.717130674714,1.75087405908311,0.173894677198335,10.0685891442563,7.60613056300383e-24,5.47682007172582e-23,"ASPHD1",TRUE
139.523309528479,-1.78911312023334,0.105406898805897,-16.9733968127449,1.29235514431108e-64,3.99556217968955e-63,"P2RY14",TRUE
250.16326231122,2.67149143886457,0.168485285385987,15.8559332510514,1.27913196699329e-56,3.12082168996215e-55,"AMZ1",TRUE
0.959337362999833,-1.5375203127084,0.449387063490594,-3.42137199225491,0.000623060475495995,0.00121142851258704,"GPR149",TRUE
56.2270235813643,1.84621012771777,0.260710949426006,7.08144453381215,1.42659468496814e-12,5.73614930158607e-12,"ZIC4",TRUE
6.78158741176752,1.99541681229257,0.318958308421772,6.25604274792537,3.94868553893096e-10,1.34680945045251e-09,"ZG16",TRUE
2248.17535953213,4.18855834820742,0.131626653988924,31.8215059129276,3.26367068390272e-222,5.41769333527851e-219,"UBE2C",TRUE
3.83309486476552,-1.50478598529402,0.227152903416516,-6.62455096395925,3.48305335530546e-11,1.2763506776616e-10,"DSG4",TRUE
307.200809157396,-2.99733039444677,0.229093974555107,-13.0834099860875,4.09642578543805e-39,5.55980304715429e-38,"DES",TRUE
168.594035617648,2.30927857061236,0.184343358778341,12.5270505317693,5.31009756148152e-36,6.41073596513405e-35,"PPM1E",TRUE
44.4265260777664,1.61041053538427,0.143276434569072,11.2398842156273,2.59722765708254e-29,2.38655196252252e-28,"C1orf127",TRUE
1216.98150807295,1.95232940100687,0.165818547041317,11.7738904111879,5.32126719712007e-32,5.47084069146504e-31,"CHST1",TRUE
30.9559909027086,1.6008718011861,0.114957796885004,13.9257348745776,4.41972078638492e-44,7.15779171258436e-43,"CATSPER1",TRUE
42.7487083544068,2.57950801946301,0.26813149126574,9.62030982368464,6.56331720606369e-22,4.29331267980765e-21,"ANKRD30BP1",TRUE
358.822257248991,2.29566771221214,0.113987185130286,20.139699998629,3.31336929253599e-90,2.18328272772295e-88,"CCNE2",TRUE
233.643827185421,2.65926292379909,0.18670227447571,14.2433343742958,4.9316664578747e-46,8.53793519141084e-45,"CST6",TRUE
4.04779012314769,2.45020082411215,0.470640582919173,5.2060976316888,1.92853206430545e-07,5.3400554240985e-07,"ISX",TRUE
571.404485954136,4.09898184949416,0.267655760908421,15.314379319101,6.12941969774319e-53,1.34082997544144e-51,"PCSK1",TRUE
8209.06544007206,-4.71591970737608,0.164285939878609,-28.7055588010799,3.25195621946845e-181,1.69101723412359e-178,"LPL",TRUE
46.8418813182752,1.50649560099979,0.350462120550578,4.2985975164251,1.71882274514875e-05,3.96072555689376e-05,"DPP10",TRUE
1.51330550840277,2.66939338132804,0.562451848956338,4.74599449940693,2.07484350173786e-06,5.2469822191953e-06,"PNLIP",TRUE
965.761797715565,2.63934656475765,0.101027180591317,26.1251135517138,1.89049115912691e-150,4.43443469716942e-148,"RMI2",TRUE
2.40024076160963,-2.88050955896784,0.273572459384752,-10.529238087218,6.3345111720747e-26,5.00998361279038e-25,"TEX26",TRUE
7.79359241756786,2.63790390250546,0.198047753555562,13.3195345826803,1.78215006895435e-40,2.52685929619151e-39,"C15orf54",TRUE
15.7275933936445,4.08302431556636,0.368211963159589,11.0887877746566,1.42201664624495e-28,1.26440540692072e-27,"EIF4E1B",TRUE
13.7006878426604,1.82713124129228,0.161826808385735,11.2906585720772,1.45939053228766e-29,1.35689994341955e-28,"LINC02694",TRUE
281.030567682031,-1.74361566119488,0.147356289273883,-11.8326517978076,2.64646692992665e-32,2.7583074787644e-31,"PRIMA1",TRUE
4.4338635715511,1.53570609366429,0.212290754432683,7.23397539270256,4.69056800251148e-13,1.94322245141482e-12,"FAM172BP",TRUE
8.49764895842081,1.83678154613929,0.29831102255949,6.15727012156581,7.4009555885708e-10,2.47731691641628e-09,"CALCB",TRUE
25.4766826346974,4.35502567199772,0.211348876328458,20.6058614914496,2.43154406119805e-94,1.75788009516429e-92,"TMEM270",TRUE
558.833772456529,2.28909036860717,0.190624953834017,12.0083458254912,3.21205719488474e-33,3.47798265256461e-32,"DOK7",TRUE
116.124367833416,2.11483720235153,0.149842776855685,14.1137080260355,3.12694197009834e-45,5.29042788825733e-44,"KLHL38",TRUE
7.72933536842295,-1.65051421673445,0.233197074333407,-7.0777655399513,1.46497301712133e-12,5.8871727578172e-12,"LINC02880",TRUE
315.993790519295,2.45477543542691,0.184388579819653,13.3130557100005,1.94366685085238e-40,2.75044791091111e-39,"PLEKHD1",TRUE
2319.08149324528,2.01837754250416,0.0944066598087639,21.379609728728,2.06852002272842e-101,1.7748971010131e-99,"TPRN",TRUE
184.443262562552,3.24710114693873,0.147063603331028,22.0795701546206,4.96789393141127e-108,5.03319957933593e-106,"CRYBG2",TRUE
0.39361143722279,-4.04357340406437,0.556350926527403,-7.26802672784836,3.64776628866068e-13,1.52128314830993e-12,"AQP7P4",TRUE
6.31505839847005,2.0238895249083,0.275866746533237,7.33647512917784,2.19292540595453e-13,9.25549193438269e-13,"MC5R",TRUE
8.8643768095189,4.21444248625619,0.446758266747491,9.43338444957798,3.97065740644792e-21,2.5029001557221e-20,"FOXG1",TRUE
21.4169560275074,2.89781722411813,0.181468730078759,15.9686863012732,2.11187101989113e-57,5.28090111347052e-56,"ENTHD1",TRUE
604.096345498137,-4.9502189359302,0.259080722034895,-19.1068594260883,2.21398605779528e-81,1.14028207940864e-79,"CIDEA",TRUE
6.32841826274357,-1.71945058588205,0.290177608065304,-5.92551092190093,3.1132789009172e-09,9.96064620930957e-09,"LRRTM4",TRUE
37.8152503996542,1.5660435924046,0.144835160852451,10.8125926272833,3.000674961315e-27,2.51816316022468e-26,"B3GNT4",TRUE
251.651956075401,2.27134526329224,0.23798879261781,9.54391691435581,1.37537189451985e-21,8.86382723121946e-21,"RIMS2",TRUE
1347.08649959583,-2.9970918152663,0.105093496592188,-28.5183375989137,6.94052539629503e-179,3.25601169678363e-176,"SYNE3",TRUE
2133.9996687714,2.37770205453255,0.155436626291532,15.2969226832871,8.0158133123213e-53,1.74816827973617e-51,"PRR15",TRUE
6.13208819845911,4.11945236496015,0.743294135292861,5.54215642147784,2.98769228012985e-08,8.85637354467063e-08,"DCAF4L2",TRUE
26.0952057189108,1.95983549484181,0.20788951100474,9.42729378394238,4.20805609465295e-21,2.64983514801899e-20,"MAP3K19",TRUE
1.71463738009622,-1.85388657560155,0.274779276095518,-6.74682094641338,1.51119572809951e-11,5.67158327171955e-11,"HORMAD2",TRUE
2.13031986284269,-1.85172265514671,0.19222299308523,-9.63320061469269,5.78974384878412e-22,3.79418986507019e-21,"OR10AB1P",TRUE
0.994620460451473,1.87965122023926,0.397913496476827,4.72376844937887,2.31514004722285e-06,5.83006268966323e-06,"TTTY14",TRUE
0.963595360749944,2.00825890557798,0.538820844291999,3.7271366296469,0.000193667483898916,0.000399097049516675,"MAGEB6",TRUE
8.05665711949362,2.42108961526973,0.318121965262163,7.6105704089767,2.7288885558676e-14,1.21233999044e-13,"MIR7-3HG",TRUE
964.193112521612,3.08923797378722,0.222212985734663,13.9021487136489,6.14679657444253e-44,9.88066071333109e-43,"SOX11",TRUE
367.11994327962,1.66726735802867,0.0977629389504133,17.0541861356513,3.25373130873669e-65,1.01909320235904e-63,"TYMS",TRUE
35.8585316125431,1.8917710165559,0.12521599203809,15.1080623629962,1.43291604676831e-51,3.0050853536696e-50,"TYMSOS",TRUE
551.538695747979,1.65578083920503,0.13142124701596,12.5990346066641,2.1374462546293e-36,2.6245286017013e-35,"FUT2",TRUE
41.9616170051486,2.13095748065644,0.15389858139432,13.8465050252574,1.33553855350602e-43,2.12152535772249e-42,"LY6H",TRUE
2.90036269338631,2.54160436761906,0.362335739068728,7.01450089950131,2.30771243420864e-12,9.1544916048203e-12,"FMR1NB",TRUE
727.777962796697,-2.56365849503046,0.11891782987178,-21.5582347726549,4.43191555153543e-103,3.96027898973642e-101,"SCN4B",TRUE
14.1177066304289,3.15742291432154,0.310791353014419,10.1593010349135,3.01228162224039e-24,2.2125608375748e-23,"ZDHHC22",TRUE
27.7254720690127,-2.26884248221856,0.147022472505522,-15.4319434543134,9.98185294970342e-54,2.22874688726953e-52,"PRDM16-DT",TRUE
17.9533754995402,2.07951689702079,0.177872266771068,11.6910687358431,1.41593511170094e-31,1.43018393215569e-30,"SPACA4",TRUE
24.0239153716584,4.86719885284894,0.21324205225231,22.8247608829521,2.60356936724923e-115,3.04525891302105e-113,"LINC01561",TRUE
77.1561787835932,2.73143203307703,0.219917717711664,12.4202454513385,2.02937915962803e-35,2.40362251727623e-34,"TRIM72",TRUE
69.5130445624961,-2.9193497373966,0.175747365279649,-16.6110583379235,5.79615253651517e-62,1.63397742309598e-60,"KCNA2",TRUE
0.680680698627142,-2.08693709192132,0.275860895896646,-7.56517912819079,3.8733048277795e-14,1.70600914753509e-13,"BEND2",TRUE
238.439312657753,-3.34829764940082,0.140235277092241,-23.8762864724718,5.40200519080096e-126,8.18072084333225e-124,"LRRN4CL",TRUE
87.6350016035593,2.76860712395425,0.186047015943284,14.8812229527952,4.36447976996725e-50,8.71280975355165e-49,"UMODL1",TRUE
109.245793968591,2.32671955736679,0.213695968516694,10.8879899490712,1.31510797572418e-27,1.12085426998925e-26,"CD19",TRUE
19033.5208666292,-1.87238878002692,0.0871856306528375,-21.4758873223335,2.61674883042778e-102,2.30958853826714e-100,"CAVIN1",TRUE
69.2265828676004,2.56104488596276,0.19164464647961,13.3635086239429,9.8795307394385e-41,1.41379491616103e-39,"ZBED2",TRUE
4.34689387817077,-1.56842212845923,0.15752083345298,-9.95691867595023,2.35240729516616e-23,1.6560087890943e-22,"OR2B11",TRUE
1985.70255466627,1.55100223650914,0.0791707648965996,19.590593049528,1.86010922123195e-85,1.07906336005875e-83,"SLC25A22",TRUE
1.35340172147769,-2.09350850802728,0.199725848126892,-10.481910717421,1.04608599640025e-25,8.21489658017372e-25,"GIMAP3P",TRUE
153.971923225931,2.03547352729865,0.108487161886538,18.7623447042284,1.53477497613141e-78,7.25529988716666e-77,"HASPIN",TRUE
569.83116779022,1.80232076017689,0.185747758655447,9.70305522512447,2.92602950885192e-22,1.94587725118719e-21,"PGBD5",TRUE
11.8683981719682,-1.65185420778779,0.141254174920026,-11.6941974191065,1.36471255607475e-31,1.37973750105848e-30,"C12orf54",TRUE
6176.33995271307,-1.92228751522137,0.0827296229518647,-23.2357823791828,1.98081069457266e-119,2.51446439934577e-117,"PNPLA2",TRUE
322.808353664454,-1.66998409927243,0.109956976084549,-15.1876139080829,4.27188783895285e-52,9.09593878289122e-51,"NECTIN3",TRUE
3227.09438428749,1.82493935387793,0.0791331710507213,23.061622953391,1.12456523248251e-117,1.37887032482798e-115,"SOX12",TRUE
72.2979243018422,2.31570781697897,0.153913715163858,15.0454936034365,3.69566731022907e-51,7.6537908401865e-50,"KCNJ10",TRUE
53.0237684417301,-1.98021039972009,0.177940965414311,-11.1284683384146,9.11889042044495e-29,8.17725556921679e-28,"TENM3-AS1",TRUE
5.59425788010027,-2.77646331386327,0.271035656643513,-10.2439042458354,1.2604496321363e-24,9.4283400990391e-24,"CAPZA3",TRUE
13.4990998851919,4.02651934643815,0.427500492639396,9.41874785120912,4.56499246993883e-21,2.87208564143673e-20,"AMER3",TRUE
169.875128761884,-1.76283987243923,0.110755792390049,-15.916457590146,4.87190508489176e-57,1.203614330074e-55,"ZNF366",TRUE
23.1602736470775,-2.4463436718108,0.19041628841622,-12.847344584637,8.90136043824852e-38,1.15335549839329e-36,"SHISA3",TRUE
4583.9109287538,3.01289925432011,0.283234531224312,10.6374715021383,1.99468896666656e-26,1.61128159837785e-25,"CALML5",TRUE
910.131144043571,-1.55570613851991,0.0787134630172762,-19.7641684012614,6.05885587787956e-87,3.62691012051708e-85,"PLEKHM3",TRUE
1.44622966861218,2.50348959239345,0.377019038108852,6.64022062374116,3.13213972802336e-11,1.15059282204007e-10,"HTR1A",TRUE
10.5278631180536,2.91768599564274,0.245348191048925,11.8920216332915,1.30215991338798e-32,1.37009317069296e-31,"CCDC185",TRUE
1043.08661618081,1.51140538352672,0.146052486759927,10.3483714454728,4.256646120594e-25,3.24702804108937e-24,"DNAJC22",TRUE
455.023829976943,2.88153377053876,0.234201394495102,12.3036576137852,8.65636408900312e-35,9.99488159661249e-34,"GLDC",TRUE
1.8584654208303,2.374841626252,0.541361838561245,4.38679171136909,1.15034851979835e-05,2.70552243008537e-05,"UCN3",TRUE
1436.07048339353,2.87366908235378,0.120630549371684,23.8220674391485,1.97295009537681e-125,2.96698697269907e-123,"CTXN1",TRUE
10.3232305962244,5.12464979894642,0.551810788140446,9.2869692095293,1.58744134343474e-20,9.73624675041117e-20,"PSAPL1",TRUE
256.451605078429,-2.31387356740621,0.13702589537885,-16.8863962611504,5.66598196045767e-64,1.70532623021864e-62,"CSRNP3",TRUE
6853.34635536166,-1.61365832415766,0.0834565601602244,-19.3353083455594,2.71042893197277e-83,1.47704687757506e-81,"KCTD12",TRUE
2.98903368952977,-3.08191214836773,0.177765615085457,-17.3369419439534,2.47562405730866e-67,8.28278560569316e-66,"LMO7DN",TRUE
40.4001760850395,1.91337138098379,0.161631082010668,11.8378925462957,2.4862191232249e-32,2.59442014889717e-31,"ERFE",TRUE
555.976593785014,2.60566313958005,0.164908722179468,15.8006387117859,3.07980269437936e-56,7.40112941477802e-55,"CPNE7",TRUE
243.459391808055,1.82704323801018,0.183319468163885,9.96644413334663,2.13744623828902e-23,1.50763490185576e-22,"C5orf46",TRUE
54.1079772893424,3.36500180683505,0.19833660116441,16.9661161231943,1.46293382050255e-64,4.50679683746538e-63,"RIIAD1",TRUE
10.7550346396817,-3.05539930474766,0.286395028202147,-10.6684788626675,1.42947319816519e-26,1.16297951428481e-25,"RNF186",TRUE
2555.19489712387,-2.07159712987446,0.105212864971275,-19.6895800759731,2.64876176229372e-86,1.55962561610637e-84,"APOLD1",TRUE
1199.90782711202,1.5169802946362,0.0994305992523434,15.256674565405,1.4863241188461e-52,3.21069814661649e-51,"EXOSC4",TRUE
261.541710832524,-2.15254229859908,0.139483646210511,-15.4322198844044,9.93918556630604e-54,2.22036878386009e-52,"SMIM10L2A",TRUE
777.328824917543,3.39918996083935,0.129210296206121,26.3074233296149,1.57710481331136e-152,3.867491121734e-150,"AURKB",TRUE
7.27158920195853,2.28357838348529,0.279546350358457,8.1688721049554,3.11285944078006e-16,1.5393104200741e-15,"TRIML2",TRUE
19.6324835487984,4.08469038363847,0.422222241514043,9.67426625606271,3.8786384374787e-22,2.56319147085562e-21,"ZFP42",TRUE
47.0958412317198,1.69717023759034,0.157028366391965,10.8080487404038,3.15305413442337e-27,2.64295623308823e-26,"C9orf106",TRUE
2898.4103366063,-2.06552364768016,0.108621770989625,-19.0157426900859,1.26335038294702e-80,6.33289227967402e-79,"PER1",TRUE
11.0031107205831,1.93753609728915,0.257327956468885,7.52944267648366,5.09573504870245e-14,2.22603162653844e-13,"C10orf67",TRUE
1.4286126771433,-2.13902641905701,0.239305312850965,-8.93848278407909,3.94549930985628e-19,2.24683665672776e-18,"LINC00670",TRUE
26.9111570801979,3.78637920261877,0.258853620742536,14.6274917528962,1.8757574693001e-48,3.53836068072519e-47,"TMEM151A",TRUE
155.007338500025,-1.81882007071117,0.118109055672329,-15.399497188066,1.6494693217917e-53,3.66021058758509e-52,"WSCD1",TRUE
3.09226357526513,2.89869758231632,0.406641188705585,7.1283914734349,1.01548618541278e-12,4.12541262823942e-12,"OR4K11P",TRUE
2159.95368363705,-2.12987973892355,0.159426394576162,-13.359643141814,1.0406182410933e-40,1.48768079780016e-39,"EGR3",TRUE
6.56339776185653,-2.43105777616077,0.181828956132791,-13.3700254781497,9.05098427719458e-41,1.29608653418619e-39,"IL6-AS1",TRUE
117.306286664193,2.98050708365304,0.269480780437187,11.0601842506826,1.956951093705e-28,1.73006983212429e-27,"MKRN3",TRUE
1.33903709394638,1.54756823364568,0.437238150599711,3.53941720667113,0.00040101153706091,0.000798029229968133,"OR9A2",TRUE
5.75461180761018,2.0105070962947,0.325223881020006,6.18191717652808,6.33277506042813e-10,2.13133633505987e-09,"SLC17A8",TRUE
75.3390041564925,1.84121309112433,0.108211663721552,17.0149226784103,6.36571935558169e-65,1.98085398260206e-63,"LBX2",TRUE
70.3370435468479,3.64696793393529,0.179026075625339,20.3711549906706,3.01483186445467e-92,2.10891642252615e-90,"HTR1D",TRUE
43.0283835683429,2.98780487317768,0.1400974553661,21.3266177131483,6.42919190341085e-101,5.4622819399845e-99,"GRM8",TRUE
5.43542758551054,-2.17844571134564,0.228661348483093,-9.52695208786766,1.61968737061075e-21,1.04041831992201e-20,"TPPP2",TRUE
4.96926354783305,2.88949130170793,0.340610079555272,8.48328183793234,2.18929500726926e-17,1.14394639847144e-16,"ARL14",TRUE
392.233435942012,2.53916488132085,0.155897517062919,16.2873978313334,1.21280841741488e-59,3.21528324911708e-58,"APOBEC3B",TRUE
3152.18725933092,-1.64185851795509,0.083037845512043,-19.7724122998467,5.14558097633e-87,3.1017217170168e-85,"CDH5",TRUE
24.4386346167673,-3.48418578921106,0.212959303689819,-16.3608056978148,3.64276319468537e-60,9.7713896508776e-59,"LRRC3B",TRUE
5.91131711719341,2.30001940248863,0.287879229224262,7.98952883362376,1.35455444253297e-15,6.49656292251618e-15,"FAM216B",TRUE
0.977434010052418,-1.7654597504516,0.320104345604638,-5.51526330302348,3.48258165573361e-08,1.02683579902625e-07,"MRGPRX4",TRUE
30.6205544888044,-2.13455173188065,0.255406560227249,-8.35746634691538,6.40795775170736e-17,3.27453772867262e-16,"MRGPRX3",TRUE
34.7831989406775,2.04920440122108,0.1724992161189,11.8794997874576,1.51269847375965e-32,1.58813101745236e-31,"C1orf194",TRUE
4.59406069181082,-2.45979377875212,0.251315468520869,-9.78767360890824,1.27188534644147e-22,8.62173261385484e-22,"ITLN1",TRUE
63.3663924358342,-2.974181500397,0.111448535665954,-26.6865911034627,6.73579199366999e-157,1.81697989029248e-154,"GPBAR1",TRUE
49.6829396181065,3.23286843639125,0.176924166423167,18.2726221168616,1.36720597984108e-74,5.79652358447356e-73,"CCR8",TRUE
679.61310104872,1.59477500762098,0.100362242265674,15.8901890952114,7.41036998110697e-57,1.82344109683339e-55,"PPP1R14BP3",TRUE
1.2330169647004,-1.73418290788629,0.348469761473148,-4.97656640437055,6.47220793835634e-07,1.71406083708326e-06,"OR1E1",TRUE
1.21249264772418,1.87397578540077,0.443912266573376,4.221500342548,2.42681586277179e-05,5.5124136959755e-05,"FAM71E2",TRUE
204.960772779406,1.9739000963885,0.0976208755672559,20.2200613846019,6.52019680812322e-91,4.34948522779904e-89,"C3orf80",TRUE
16.7750968771864,2.08331412967319,0.192724603673653,10.8097984894598,3.09348852055579e-27,2.59403467159875e-26,"LINC02870",TRUE
170.375435853838,-2.63960352681731,0.148214523075573,-17.8093446717863,5.98059311930648e-71,2.25631467682926e-69,"ACTA2-AS1",TRUE
34.5065819104765,3.03275320361726,0.260618672248009,11.6367456616126,2.68049307206795e-31,2.67429683288148e-30,"TH",TRUE
71.3107485801821,1.55087832402984,0.219146625380095,7.07689804184731,1.47416909164259e-12,5.92302532073118e-12,"FAR2P1",TRUE
2.9851406690928,2.01544066487295,0.239148859426213,8.42755708602823,3.52956106265843e-17,1.82503720455658e-16,"F2",TRUE
169.815265906649,-1.67246801210397,0.145821847158791,-11.4692554283911,1.88272215978197e-30,1.8158276741048e-29,"HERC2P3",TRUE
71.2028400201507,-3.58873054943962,0.309934773230603,-11.5789864816797,5.26650103754051e-31,5.18599554597874e-30,"ADGRD2",TRUE
91.2913553760768,4.26200736689243,0.379593470704959,11.227820539108,2.97732021342825e-29,2.72826200449179e-28,"GPR139",TRUE
29.7020424214122,-1.90227192132875,0.224191798633547,-8.48502011636074,2.15681416399869e-17,1.1272475093023e-16,"PLD5",TRUE
0.907474606905058,1.89889921390679,0.432704608116275,4.38844231905318,1.14165404136249e-05,2.68595194468275e-05,"WFDC10A",TRUE
3226.2247140113,-2.56440524299264,0.0916616435563339,-27.9768629875875,3.1073240353653e-172,1.21920095787606e-169,"MTURN",TRUE
75.1896827930289,1.86279977656689,0.213637314557676,8.7194495045199,2.79557628197833e-18,1.53001613403734e-17,"TPRXL",TRUE
8.17089835393595,-3.82949216142303,0.26008787321058,-14.7238397321296,4.53180963567574e-49,8.76312293350202e-48,"SERTM1",TRUE
21.1308018973047,-2.46636015091404,0.157750643352351,-15.6345489216496,4.2346287088525e-55,9.87393706504993e-54,"KCNE1",TRUE
3.42919615901434,-1.75713056361883,0.220830357658059,-7.95692486419658,1.76367738039235e-15,8.39531440804388e-15,"ZSCAN4",TRUE
264.797615446183,1.5562531088568,0.155337522593329,10.0185266436304,1.2637271310238e-23,9.0018918922243e-23,"BHLHA15",TRUE
34.0341479571558,2.03550656829081,0.162169677463274,12.551708803588,3.89023108822253e-36,4.71503436584343e-35,"FUT7",TRUE
6038.58704502243,1.57379725190828,0.109721996791378,14.3434980945585,1.17005935773479e-46,2.06374180138266e-45,"H2AC6",TRUE
513.62778055217,2.81059964852303,0.160550350881743,17.5060324258852,1.28869094938344e-68,4.49999202066258e-67,"H2BC4",TRUE
1040.671171363,2.06425393096625,0.178678516617492,11.5528938231859,7.13759430329966e-31,6.98862454923805e-30,"SSTR2",TRUE
110.618442174006,-2.66570828199268,0.137690147321025,-19.3601963093087,1.67246932943929e-83,9.18368654689562e-82,"MAB21L1",TRUE
723.858308329844,2.26581778016668,0.248341755416765,9.12378901552099,7.25427126104903e-20,4.29072697857854e-19,"ANKRD30B",TRUE
1749.82387085375,2.42374896622617,0.164636320871669,14.7218363080127,4.66810064577957e-49,9.01858656543626e-48,"HOXC10",TRUE
4.8983682668589,1.93447507272816,0.325166972144769,5.94917454244676,2.69498135481347e-09,8.66086338598282e-09,"LINC01559",TRUE
2.94871400808377,1.95819238904065,0.250393713925439,7.8204534704244,5.26333847717974e-15,2.44028025217615e-14,"LINC01555",TRUE
36.7380324585589,-1.97152957053996,0.132170897401861,-14.9165180027914,2.57357124726524e-50,5.17110498286628e-49,"CXCR2",TRUE
138.6787898203,-1.87710254395205,0.170182662015647,-11.0299282060793,2.74083760721182e-28,2.40876707650707e-27,"GREM2",TRUE
1997.48960652495,-4.07416671306307,0.170868646909449,-23.843851910539,1.17284291928845e-125,1.76992658728984e-123,"OXTR",TRUE
8702.97337475484,1.78731128087229,0.0827049085814861,21.6107037844231,1.42460641796118e-103,1.28901494757242e-101,"FAM83H",TRUE
1.0801850450696,1.78011703069154,0.495190459396661,3.59481285818881,0.000324624837051849,0.000652606454290269,"OR56A1",TRUE
0.650106703457178,1.7757556210637,0.498413950794147,3.56281283506271,0.000366902275896967,0.000733498644111034,"OR52E4",TRUE
8.24494112849903,2.62635712471763,0.266114849001719,9.86926184153168,5.65794325216316e-23,3.90902562451356e-22,"C1orf105",TRUE
807.850547615455,2.76130185069555,0.167511464059491,16.4842559654,4.76119818890925e-61,1.30804146297469e-59,"MAPK15",TRUE
6141.41803246609,-5.18172656270987,0.266134845383521,-19.4703048195083,1.96101147437741e-84,1.10492500305652e-82,"ADIPOQ",TRUE
88.6482419810577,-3.82896562402865,0.238517936703489,-16.0531559049523,5.43298032393858e-58,1.37448669860017e-56,"PENK",TRUE
0.846433146468265,2.09912720899307,0.398035807480573,5.27371449890352,1.33689832025684e-07,3.7560065485572e-07,"H2BU2P",TRUE
21.4349440540758,2.11657908263753,0.189861480182803,11.1480173893074,7.32196067618114e-29,6.59465406477417e-28,"C4orf50",TRUE
1013.90699438979,2.04943420592601,0.15182311581119,13.4988285214402,1.58882418930994e-41,2.33464697766807e-40,"H2AW",TRUE
422.396734970826,-4.71772728841248,0.222813712902518,-21.1734153475397,1.67935440103485e-99,1.39386415285892e-97,"TMEM132C",TRUE
66.0340283839908,1.85537421437171,0.182237454565904,10.1810806060218,2.40871506799945e-24,1.77709645016848e-23,"TMEM132E",TRUE
10.5106782213792,3.2436863968836,0.403633753280698,8.03621196324445,9.26584017233956e-16,4.47982146116473e-15,"OFCC1",TRUE
120.09341551854,-1.98824765506638,0.198421854643622,-10.0203057704374,1.24118353545163e-23,8.84422674427806e-23,"CCL13",TRUE
54.0512337297309,2.08695760692336,0.214761880846264,9.71754204563563,2.53834734574455e-22,1.69249299308411e-21,"CFAP65",TRUE
27.1681434240815,2.27095856184785,0.202217817443332,11.2302594823735,2.89626728130249e-29,2.65568081285353e-28,"DDN",TRUE
1292.25711835188,1.51784467991738,0.097897772835349,15.5043841750127,3.24008296430294e-54,7.34850135256516e-53,"ZNF467",TRUE
109.797525258686,3.12124229946054,0.297787287120926,10.4814491230885,1.05120500671051e-25,8.2535943404813e-25,"SOX2",TRUE
12.3642470242973,1.6936793010699,0.306519515490364,5.5255186553469,3.2851366652462e-08,9.70475691115853e-08,"EDDM3B",TRUE
3.75391615454962,1.58963106719561,0.26257218655674,6.05407255064351,1.41228953400206e-09,4.63003541872609e-09,"ANKRD62",TRUE
534.308809065098,1.51942850673784,0.134800857359923,11.2716531370488,1.81136624944177e-29,1.67477650655328e-28,"PHLDA2",TRUE
165.182412700178,1.66757455166743,0.127539255917066,13.0749904386442,4.57621483419648e-39,6.19734647768811e-38,"ATG9B",TRUE
9.06986237757582,-3.21588209277434,0.174895458391438,-18.3874534098924,1.65576718706018e-75,7.21847593873912e-74,"TMEM252",TRUE
5623.07440263952,1.67281421970349,0.10042157336698,16.6579168560761,2.65098151155785e-62,7.56221824447038e-61,"SIAH2",TRUE
454.246291526747,-1.58871895894057,0.0902061019807515,-17.6121007787209,1.98923201514757e-69,7.17253582069919e-68,"SLC9A9",TRUE
408.592092935452,2.06804011837142,0.159303030732939,12.9818002134457,1.55189565303498e-38,2.06345706669716e-37,"TIGIT",TRUE
272.6479208974,-4.64180255346568,0.144997242476526,-32.0130402081071,7.18047950050257e-225,1.34743258800735e-221,"SLC2A4",TRUE
6.42719575676721,-5.44246772432627,0.298118917797186,-18.2560293876715,1.85285436185978e-74,7.83243822310168e-73,"AQP7P2",TRUE
584.148209093395,2.09589249236769,0.104441357553216,20.0676488842054,1.41543810836546e-89,9.13158576338611e-88,"RTKN2",TRUE
0.936541141254858,-3.68636313213413,0.219111771157113,-16.8241218290863,1.62452571977978e-63,4.81555838363293e-62,"AL591379.1",TRUE
17.6313338539998,1.7403052454391,0.202476733158154,8.59508753571085,8.32013491310345e-18,4.43493914844442e-17,"USH1G",TRUE
13.9348581981758,-1.65023414256858,0.26472130916354,-6.23385456872722,4.55095606842486e-10,1.5468519760058e-09,"MGAT4C",TRUE
38.3871317137251,-1.55008673246082,0.287066324691357,-5.39975120428149,6.67333798161302e-08,1.92103826643379e-07,"PTCHD3",TRUE
7.64655953623879,3.57981234786803,0.501284769757553,7.14127490767255,9.24692033885687e-13,3.76435655371687e-12,"ZNF716",TRUE
426.47846243105,-2.48903667143389,0.130696806279291,-19.0443572593118,7.3178763987574e-81,3.7070369174926e-79,"FAM89A",TRUE
3.13763665989893,1.57231970848217,0.221411170857573,7.10135673097361,1.23538036640404e-12,4.99288478453024e-12,"ENPP7",TRUE
5276.82333704734,-3.06692192500586,0.167199475523347,-18.342892018089,3.76238981513707e-75,1.62222521899417e-73,"SYNM",TRUE
5.4929648874846,-3.33660460770323,0.30318734745071,-11.0050918541238,3.61147721822406e-28,3.15529062223786e-27,"KCNA4",TRUE
1812.10629772415,1.93697841242005,0.114146673133407,16.9692060158094,1.38795962594703e-64,4.28193977525903e-63,"B4GALNT4",TRUE
1075.52623908792,1.77105234966765,0.0887593939303952,19.9534074225034,1.40013254934105e-88,8.84768972614342e-87,"FBXL6",TRUE
0.600937591154127,-1.6020932421626,0.400604283178394,-3.99919149503744,6.35592387521948e-05,0.000137884732070607,"OR5P3",TRUE
4.06260246536402,1.51109715904442,0.300375870206748,5.03068757821437,4.88723972775588e-07,1.30823882460723e-06,"PDSS1P1",TRUE
1.60259042551989,1.91541335786919,0.263055689685794,7.28139870366251,3.30376676585843e-13,1.38155773291783e-12,"CRIP1P4",TRUE
408.463162326555,2.45324372951706,0.191846864731052,12.787510147514,1.92544214173239e-37,2.46666912547254e-36,"NXPH4",TRUE
8.49266015553399,3.11663701504239,0.272089384699627,11.4544601528024,2.23350458865964e-30,2.14790681921903e-29,"IFNL1",TRUE
8.62476865822187,3.99984341654422,0.290632501669331,13.7625468368815,4.28173089199855e-43,6.69563424995136e-42,"TEX19",TRUE
1334.91369567483,-2.35201809651143,0.12728260165645,-18.4787085265572,3.06428631227586e-76,1.36626650039076e-74,"TSHZ2",TRUE
9016.07111093324,2.16030999417901,0.0956537913287357,22.5846771379361,6.13052728196919e-113,6.85475537538317e-111,"KPNA2",TRUE
43119.4552685568,2.32879630530593,0.101791980734956,22.8779938114144,7.69600992694911e-116,9.07540405593234e-114,"BGN",TRUE
3.94405536907251,-2.024288875254,0.195631107636373,-10.3474794970574,4.29647975857832e-25,3.27625558975689e-24,"CAV3",TRUE
6.2522549357233,2.0340035383701,0.195940139932931,10.3807394394345,3.03415916958371e-25,2.3330537993806e-24,"RNASE10",TRUE
6.08828469336804,2.90647363044535,0.40094839429539,7.2489968080632,4.19869781933772e-13,1.74380098039469e-12,"VCX",TRUE
57.8039590847463,-2.73231776023772,0.315598645279292,-8.65757125737891,4.8192227452571e-18,2.60485477376702e-17,"HS3ST4",TRUE
3.76296152411574,2.52738579403111,0.222719062686904,11.3478647204262,7.59959325850252e-30,7.16936491884085e-29,"RXFP3",TRUE
995.991515947105,-1.85004504209289,0.0991584160652747,-18.6574686799659,1.09811285611955e-77,5.11268078426317e-76,"NDN",TRUE
4.25563503226653,1.59524825965479,0.191394913438053,8.33485190906657,7.75952516543552e-17,3.95303477502593e-16,"GALR2",TRUE
99.1530086302909,-2.32772573759482,0.170073356917604,-13.6865984171909,1.22092450675677e-42,1.87593811718129e-41,"RGS6",TRUE
7.94256031602485,1.99003394004545,0.243257379200763,8.18077522081276,2.82023560133393e-16,1.39684838826684e-15,"SLC35D3",TRUE
9.89118763711805,3.29982700287128,0.248137866932798,13.298361284636,2.36597048640843e-40,3.34365704627989e-39,"MAFA",TRUE
186.92635464168,-3.43472723871838,0.137838522968763,-24.9184855201674,4.69121733207772e-137,8.80317130662932e-135,"HCAR2",TRUE
117.884620877882,1.63251069598589,0.112091412899967,14.5641013325685,4.75192337979565e-48,8.85930941995595e-47,"CCDC87",TRUE
28.7569178570003,1.62828213054326,0.242649404886121,6.71043117252825,1.94050160204673e-11,7.23122510312007e-11,"MAGEB17",TRUE
108.606475868785,-2.27695614886596,0.199266036896424,-11.4267146791778,3.07524906969045e-30,2.94231323094302e-29,"PLCXD3",TRUE
38.8344767882023,-1.8401376054114,0.156812807760856,-11.7346129546871,8.47129531294484e-32,8.63739914261042e-31,"ADGRG3",TRUE
3.19275447492303,3.78289788129183,0.564862982467601,6.69701856681466,2.12714604527071e-11,7.90422929951648e-11,"TCHHL1",TRUE
16.5546984220167,1.937078811578,0.236437304833668,8.19277995467222,2.55260598976282e-16,1.26793042373304e-15,"RGS7",TRUE
135.303539607534,-2.12125747572967,0.109857794957782,-19.3091211829335,4.5016725404298e-83,2.4316919505e-81,"TCEAL7",TRUE
23.3273692002273,-2.28845024614404,0.131101354107906,-17.4555805446561,3.12187584029753e-68,1.07534047300272e-66,"ODF3L1",TRUE
3966.71183796986,2.34225596932997,0.0898477128249178,26.0691774524547,8.15593857412396e-150,1.87239525988931e-147,"PYCR1",TRUE
54.3266635540138,2.87380181576391,0.370236547756573,7.76206950172139,8.35545926418634e-15,3.83354546446564e-14,"NKX2-5",TRUE
4.6765978031975,1.6112725839741,0.236861697615496,6.80258817780545,1.02756080918944e-11,3.89851657213575e-11,"CALHM3",TRUE
27.1914708218586,-1.64367539352219,0.142155224098259,-11.5625394982746,6.37938242151462e-31,6.26186366414762e-30,"PTGDR2",TRUE
191.093535747266,3.1737865031942,0.154149020959004,20.5890798621308,3.43836660833243e-94,2.48160372601384e-92,"RIPPLY3",TRUE
99.5523044032982,2.33988361566401,0.134976388920884,17.335503152596,2.53835990510083e-67,8.47953664892814e-66,"GPR19",TRUE
22.8045423422144,-2.02952438775205,0.120679002181902,-16.8175436576192,1.81530697669939e-63,5.37370707231452e-62,"AC138356.1",TRUE
1.8474604599938,1.91660257803909,0.376220744199762,5.09435645850892,3.49927838628986e-07,9.48256766197467e-07,"GABRR3",TRUE
198.764887311331,2.27288596708444,0.158110755865804,14.3752773468084,7.39731279218405e-47,1.3133197042808e-45,"CHST6",TRUE
35.6364900539992,5.31929892389876,0.446315399129263,11.9182509370647,9.50837384636756e-33,1.00608339104983e-31,"POTEC",TRUE
39.4803441076944,4.69375679607852,0.283555410850761,16.5532259885137,1.51748779589852e-61,4.23640189333637e-60,"WT1-AS",TRUE
2.78643857745701,1.52404676627144,0.221205934714869,6.88971915801407,5.59026400395947e-12,2.16158210366324e-11,"RIMBP3C",TRUE
1756.50748871814,2.22812288166439,0.117545572142476,18.9553961161864,3.98541899018607e-80,1.97034001851581e-78,"PRR36",TRUE
17.2428610538209,3.45345594538711,0.329166922480935,10.4915035792733,9.45122440474843e-26,7.43014290180222e-25,"CCDC60",TRUE
119.187361875523,-1.99931130652031,0.141846219743517,-14.0949213178569,4.08102458605878e-45,6.87229891277007e-44,"CCBE1",TRUE
0.690360897995182,-2.07151498620866,0.351094520122791,-5.90016325371348,3.63142072920069e-09,1.1559268284704e-08,"OR5P2",TRUE
1.16877457884943,2.32521252523693,0.688462952241136,3.37739673234083,0.000731754239155279,0.00141037435635877,"FAM9A",TRUE
31.034409287471,-3.1980423424399,0.219370158107633,-14.578292553679,3.86051819886302e-48,7.22236521295742e-47,"OVCH2",TRUE
1.01155849769109,1.69039558515659,0.550103161847329,3.07287014944613,0.00212010718891208,0.00384938901491083,"ZBTB8OSP1",TRUE
2.88444149973489,-4.11738533410377,0.292572172890412,-14.0730586009832,5.56111932239964e-45,9.31023700367604e-44,"URAD",TRUE
178.83802354138,-3.77540938481371,0.126470372034727,-29.8521252374986,8.23852420394739e-196,6.58471675263647e-193,"ACSM5",TRUE
7.80058022647975,4.77311369908644,0.472641065859667,10.0988129129339,5.59149160165687e-24,4.05185993162375e-23,"BPIFA4P",TRUE
7.79319992342123,2.25178086267093,0.212299599993208,10.6066184898274,2.77615116456402e-26,2.23167599669553e-25,"H3C13",TRUE
1.08470348001807,1.90846245752572,0.463224294540786,4.11995329264339,3.78949209938868e-05,8.43281665427251e-05,"GKN2",TRUE
0.528439778761667,-2.3006844037139,0.287959846679959,-7.98960143311543,1.35375703373684e-15,6.49418179127287e-15,"GOLGA8G",TRUE
1.01363018320857,1.86760138418853,0.456262152408591,4.0932638710652,4.25343207161982e-05,9.41522864966209e-05,"PRR32",TRUE
0.591697848826548,-1.61371297388212,0.32984138203042,-4.89239089391545,9.96183426853629e-07,2.59460966163796e-06,"C15orf32",TRUE
22.8171239942506,1.84668672617214,0.361080783206519,5.11433123018327,3.14854449382381e-07,8.56223176570069e-07,"MARCHF11",TRUE
7.37034026657634,2.55915981242003,0.344167339339252,7.43580090235527,1.03936284375863e-13,4.46224016080994e-13,"PSG9",TRUE
13.9746097654459,3.47000508083913,0.402198093082349,8.62760202129714,6.26516436894477e-18,3.36449538588598e-17,"LINC00518",TRUE
632.395408499639,2.73271112931058,0.100853210166548,27.0959260969264,1.09972732932429e-161,3.27339527818181e-159,"BMP8A",TRUE
3.1454441193713,-3.47246547796649,0.262197924235965,-13.243680277352,4.90834048487983e-40,6.84692874361388e-39,"MRGPRX2",TRUE
3.98570888877431,4.23621712720414,0.350704717144403,12.0791563960056,1.36108974364016e-33,1.4997353417286e-32,"IFNL2",TRUE
2707.66529922252,-2.03853512441778,0.086890938888594,-23.4608481677412,1.02445922154311e-121,1.40367174608891e-119,"LHFPL6",TRUE
267.643224117941,2.53635253681926,0.169677210255446,14.94810371411,1.60247637268417e-50,3.23493359424924e-49,"ASCL2",TRUE
3.21644218461999,-2.68148611635361,0.254011511240783,-10.5565535327719,4.73737182085768e-26,3.76893949840032e-25,"ACSM2A",TRUE
21.0756045150562,2.65540062305487,0.270568907200283,9.81413810822419,9.7870750191694e-23,6.67631038133952e-22,"ACP7",TRUE
11628.0363248921,1.82214775678439,0.142308461759028,12.8042123023566,1.55293605719817e-37,1.99716091265414e-36,"ZNF703",TRUE
4.81984507960053,-1.82887048164692,0.239118749146205,-7.64837758719075,2.03530837553151e-14,9.1200072142795e-14,"KCTD8",TRUE
99.9391892202516,-1.56490284436358,0.23482086347224,-6.66424107817227,2.66036465382579e-11,9.82554667628966e-11,"EMILIN3",TRUE
50.7631137066584,-2.13949643044106,0.107068470809288,-19.9825066545685,7.81972752599248e-89,4.97786784692973e-87,"FAM162B",TRUE
221.058307018046,1.72300961969406,0.146377324957291,11.771014535187,5.50583515757872e-32,5.65520812472864e-31,"CCR4",TRUE
72.4750521721286,1.79815581804478,0.160071105123124,11.2334816246921,2.79253442826015e-29,2.56274263074013e-28,"ZNF730",TRUE
2242.68629903259,3.70633625385241,0.114113236055912,32.4794597187342,2.07956706519707e-231,4.98633969632807e-228,"IQGAP3",TRUE
11.0463877196104,4.70160273082323,0.428805441668813,10.9644194638148,5.66630263882226e-28,4.91178192190337e-27,"CNGA2",TRUE
43.2918754660463,-2.2032711916886,0.148059449133386,-14.8809900657113,4.37969956315094e-50,8.73915086202472e-49,"SCN5A",TRUE
290.096812077954,1.55999309355584,0.127025816616789,12.2809137158474,1.1469551343822e-34,1.31760935852904e-33,"ARSI",TRUE
0.531507924356067,-1.58077352651732,0.496293099908874,-3.18516120173255,0.00144673394734281,0.00268482767198331,"UTY",TRUE
61.8367928361401,-2.00134691696382,0.202042965953479,-9.90555106691831,3.93793069991729e-23,2.74307761472612e-22,"KCNH8",TRUE
73.928900977136,3.94866805572048,0.234021115639782,16.8731272172827,7.09392784509858e-64,2.12916499161652e-62,"NPW",TRUE
190.457936739675,-1.88536769649297,0.0964908494313651,-19.5393418920418,5.08333968274994e-85,2.90207593528422e-83,"ST6GALNAC3",TRUE
4.89242544535622,1.9364917414225,0.212794686917159,9.10028238710858,9.00972643966739e-20,5.29853921700565e-19,"TREML3P",TRUE
924.852627750955,-2.57171838376398,0.142549359514576,-18.0408975004971,9.30208592209862e-73,3.71738915183126e-71,"CLDN5",TRUE
16.550184073143,1.57597021089432,0.296595829199583,5.3135278912969,1.07522969536159e-07,3.04088288131881e-07,"OLIG1",TRUE
333.064743427003,-2.18001846632021,0.210015321141483,-10.3802829930278,3.04870124728646e-25,2.34340063816355e-24,"PCDH9",TRUE
756.709003636226,-1.60177907999052,0.138542128139729,-11.5616751489123,6.4439304479054e-31,6.32378440499311e-30,"ALDH1A3",TRUE
55.7595036826503,2.329482107853,0.148995502035564,15.6345800781085,4.23255808173975e-55,9.87393706504993e-54,"H2AC20",TRUE
7.30840856312565,3.23150431379608,0.293969438747602,10.9926539560141,4.14553817952909e-28,3.61457429956516e-27,"H2AC21",TRUE
1.38778310617999,1.88842162447523,0.366682586116614,5.15001719736608,2.60462575726048e-07,7.13387788319346e-07,"SIX6",TRUE
0.163224131766547,-2.33690957724273,0.68618107561655,-3.40567477053045,0.000660007535766463,0.00127917397474878,"DRD5P1",TRUE
151.700374761651,6.18273854268408,0.467903559286939,13.213702738458,7.31363507766742e-40,1.01726229439937e-38,"S100A7A",TRUE
282.049247911213,2.50278581507292,0.171247384416228,14.6150309016675,2.25252176452886e-48,4.24351110244721e-47,"SRPK3",TRUE
3560.65556293638,-2.48058080096105,0.11087938288818,-22.3718849830061,7.39454061620294e-111,7.95881229414761e-109,"SLIT3",TRUE
18.3859475923819,3.77550660950561,0.2517986217047,14.9941512147488,8.01811497645396e-51,1.64088118721552e-49,"H1-5",TRUE
1771.28075896209,-1.82136233174753,0.108645505909111,-16.7642675737661,4.45469714920607e-63,1.29820883835067e-61,"MAML2",TRUE
8.40368068564831,1.88261141047244,0.247793351161905,7.59750575083981,3.01892807670402e-14,1.33749933187517e-13,"UMODL1-AS1",TRUE
0.821728330993192,2.033656069614,0.463817661791103,4.38460247882913,1.16197772114947e-05,2.73153368435791e-05,"C1QTNF8",TRUE
10.8477489411124,4.43601137371397,0.502935681755965,8.82023593598678,1.14218798731095e-18,6.36334497642192e-18,"OR56A3",TRUE
8.9925652466259,1.92203780689186,0.244309813640753,7.86721490327907,3.62623424313184e-15,1.69656661174602e-14,"POU3F2",TRUE
8.75083472329499,2.04196949941484,0.154249532627178,13.238091971081,5.28750976587776e-40,7.37347080760207e-39,"FOXD4L1",TRUE
1595.27128889903,-1.94655917689405,0.0976830353304898,-19.9273002759208,2.35951339448293e-88,1.48449851466302e-86,"PROS1",TRUE
13.937880603822,1.70854227658607,0.145710062283419,11.7256299929569,9.41976098092725e-32,9.59313081493204e-31,"CEND1",TRUE
7.80295720039531,-2.02087380259254,0.145377333738431,-13.9008864079773,6.25617462150434e-44,1.0048995037742e-42,"C6orf58",TRUE
0.437477124924233,-2.00692051680765,0.268929752581463,-7.46261987579722,8.48187852952066e-14,3.66004676398832e-13,"DHRS7C",TRUE
4897.37938805195,-1.92204294192421,0.116827928292677,-16.4519132540732,8.12602280258041e-61,2.21553470726071e-59,"SOCS3",TRUE
4725.17394332975,2.54829671290198,0.243642437357021,10.459166065425,1.33021242670812e-25,1.03931876062133e-24,"SLITRK6",TRUE
95.995500894534,-5.15716267764925,0.269969518471884,-19.102759107178,2.39490558838997e-81,1.23199195703112e-79,"C14orf180",TRUE
2702.46991345177,3.17135443513247,0.20287658389844,15.6319392518954,4.41169446606234e-55,1.02812490904563e-53,"NELL2",TRUE
561.47293625209,2.95886216436109,0.130288184584312,22.7101342596908,3.55754009259026e-114,4.05127784686532e-112,"CDCA2",TRUE
4600.75174434005,2.0157254429578,0.123326086856459,16.3446801430092,4.74655186560282e-60,1.26770531262016e-58,"H2BC21",TRUE
41.5250003405849,3.81350696170336,0.27630491188518,13.8018066189431,2.48544750954531e-43,3.9136050533373e-42,"CLDN6",TRUE
1.14943260393762,1.85027412517138,0.462967411016843,3.99655371229589,6.42713040126369e-05,0.000139373435220088,"OR51M1",TRUE
2.00322335423967,2.54925770016019,0.615025974373228,4.14495941046739,3.39873907674003e-05,7.59774064080902e-05,"DDX53",TRUE
17.8088673332223,1.77900003131926,0.170123596989239,10.4571033225437,1.35948354012234e-25,1.06161225966492e-24,"MGAT4EP",TRUE
226.068954856754,-1.52143481135912,0.0885066904950778,-17.1900542529464,3.15237219027082e-66,1.0237500657042e-64,"SMIM10",TRUE
2056.01428801326,-5.07034865220424,0.266556602570734,-19.0216584519184,1.12856596579449e-80,5.68365310194751e-79,"TRARG1",TRUE
0.730270582341339,-4.15844215209358,0.274761717159651,-15.134721805794,9.55840462052496e-52,2.01632816921729e-50,"AMYH02020865.1",TRUE
159.561885085428,2.01326112707595,0.167033673953072,12.0530254734238,1.86959274233686e-33,2.04575258842473e-32,"LCN12",TRUE
299.954156533985,4.73403181206885,0.254238413594179,18.6204426984248,2.19392891151022e-77,1.01272697134525e-75,"WT1",TRUE
311.026210747014,1.69490618350242,0.129207654748894,13.1176917249706,2.60756802248734e-39,3.565989729105e-38,"TMEM121",TRUE
684.02274014634,2.6973910439006,0.24092627342372,11.1959190069597,4.2695192469932e-29,3.88596479755855e-28,"ROBO2",TRUE
1327.62505357088,-1.74752307018018,0.078478391360285,-22.2675699627622,7.62242684945583e-110,7.98504715588626e-108,"F8",TRUE
60.1987285132642,1.83275127891121,0.20272492414769,9.04058189498205,1.55840009704028e-19,9.06598573773532e-19,"LRRC14B",TRUE
6.87161481084412,-2.80413571990237,0.296999103688475,-9.44156290398658,3.67259898602339e-21,2.31738848299371e-20,"SGCZ",TRUE
1049.95035886346,-1.67580698352038,0.125205533289727,-13.384448270689,7.45488831184052e-41,1.07143849330349e-39,"FLRT2",TRUE
522.801697185639,1.55275464969181,0.106365457053971,14.598298100707,2.8794400462325e-48,5.41038887224183e-47,"MANEAL",TRUE
13.0529547899828,2.9860078618739,0.207522591938835,14.3888327240727,6.08136390058903e-47,1.08504202542134e-45,"H2BC13",TRUE
132.342551275088,-3.50706278945575,0.411883313104201,-8.51469986250332,1.67022325953492e-17,8.77182232678596e-17,"NPY2R",TRUE
8.96222024529041,2.6097761749762,0.376659570492343,6.92873984740354,4.24605804754806e-12,1.65621206807207e-11,"MAGEA11",TRUE
52.8480061748184,2.7317032632836,0.190675314991057,14.3264651924751,1.49540598524988e-46,2.6279202900401e-45,"NOTUM",TRUE
33.6393580061611,-3.79611434200312,0.131774843272727,-28.8075800184904,1.72378486148618e-182,9.18500674342512e-180,"KLHL33",TRUE
226.347511361862,2.02292934718617,0.17938952189317,11.2767419514662,1.70960878761356e-29,1.58272662534108e-28,"NUPR2",TRUE
3.54980677394014,2.1166351350423,0.315229661958579,6.71458111489653,1.88607236977366e-11,7.03325414544937e-11,"SPPL2C",TRUE
21.4985592591404,2.40820299696483,0.299083862933499,8.05193223514132,8.14970289381092e-16,3.94726940743889e-15,"C12orf56",TRUE
196.395855661596,-1.846660455742,0.103103407975072,-17.9107605850281,9.71982844906612e-72,3.75887142835244e-70,"PRKN",TRUE
712.30672516897,2.84770243037972,0.217503560171884,13.0926704286095,3.62630516719606e-39,4.93726596265559e-38,"HS6ST3",TRUE
2065.15545900261,1.5442853671631,0.0890413591640555,17.3434613045137,2.21017561067177e-67,7.41190204790936e-66,"SMYD3",TRUE
5074.28044445784,-1.75511947765379,0.0802934419490055,-21.8588148054292,6.40865768315437e-106,6.16030435645752e-104,"METTL7A",TRUE
27.558678516914,2.08402558120837,0.182000453968705,11.4506614448704,2.33358022482528e-30,2.24264801833576e-29,"KPNA7",TRUE
286.74173536182,1.543120573892,0.0875295707536027,17.6297057166647,1.45723524727328e-69,5.27636520740897e-68,"PARPBP",TRUE
27131.6918065387,2.51218685288667,0.149578145944052,16.7951463566498,2.64850346388458e-63,7.79205245407351e-62,"MUC1",TRUE
2484.83972860346,1.94601437314378,0.101266410006031,19.2167805003443,2.6788461099884e-82,1.40484809364641e-80,"IRF7",TRUE
192.022006661296,-1.90912332401411,0.146307642002441,-13.0486917695131,6.46479755058507e-39,8.70579289495325e-38,"SV2B",TRUE
762.299972587646,-1.69263340783575,0.0892832391160879,-18.9580197200838,3.7915310775623e-80,1.87663395994941e-78,"TLCD2",TRUE
18.8819723708749,-2.01600914508527,0.16590970401387,-12.1512430937537,5.64999317288011e-34,6.32072849511419e-33,"DBX2",TRUE
1659.89353487375,5.91108528876198,0.309196697483091,19.1175563545119,1.80362034843041e-81,9.31151366486322e-80,"PRAME",TRUE
1082.41976441435,2.14440991674714,0.141641919477246,15.1396558636134,8.86765064916588e-52,1.87245752041553e-50,"MYBL1",TRUE
61.7798309589468,-1.80191063799436,0.116249993518475,-15.5003074276127,3.45236297024291e-54,7.81762779620588e-53,"SRL",TRUE
4.47290678572659,-2.74742680422933,0.200222894952413,-13.7218413752449,7.51327313147582e-43,1.16435500306821e-41,"C11orf87",TRUE
251.435270108947,1.7712886684836,0.179132479887186,9.88814909277825,4.6861167260659e-23,3.25209044046199e-22,"KCNQ5",TRUE
3804.07347591148,1.83485782568483,0.0904220990212097,20.2921392618241,1.50884831211826e-91,1.03204268068184e-89,"SLC52A2",TRUE
1037.81414194954,-3.21242711927189,0.159088613327198,-20.1926904263405,1.13511657452559e-90,7.53717405484992e-89,"NAT8L",TRUE
0.51280199523435,-1.59248208278031,0.390730297659392,-4.07565549003962,4.58849094198376e-05,0.0001011694861078,"NPAP1",TRUE
822.883062258251,1.68476398328016,0.0913350439297929,18.4459755072237,5.61760601919069e-76,2.48928003889394e-74,"DNAH14",TRUE
3.7724432142906,-2.21311782353775,0.175190985299468,-12.6326010425405,1.39586668664046e-36,1.73119558032766e-35,"FFAR3",TRUE
18.4681547135231,2.07024878743687,0.28131227797602,7.3592549970867,1.84939453070236e-13,7.83469453721179e-13,"KLHL34",TRUE
17.361860674843,2.80854160309327,0.215322337120688,13.0434289384435,6.92701999691607e-39,9.30212143954255e-38,"CALHM1",TRUE
3.08872759730213,-2.14487283762744,0.208752017143563,-10.2747406562896,9.15904394010685e-25,6.8892355603871e-24,"SHOX",TRUE
5.7673137842251,1.90244398275753,0.224253904697974,8.4834374916225,2.18636695331024e-17,1.1425547609259e-16,"GRK1",TRUE
23.0220494698046,-1.61691610615457,0.184422508651818,-8.76745532839076,1.82749501942486e-18,1.00940216327587e-17,"SLITRK2",TRUE
1.66232659210353,1.61849380822319,0.36219983116998,4.46851066438967,7.87660864142914e-06,1.88350838807736e-05,"KRT73",TRUE
8.98627650358716,1.55570106587251,0.193423821118163,8.04296521948107,8.76902230715572e-16,4.2419973411437e-15,"TAL2",TRUE
18054.9706430827,-1.71659082229019,0.24577830180883,-6.98430581404774,2.86267889811487e-12,1.12885537910131e-11,"KRT5",TRUE
83.4889745823325,3.12529784993596,0.251861708227171,12.4087852493919,2.34178694012195e-35,2.76605156912051e-34,"NBPF6",TRUE
26.2251878401282,-2.02260515858389,0.112812818080225,-17.9288594417129,7.02051164191364e-72,2.72486764806648e-70,"LRRC70",TRUE
686.282138135661,3.56322052547542,0.123045972927465,28.9584489496127,2.19664682196966e-184,1.26409702448281e-181,"KIF18B",TRUE
110.526181638595,-2.03470944831937,0.104807857995492,-19.4137108346103,5.91006487341614e-84,3.28286229004685e-82,"FFAR4",TRUE
4.99009139413278,1.84091301208673,0.36361627666306,5.06279044761405,4.13163917732142e-07,1.11207699964573e-06,"BPIFB4",TRUE
765.371375199583,2.2518578950349,0.114073713424398,19.7403751261882,9.70548030356034e-87,5.78575317543735e-85,"SAPCD2",TRUE
1031.13781292145,-2.69403770644873,0.110465934390212,-24.3879501976806,2.29569340300506e-131,3.8403925299883e-129,"MTARC1",TRUE
13.9777042899529,4.83427081977241,0.388036551941256,12.4582872298697,1.26048706205134e-35,1.50283485077723e-34,"GABRA5",TRUE
3.48613587795967,-2.03865513588623,0.21496432835105,-9.48369039423594,2.4544560765988e-21,1.5629141969018e-20,"SLC36A2",TRUE
1.50430118568038,2.10383951586942,0.34751501270514,6.05395289110717,1.41333958079462e-09,4.63312595375176e-09,"MINAR2",TRUE
2.70296108313926,-1.84552880003297,0.235539723060053,-7.83531871421297,4.67654937652213e-15,2.17429571356992e-14,"LINC00643",TRUE
285.50618552237,-2.12747508612623,0.1620514378808,-13.1283937615606,2.26407979174857e-39,3.1001803239806e-38,"GLDN",TRUE
73.0794041726006,-4.34211161461985,0.249290064284662,-17.4179088407696,6.03425517923203e-68,2.05231247861036e-66,"TRDN",TRUE
3.74842876015943,2.8048720606755,0.303560268164489,9.23991824633531,2.46685645731664e-20,1.4970405609925e-19,"KRT3",TRUE
9.61599692341693,-2.6556971285267,0.134054312513159,-19.8106057070414,2.4116545877096e-87,1.4785086932606e-85,"FAM228A",TRUE
118.31842294562,-4.89711548756654,0.229836385705842,-21.3069635276729,9.78382979325341e-101,8.27980576229053e-99,"DEFB132",TRUE
176.485812720787,-1.56655777774938,0.147458330305396,-10.6237319689226,2.31131855850725e-26,1.86321458694757e-25,"NAP1L2",TRUE
20.3884032998062,-5.00326712184969,0.218052030922315,-22.9452901708226,1.64198484300044e-116,1.9631043164515e-114,"AQP7P1",TRUE
1152.54676883868,-2.06110334127813,0.092421968151527,-22.3010111394612,3.61245366616667e-110,3.81206602033627e-108,"GNG2",TRUE
8.3548540131553,2.9199225908325,0.308852743820157,9.45409308888238,3.25834199756413e-21,2.05990977903717e-20,"AKAP14",TRUE
40.2184440366183,1.90210898911511,0.353864686093676,5.37524388237933,7.64790924757117e-08,2.19150021992545e-07,"KLK12",TRUE
37.9971962275069,-2.14262624528,0.169631333918217,-12.6310758501316,1.42318990058832e-36,1.76312817924123e-35,"RGS7BP",TRUE
688.992578891647,1.74219070859886,0.316337563751724,5.50737853556404,3.64216543923507e-08,1.07205797147504e-07,"CYP4F8",TRUE
123.919120763221,2.01202842143215,0.138429701262714,14.5346584084126,7.30771557964488e-48,1.34671650050159e-46,"FOXD2",TRUE
765.031530959889,-1.61175464007547,0.0728056003637876,-22.1377837971532,1.36799610465084e-108,1.40577885420787e-106,"MIR22HG",TRUE
144.459023993272,1.92669538887016,0.186111129267526,10.3523921242809,4.0815812388695e-25,3.11734288213781e-24,"HPDL",TRUE
579.802841106998,1.58689779905314,0.0758438948473954,20.9232107903492,3.29187504058083e-97,2.54618865146001e-95,"KIF24",TRUE
787.024822894053,-3.13071709921433,0.107317340900011,-29.1725183736267,4.32887713497503e-187,2.66906195922175e-184,"PDE2A",TRUE
1.95141520916947,1.89804862698695,0.289232342379129,6.56236647455895,5.29604585215746e-11,1.92001124719963e-10,"TPI1P3",TRUE
3.67328483501269,1.51285987445724,0.240120405916754,6.30042194323846,2.96836468367903e-10,1.02181065359377e-09,"FOXE3",TRUE
273.464896193157,1.65022640193104,0.153537734565693,10.748018437285,6.05483948986853e-27,5.00818076624618e-26,"CXCR3",TRUE
3.7130035728201,-1.77530717231406,0.222469479334405,-7.98000326887765,1.46329415373706e-15,7.00252529940033e-15,"KRT17P2",TRUE
14219.8520976676,-1.75306413633777,0.260610496819614,-6.72675950405474,1.73483117308084e-11,6.49057848735864e-11,"KRT14",TRUE
1.487468385833,1.8466738856796,0.346365694253557,5.33157271726727,9.73658175814858e-08,2.76140668078389e-07,"KRTAP17-1",TRUE
401.251010153214,2.8634605267185,0.104884621477168,27.3010522075616,4.12132885495053e-164,1.30791583367401e-161,"ERCC6L",TRUE
530.569970414749,2.92573464292153,0.152159511640586,19.228075927533,2.15475306254928e-82,1.13552066153391e-80,"TNFRSF18",TRUE
842.349886040359,1.64664993851727,0.239961171281555,6.86215161279238,6.78310147276617e-12,2.60879219002484e-11,"SERPINA11",TRUE
0.696154399909189,1.55582265127482,0.46748432630525,3.32807446951478,0.000874484871225047,0.00166951683293108,"LINC01551",TRUE
0.595066563332605,-4.45719714811947,0.486102841014228,-9.16924727043307,4.76333448949001e-20,2.84705049946529e-19,"KRTAP13-4",TRUE
78.8129191777133,1.55907270224329,0.158598878060722,9.83028834318977,8.33796994528837e-23,5.70854668208512e-22,"FAM183A",TRUE
210.699262384119,-1.81003619074371,0.113940953928377,-15.8857384315168,7.95555401350628e-57,1.95424992158754e-55,"KANK3",TRUE
1269.73871733668,1.81614474986935,0.14223088403506,12.7689900979711,2.44303607891343e-37,3.11772433961868e-36,"ESPN",TRUE
1.56013715831692,2.02293896202124,0.327116815065272,6.1841485024779,6.24385695711918e-10,2.10272211508477e-09,"PNLIPRP1",TRUE
0.661247995821953,1.65307186110325,0.475008962345193,3.4800856239465,0.000501253557423503,0.000985832924966889,"KRTAP21-2",TRUE
70.3321904610318,1.96472962683535,0.142718928262468,13.7664264351965,4.05794913485319e-43,6.3525964693603e-42,"GPR141",TRUE
506.530860496953,2.52056707009778,0.207055699102047,12.1733769272177,4.30880125545508e-34,4.83661540144191e-33,"TMPRSS6",TRUE
5.46924801274057,1.88986280865435,0.340185974784527,5.55538131709098,2.77006376163768e-08,8.23218012478704e-08,"CCK",TRUE
172.272453262781,1.66432926252615,0.220449752019171,7.54969895534932,4.36265472774708e-14,1.91606978782501e-13,"SLIT1",TRUE
1105.32283202511,-3.46080877945895,0.19245618419643,-17.9823204637929,2.68036423292858e-72,1.06035307326487e-70,"AKR1C1",TRUE
27.7811223463629,3.10748068735517,0.237854432150056,13.0646322595945,5.24374089857267e-39,7.08800053812704e-38,"FOXD3",TRUE
18.2131405556246,-4.11433266247114,0.196626537927456,-20.9246051211516,3.19701044452336e-97,2.47725261733624e-95,"ANGPTL5",TRUE
5.98503310544389,1.96022464141596,0.562650260850753,3.48391314784429,0.000494139811575235,0.000972329455073728,"BAGE2",TRUE
584.183462715538,-1.7420899935728,0.137205651509324,-12.6969259240346,6.14982468857945e-37,7.7338704416984e-36,"MT1X",TRUE
2.59506470917236,2.43776645766879,0.503012284237938,4.84633583325305,1.25762561317486e-06,3.24771863008598e-06,"AC100800.1",TRUE
215.403701375271,-2.02916942567034,0.133993598650634,-15.1437788529067,8.32872838448676e-52,1.76037177803354e-50,"WDR86",TRUE
2148.72319360799,-5.29160474097738,0.248421238967405,-21.3009353104132,1.11277007920406e-100,9.39866078638887e-99,"CIDEC",TRUE
119.350465898105,-1.9620994733649,0.19649917619464,-9.98528091243171,1.76799579505979e-23,1.25133975917974e-22,"LUZP2",TRUE
5.76564231370942,3.83038926208205,0.293295757382848,13.0598181721467,5.58610464985689e-39,7.54368825681549e-38,"H1-6",TRUE
33.6938257075873,1.97299345627438,0.255314239541269,7.7277062956587,1.09501623148824e-14,4.98953764263435e-14,"CDHR4",TRUE
1.16640802075284,2.48339694979903,0.372244498825842,6.67141343292465,2.53351384206859e-11,9.36907355185334e-11,"H2AP",TRUE
330.246773881438,-1.53443509401645,0.244470973471344,-6.27655329476696,3.46160766648458e-10,1.18592623341383e-09,"ATP13A5",TRUE
27.0311555547291,3.85778911096078,0.640563846891733,6.02248960767968,1.71754401428953e-09,5.59761380780307e-09,"PRR27",TRUE
1.27584664339107,1.70787970928326,0.342203670580645,4.99082814157242,6.01209716023848e-07,1.59681300575934e-06,"TPM3P7",TRUE
46.1136903060834,-1.91512180187881,0.18041104320786,-10.6153246931359,2.5291358802464e-26,2.03690062682282e-25,"AGMO",TRUE
31.6268722987269,3.79096711929233,0.280267800057049,13.5262314062503,1.09494660976717e-41,1.61620710251542e-40,"SBK2",TRUE
1.01015904633454,1.94236733945322,0.258519372785252,7.51343049662551,5.75977283373669e-14,2.50900076205163e-13,"FOXD4L3",TRUE
7045.10431813152,3.54113010034255,0.169215530889816,20.9267440271092,3.05676245375704e-97,2.37283934359989e-95,"ISG15",TRUE
1.01400668381501,1.78757347174788,0.37232255371816,4.80114205786479,1.57763299528613e-06,4.03787226926106e-06,"MYMK",TRUE
22.0435314597565,2.94407285200709,0.246730258091342,11.9323542835073,8.02707039430534e-33,8.51852368375261e-32,"TCL6",TRUE
377.918558859745,2.70753791835028,0.18368846096577,14.7398367002206,3.57648508543525e-49,6.94069677551194e-48,"SAMD11",TRUE
15.9909994798349,1.72399367629815,0.322492526234827,5.34584071273269,8.99983301749403e-08,2.56070138463341e-07,"AMTN",TRUE
6.33086865090845,2.15045195971738,0.400519071572139,5.36916245030808,7.91031424443613e-08,2.26353618504186e-07,"EZHIP",TRUE
290.515237146195,-2.20453052478607,0.147031450410409,-14.9935984351142,8.08514323227704e-51,1.65381413225155e-49,"C2orf88",TRUE
0.935734942552034,2.09562472017862,0.678849868258139,3.08702235673372,0.00202172390746745,0.00367971956717933,"SLC18A3",TRUE
217.663120885775,3.2184765705912,0.116245857264946,27.6868066210367,1.00663947155663e-168,3.56119340921183e-166,"GABRD",TRUE
618.018076383997,1.90817510270381,0.106575207637883,17.9044934088924,1.08780396358224e-71,4.19567641360227e-70,"FANCA",TRUE
16.7971302317688,-4.82904623668672,0.21882723556288,-22.0678482925819,6.43833420798308e-108,6.47735441530419e-106,"ADH1A",TRUE
7.69148016640894,4.84878560125329,0.619469057735752,7.82732493367189,4.98359879821884e-15,2.31331602636185e-14,"LIN28B",TRUE
0.720308146649444,-2.50661095667317,0.23729624606409,-10.5632136970097,4.41290007187858e-26,3.51858058566931e-25,"FAM205C",TRUE
559.078771782012,-2.03811972685313,0.0951150676118288,-21.4279375290026,7.33584805725851e-102,6.35773498295738e-100,"PEAR1",TRUE
0.906249198486556,2.0508866969688,0.591203591661265,3.46900243147351,0.000522394726180706,0.00102530952168983,"HELT",TRUE
226.091868087634,-2.28495662980466,0.0917888353090625,-24.8936226515019,8.72265036568932e-137,1.61574931237404e-134,"TMEM220",TRUE
5197.92724793792,2.29008137409999,0.149616350990262,15.3063576202914,6.93398584013968e-53,1.51376241204061e-51,"H1-2",TRUE
12.1820140142218,2.77280528832295,0.276941210717552,10.0122523518209,1.34651453282461e-23,9.58528240750625e-23,"ASCL4",TRUE
13.9122753404609,1.55786967949475,0.205257843045736,7.58981803753841,3.20355042519886e-14,1.4169423688418e-13,"TTC24",TRUE
1.01325681456073,-2.75664682581191,0.264995143925722,-10.4026314783511,2.41179141009334e-25,1.86146132438535e-24,"GFRAL",TRUE
4.20147790250921,-1.51721635586478,0.26556321739643,-5.71320219245534,1.10869816363448e-08,3.39733139811602e-08,"LCN10",TRUE
48.5811419649377,-2.6831026163581,0.109935013036136,-24.406260955972,1.46749578721842e-131,2.47410617876355e-129,"LDLRAD2",TRUE
218.702411552948,1.75198392839015,0.0993254914705423,17.6388145928254,1.24035720662356e-69,4.50242363649055e-68,"AC091057.1",TRUE
8118.99931044807,-1.60943523139385,0.144606316828212,-11.1297712762148,8.98657974581378e-29,8.06363371786534e-28,"COL14A1",TRUE
0.551537410521262,1.56982891970986,0.38197494771667,4.10976931627014,3.96054565934378e-05,8.79396803463717e-05,"FAM230D",TRUE
3.4053693316189,1.85999094490193,0.275711202434388,6.74615658877538,1.51812777737499e-11,5.69512341342934e-11,"TREML4",TRUE
1293.46760520897,1.84451362394702,0.141502694943937,13.0351837092418,7.71808968373579e-39,1.03419047112709e-37,"WNT7B",TRUE
135.116470951971,1.50109458147294,0.16148573026745,9.29552461995779,1.46482013598111e-20,8.99567971954252e-20,"MESP2",TRUE
1.00188026928989,2.09072351644107,0.503497095991545,4.15240431987751,3.29000323825964e-05,7.36534777547e-05,"FAM25A",TRUE
33.3394275905582,3.65776330830605,0.240352501256141,15.2183284517102,2.67272978300567e-52,5.73050260479506e-51,"TMEM215",TRUE
3.18027650534365,2.87745851321562,0.339312482274833,8.4802613034582,2.2468874583441e-17,1.1731873058569e-16,"OTOG",TRUE
1242.37881810635,-1.55194800695451,0.259492944150545,-5.98069443481341,2.22188332533885e-09,7.1848718304956e-09,"PLA2G2A",TRUE
57.5935918831734,3.53563044365715,0.210610924148539,16.7874978847895,3.01281552170617e-63,8.83977688081836e-62,"IL17REL",TRUE
70.4073331714534,2.32370848352366,0.177157115710717,13.1166533966272,2.64353276275025e-39,3.6140283193e-38,"RUFY4",TRUE
18.7135314208074,2.13709245541696,0.209027498813457,10.2239775510311,1.54853406943091e-24,1.15391454483146e-23,"LRRIQ4",TRUE
2332.71616336953,2.28049851100148,0.103496523192061,22.0345422306554,1.34396939896138e-107,1.34584035404114e-105,"SBK1",TRUE
154.868423913176,1.91483415008481,0.0859098576457331,22.2888758351925,4.73738496991489e-110,4.97483054261622e-108,"PRR19",TRUE
119.843263781256,1.8197168551049,0.163516019333131,11.1286763371948,9.09763966674528e-29,8.15989459718882e-28,"PDCD1",TRUE
0.921920251626431,2.09791959034151,0.479669208867294,4.37367992683041,1.22169463362698e-05,2.86395852410735e-05,"CLEC2A",TRUE
7.01030892929724,1.52656791689727,0.195244522228481,7.81874902032252,5.33508597943953e-15,2.47274818376944e-14,"SRP72P2",TRUE
42.8985887255837,3.12792956913965,0.19093534348604,16.3821402157969,2.56554626366189e-60,6.91192114479696e-59,"CERKL",TRUE
1.41489241567035,2.19505072389035,0.311875073881554,7.03823712671571,1.94687170265729e-12,7.76302500800891e-12,"SLC24A5",TRUE
674.562866210344,1.67158230869113,0.0990839526868905,16.8703635993752,7.43373863469114e-64,2.22651047517883e-62,"IER5L",TRUE
2339.62407201517,1.91109059227935,0.0918816556755297,20.7994792674194,4.37533210758169e-96,3.28416232631697e-94,"H2AX",TRUE
19.7858499268865,1.54666443017587,0.142260973287955,10.8720219919008,1.56689205580685e-27,1.33124136079967e-26,"LCTL",TRUE
855.181563604053,2.17012312031333,0.24354451455281,8.91058098474546,5.07658322623659e-19,2.87464355870338e-18,"NCCRP1",TRUE
96.1251392769182,-2.56970283148593,0.157609196963862,-16.3042695539851,9.20325566322874e-60,2.44438470415355e-58,"COL25A1",TRUE
17.8897311999855,1.54371290709403,0.213698376917073,7.22379331731229,5.05570791931477e-13,2.08847964967099e-12,"CFAP77",TRUE
13.4545681882151,-3.20208529210424,0.253601492491682,-12.6264449812308,1.50944966877299e-36,1.86884244705227e-35,"AC010969.1",TRUE
308.613039758438,-4.46332219259165,0.190140861639963,-23.4737665228585,7.56129495497497e-122,1.03931684795134e-119,"HBA2",TRUE
71.3250549207519,2.35656871656877,0.131393569031199,17.9351906942204,6.26483977375931e-72,2.44034733425498e-70,"FAM72B",TRUE
42.4823310664832,3.3811643369829,0.325968954154045,10.3726575610788,3.30211300474718e-25,2.53322426741714e-24,"HMX3",TRUE
28.9997614578303,4.93011563144536,0.280081351534879,17.6024415921579,2.35930165627853e-69,8.46446047256705e-68,"IGFL3",TRUE
7.34775516529241,-2.92644661145982,0.132351517048661,-22.1111678711159,2.46800103797652e-108,2.52414513741864e-106,"GOLGA8M",TRUE
2.54085910822294,-2.44145176293993,0.333859859363307,-7.31280414361864,2.61624222437309e-13,1.09905600938235e-12,"OSTN",TRUE
5.76949300329228,-2.98146038413789,0.232079049640889,-12.8467450584243,8.97059836129755e-38,1.16197786696759e-36,"ADRB3",TRUE
4586.86086934256,-2.07071528556563,0.1473607278364,-14.0520158658862,7.48720268713163e-45,1.24479070869261e-43,"PRELP",TRUE
10.8014144554756,5.11066740726435,0.404606797156582,12.6311951335967,1.42103395886362e-36,1.7613964866328e-35,"HMX2",TRUE
28.9912488329085,2.69288962634705,0.245349050864158,10.9757491087179,4.99897738497159e-28,4.34641144108328e-27,"SNTN",TRUE
45.0772747097264,1.69831185598696,0.169776799187763,10.0032034065428,1.47545407300468e-23,1.04789530674481e-22,"CALHM6",TRUE
34.4356609112619,1.60040942676202,0.205167392605545,7.80050575502007,6.16595554127941e-15,2.84836392124178e-14,"CNR2",TRUE
10.3789365836401,-2.68542599662835,0.169678719166157,-15.8265338742842,2.04162378344428e-56,4.9392647137587e-55,"GLRA4",TRUE
223.7234941005,2.6634443898672,0.186388574078898,14.2897406830301,2.53551812386049e-46,4.42332102772105e-45,"ENTPD8",TRUE
370.366535726516,1.85108110346342,0.176610848753504,10.4811290842443,1.05476875505679e-25,8.2785632784599e-25,"KLRG2",TRUE
237.025092362092,1.58046461029814,0.239881560939719,6.58852061870357,4.44230569362643e-11,1.61701875463369e-10,"GJB3",TRUE
748.720151896591,3.94477369688527,0.233728591778421,16.8775829558113,6.57835556254614e-64,1.97717149080426e-62,"INSYN2A",TRUE
1.13284136299291,2.11339346821512,0.341765378079898,6.18375530045952,6.25943710449747e-10,2.10780452079356e-09,"NYX",TRUE
13.1997351246491,-2.210990689289,0.134241859353466,-16.4702031090566,6.00683622732306e-61,1.64710960337524e-59,"UTS2B",TRUE
2.42730534195253,-3.12103860076958,0.454217102121364,-6.87124854214684,6.36423975414525e-12,2.45206737894045e-11,"AADACL3",TRUE
8.65900349550052,-1.62601053762068,0.271021891379101,-5.99955424023753,1.97859930828169e-09,6.42018147115324e-09,"SLC15A5",TRUE
25.2622401853913,2.22210547345682,0.232289720900908,9.56609472360055,1.1102023154886e-21,7.18385786154242e-21,"HUS1B",TRUE
131.683031922293,3.25395896726999,0.316486853204367,10.2814980601068,8.53899088524629e-25,6.43181233171431e-24,"SBSN",TRUE
14.1313793286904,1.97967215583659,0.221818863499217,8.92472409517858,4.46811543362768e-19,2.53875542542615e-18,"KIR2DL4",TRUE
337.903252258588,-2.70648220462523,0.197252081573755,-13.7209310189877,7.60821219631567e-43,1.17864478963742e-41,"RELN",TRUE
1436.38162150079,2.81617013600996,0.121880261341538,23.1060395261081,4.02594609302061e-118,4.99309866019453e-116,"FAM111B",TRUE
16.007935755031,1.77245781760796,0.258461564234305,6.85772301525329,6.99667483202131e-12,2.68805844534484e-11,"ANKRD34B",TRUE
499.057242493947,-3.08898379079821,0.140999344748694,-21.9077882688303,2.18960263951131e-106,2.14293083721787e-104,"PLAC9",TRUE
30.1691607235148,-2.71612857208243,0.105652793482903,-25.7080620638958,9.49810823354768e-146,2.04969175679959e-143,"NKAPL",TRUE
0.958488796452354,1.88648124327458,0.572683963515071,3.29410523684924,0.000987355249841609,0.00187142648909419,"FSCB",TRUE
6736.789705413,2.21553129817789,0.0983468275460947,22.5277352961842,2.22021094386194e-112,2.44449755961942e-110,"JPT1",TRUE
1745.05344447742,-1.81524043289104,0.109768364595856,-16.5370089968487,1.98643458936158e-61,5.5276928998611e-60,"PCDH18",TRUE
2.1503870972797,3.36726877406589,0.600801522938328,5.60462756085847,2.0870324045179e-08,6.26051699881794e-08,"DCAF8L2",TRUE
43.7420472945419,3.18470381772684,0.244696453230366,13.0149161366415,1.00652736635387e-38,1.34411265878196e-37,"DPY19L2P1",TRUE
2769.96723113618,-3.33189326735928,0.169033154022572,-19.7114778259084,1.71873600359301e-86,1.01756715932886e-84,"MAOA",TRUE
3.55675476623882,2.93160661512853,0.28620108404511,10.2431708982153,1.27004314154795e-24,9.49836457965858e-24,"BNIP5",TRUE
12203.8871597826,2.66951855097528,0.147932602410877,18.0455052332602,8.5578294634545e-73,3.42630723230701e-71,"S100A14",TRUE
84.443619625546,2.0544113839729,0.193076014092272,10.6404277798644,1.93240100733925e-26,1.56184321117532e-25,"ALG1L",TRUE
4.19042620658972,-4.28494222569914,0.211837518950708,-20.2274943877916,5.60811913398384e-91,3.74684863502697e-89,"KIAA0408",TRUE
1340.24133463232,2.447701147132,0.248280305192412,9.85861985804744,6.29081164656702e-23,4.33724330137113e-22,"CXCL17",TRUE
6.02799656411347,-1.60743054680567,0.168159844704833,-9.55894404890274,1.18964267048327e-21,7.68982741621359e-21,"OR7E12P",TRUE
13.4273419735254,1.73353456628829,0.182264738867109,9.51108029486837,1.88692677304097e-21,1.20848433780158e-20,"SH2D5",TRUE
7.35094824239338,-2.38660768437169,0.229275240766459,-10.4093563543684,2.24735944162802e-25,1.73890343314208e-24,"OR2L13",TRUE
154.97669583082,1.97654611920412,0.231107316890895,8.55250342479307,1.20447147009313e-17,6.37461540762962e-17,"PAX5",TRUE
17.6262149586306,-2.61500595512851,0.237409499276381,-11.0147486225235,3.24440979320723e-28,2.84322287664618e-27,"SPOCK3",TRUE
25.8904358304507,1.59378553442116,0.125067944905924,12.7433575055542,3.39465053209334e-37,4.30541043094765e-36,"CCDC189",TRUE
3.01604079242662,2.41930002520087,0.561837483277866,4.30604952002528,1.66195867216484e-05,3.83481081478933e-05,"OR8A1",TRUE
219.751613227375,4.89862038125821,0.235362234141557,20.8131113265689,3.29266603781888e-96,2.48446619217243e-94,"MYT1",TRUE
1467.65537118056,-2.36296318375653,0.141792481416165,-16.6649399189311,2.35725347987145e-62,6.73322701464274e-61,"AKR1C3",TRUE
925.486834184161,-1.63148951193058,0.128202246793051,-12.7259042079363,4.24531599645398e-37,5.37010077394354e-36,"FAT4",TRUE
26.1101147359995,1.70906640251509,0.228185229853876,7.48982045686976,6.89678938181801e-14,2.99251462470358e-13,"C8orf86",TRUE
20.1227492202985,1.70830475856293,0.273143593963187,6.25423695198637,3.99464128743204e-10,1.36205338888898e-09,"CTSE",TRUE
30.7709379956257,-3.39846249406116,0.75929211432207,-4.4758300922109,7.61149996797073e-06,1.8240551838846e-05,"SULT1C3",TRUE
1.80771787837153,1.84349544639042,0.325136118278957,5.66991897470081,1.42865068057073e-08,4.34412874266821e-08,"BECN2",TRUE
54.0149958654924,-1.52974762344547,0.14432574590537,-10.5992705171846,3.00313529171571e-26,2.41099924089379e-25,"GIMAP5",TRUE
1.57916568196691,2.09145661277856,0.610658466589916,3.42492035598529,0.000614979672399828,0.00119630967056279,"OR8D1",TRUE
10.4069344645048,2.56280541419055,0.285808792687003,8.96685294422399,3.0510705658126e-19,1.74786575020536e-18,"ELAVL3",TRUE
8.32131833857764,3.49138839617988,0.288343697999579,12.1084262302309,9.53051986938085e-34,1.0563359978492e-32,"PRSS29P",TRUE
41.3418439279703,1.77983932145999,0.108711832618686,16.3720846074125,3.02666926197672e-60,8.13900594061777e-59,"C9orf163",TRUE
16.4447099221773,1.53797644942592,0.266277555763884,5.77583959344169,7.65702952563855e-09,2.37821959072078e-08,"PRTN3",TRUE
137.491396857244,2.39679367397729,0.135796190243828,17.6499331069136,1.01876797377108e-69,3.71368460709118e-68,"C20orf204",TRUE
123.613206112473,3.17502073345865,0.251999546969782,12.5993112751087,2.12996232758379e-36,2.6160834962583e-35,"NBPF4",TRUE
1638.49077925507,1.56322667131578,0.11769466538413,13.2820520472507,2.94219255801748e-40,4.1424163819321e-39,"SLC6A9",TRUE
1581.98441108375,2.09513607142439,0.205872473550001,10.1768635471101,2.51538385534436e-24,1.85357635643952e-23,"SPTSSB",TRUE
2926.90086696123,-3.27762950894557,0.151320473542576,-21.6601853814802,4.8726938008332e-104,4.49370650521284e-102,"MME",TRUE
78.1799085550889,2.62136457034699,0.127868463838848,20.5004775348728,2.13191172844348e-93,1.51089179309722e-91,"FAM72A",TRUE
42.2824636032352,2.53340064165269,0.265547066186226,9.54030740402168,1.42409553666957e-21,9.17098826658588e-21,"CCDC196",TRUE
2163.70206360461,2.32624629480502,0.18854050650294,12.3381778162814,5.64182843674434e-35,6.56691788915549e-34,"CACNA1H",TRUE
2202.95838599285,-1.75722886815243,0.12745382613018,-13.7871802009114,3.04428542213988e-43,4.78134493520951e-42,"LAMA2",TRUE
460.057917406176,1.90026121491829,0.0981535571107534,19.3600850631841,1.67608485659398e-83,9.19184528724219e-82,"XRCC2",TRUE
2.4720265810459,2.76052866357248,0.365993075048481,7.54257075275757,4.607959616684e-14,2.018466833006e-13,"ANKRD20A19P",TRUE
1484.93736038024,6.43881656659558,0.235659671369773,27.3225220470262,2.29105395930389e-164,7.37924543907133e-162,"MMP1",TRUE
9458.95169468638,-5.11700348158989,0.251631170471329,-20.3353323517323,6.26139254109895e-92,4.33079650759344e-90,"ADH1B",TRUE
32.5719424411834,-4.02311366854064,0.193491360551816,-20.7922134459501,5.0907701462165e-96,3.81454235261639e-94,"FAM180B",TRUE
1173.47366406196,2.66586982993337,0.145679558492299,18.2995463297914,8.34407898507365e-75,3.55860127466185e-73,"HSH2D",TRUE
130.141723662361,4.87746881080809,0.214627016500673,22.7253254987719,2.51756641379065e-114,2.8821794806155e-112,"H2AC13",TRUE
85.1223026127002,3.36613098598282,0.183663998191996,18.3276582189177,4.97883645016559e-75,2.13604951480265e-73,"CLPSL2",TRUE
1.22664156967833,2.4448949288138,0.675556974092264,3.61908028867435,0.000295651906893013,0.000597254214907673,"OR14A16",TRUE
276.372636171896,2.38075830615224,0.17761181984863,13.4042785450949,5.70756011811254e-41,8.24149530604674e-40,"H2AC11",TRUE
0.585807379547241,-2.62898449156022,0.646144969650666,-4.06872236888506,4.72716330885656e-05,0.000104056902336028,"SPRR2B",TRUE
2.22105383810669,1.68562893341541,0.319592547174646,5.27430613860426,1.33259298579967e-07,3.74542284886129e-07,"CHRNG",TRUE
47.1409923536044,1.99519290501734,0.22411719928096,8.90245332093462,5.46256518304705e-19,3.08875033801009e-18,"POTEI",TRUE
1.34097283779238,2.55080332140437,0.335228658668688,7.6091445508702,2.75916025186036e-14,1.22541013037964e-13,"H2AC7",TRUE
4521.61173313522,-1.56685050643573,0.154631711107282,-10.1327890328308,3.95212871285952e-24,2.8857025079854e-23,"LAMB3",TRUE
162.731700437618,3.1798772289876,0.17287190805817,18.3944127458673,1.45630087066425e-75,6.36818090961186e-74,"H2BU1",TRUE
1679.11841914962,1.97551581513516,0.0951461422445504,20.7629628330865,9.36133267943161e-96,6.94218416570908e-94,"LAGE3",TRUE
5.50109210624502,2.15053949488458,0.256363244815698,8.38864204746132,4.91789598482212e-17,2.5259596656542e-16,"FAM163B",TRUE
13.984749143939,2.97553051503932,0.239750833737888,12.4109287490211,2.27992651391848e-35,2.69445860735821e-34,"H4C3",TRUE
2.62180416893242,2.14625834754514,0.374821475135168,5.72608158796441,1.02776807425387e-08,3.15718648290371e-08,"KRT35",TRUE
88.4489448164089,-2.165160547201,0.119717049757378,-18.085649049897,4.1347078392579e-73,1.67248350836337e-71,"ZNF300P1",TRUE
156.437487599433,1.50078175593545,0.196903778403017,7.6219043032465,2.49960326287709e-14,1.11322749794423e-13,"SLC6A17",TRUE
4.09622933288011,4.14236880289537,0.340646501302656,12.1603151274259,5.05632614208429e-34,5.66245553431131e-33,"IFNL3",TRUE
16.2284200130414,4.67407882380011,0.248436804616111,18.8139548446639,5.80417922381829e-79,2.78342639222219e-77,"H3C12",TRUE
141.342117661153,7.89144458144315,0.707114278648099,11.1600696234426,6.39414792025432e-29,5.77708654465515e-28,"MAGEA6",TRUE
134.562410129457,2.28161587942769,0.129343072573101,17.6400315381265,1.21393195568353e-69,4.4102107076853e-68,"CYSRT1",TRUE
14.2517874503877,2.54135497171508,0.176741184978142,14.3789630698096,7.0137518907016e-47,1.24727454306832e-45,"H4C11",TRUE
203.688981003216,-2.14446445445105,0.119495924949197,-17.9459212133196,5.16470032113016e-72,2.01720853081138e-70,"FAM110D",TRUE
3.7823830835252,-3.79881662783646,0.296932235066117,-12.7935474132358,1.78152438759442e-37,2.28636909213724e-36,"AP000445.1",TRUE
854.668649802444,1.64700501429781,0.180491203153226,9.125126241746,7.16526999323195e-20,4.24040933645813e-19,"C6orf141",TRUE
13.9424637246235,1.73540748881291,0.137312283518479,12.638399452292,1.29666602405528e-36,1.61140528644475e-35,"IL27",TRUE
161.822628495838,1.97443386647495,0.0945579489748362,20.8806756902097,8.02490110241401e-97,6.13017224035732e-95,"RAD54B",TRUE
502.374027190791,1.93729598418627,0.103850668742161,18.654631767429,1.15797166084455e-77,5.38556647435894e-76,"BLM",TRUE
487.206462093173,2.59275581611205,0.199054615091181,13.0253489220754,8.77988144123324e-39,1.17537122519735e-37,"GATA3-AS1",TRUE
2.05198904673898,1.6371304047318,0.350911403867158,4.66536677545981,3.08067040024951e-06,7.67455898844264e-06,"C17orf102",TRUE
11.7359956886727,2.25756353119538,0.271894564391659,8.30308445572084,1.01442710814242e-16,5.13158391788874e-16,"CYP2B6",TRUE
2.24318498514121,1.66133977365346,0.365408381590741,4.54652891764855,5.45378796612775e-06,1.32693775645794e-05,"OR13G1",TRUE
79.5424200947748,1.85454844694382,0.239392358173604,7.74689911195465,9.4163711149003e-15,4.30800708417486e-14,"OGDHL",TRUE
5.99272327467776,2.26655573153617,0.308019162802588,7.35848935797812,1.86003082277792e-13,7.87743404092779e-13,"CYP2F1",TRUE
103.567901465558,3.29448234093393,0.160357759008603,20.5445770837766,8.60575569760887e-94,6.16984079582723e-92,"ZNF695",TRUE
0.665084227608337,-1.632507408965,0.35261077203185,-4.62977180066849,3.66068932391495e-06,9.05313724617061e-06,"AL359955.1",TRUE
8.7682188155546,-2.42925552533106,0.1959572773973,-12.3968630182884,2.71755550503068e-35,3.20201189181338e-34,"ELANE",TRUE
9.15749086363627,-2.22110570847523,0.140448118960677,-15.8144211892016,2.47473559447466e-56,5.96701610377243e-55,"HOXA4",TRUE
54.8376287473324,3.14853465712159,0.194876303438825,16.1565803618086,1.02068833680207e-58,2.63947924603818e-57,"DMBX1",TRUE
16.3696938065645,3.22672392791256,0.201895066217064,15.9821831626307,1.70083228347384e-57,4.26542250753811e-56,"KLKP1",TRUE
96.7117874481934,1.74300506182073,0.143166928266899,12.1746347632138,4.24289092855927e-34,4.76510987448915e-33,"CCDC154",TRUE
3708.99583350803,-1.97013856153611,0.134579255901971,-14.6392439780703,1.5781324391597e-48,2.9873770207953e-47,"MFAP5",TRUE
3.80994303883329,1.96568657596845,0.28073719478771,7.00187439521464,2.52560463061731e-12,9.9931331002423e-12,"MYH6",TRUE
764.890606934361,-1.50024232728163,0.128022090919892,-11.7186207200786,1.0232437689244e-31,1.04060322966015e-30,"DPP4",TRUE
2.59355818833285,3.24727602964924,0.400947028739233,8.09901507403662,5.54059194018607e-16,2.70541857832821e-15,"SLC22A24",TRUE
396.28967950571,-1.86557582650132,0.121352226219071,-15.3732311686931,2.47511070412295e-53,5.46982990219901e-52,"NMB",TRUE
3231.04035674023,-3.06759402561306,0.177072228785314,-17.3239702614929,3.10198202292841e-67,1.03463326205247e-65,"CFD",TRUE
62.1456839154036,-3.74653569025021,0.155618187230659,-24.075178852309,4.54979816283459e-128,7.24609921431517e-126,"MAP1LC3C",TRUE
223.350006642509,1.60222004705071,0.150375447274251,10.6547982140238,1.65603408187747e-26,1.34299945460036e-25,"H4-16",TRUE
7.82645550718538,1.90760827151379,0.349726465978373,5.45457223598215,4.90908762445497e-08,1.42764114191413e-07,"CYP2A13",TRUE
557.656382595458,1.64412430965233,0.101203362134224,16.2457479176607,2.39403803930731e-59,6.30425148117776e-58,"ADAMTSL2",TRUE
14.6511221772648,2.05854199045451,0.207637747568826,9.91410287655987,3.61489282313891e-23,2.52294266246241e-22,"PRB3",TRUE
894.046609410618,-1.56860007083037,0.0910106180394917,-17.2353523645969,1.44172179864256e-66,4.71756731079705e-65,"CYRIA",TRUE
4.25908242679043,-1.61372386222387,0.277558098607266,-5.81400387998489,6.09959993248098e-09,1.90711919071196e-08,"OR7E13P",TRUE
88.5353282869619,1.70079478755587,0.317024786393698,5.36486376003336,8.10103423853643e-08,2.31596103686317e-07,"UGT2B17",TRUE
5.37903586422604,-4.94070611554899,0.3255033911543,-15.178662495737,4.89664821107537e-52,1.04005579128943e-50,"SLC22A12",TRUE
1942.44033406959,2.11082298765876,0.11195405504877,18.8543683097431,2.70551060967648e-79,1.30323479814327e-77,"H2BC12",TRUE
2453.92095433279,1.68309019162763,0.207881917026452,8.0963761336368,5.66205732198616e-16,2.76285352195503e-15,"ELOVL2",TRUE
107.766893127685,2.17489322431819,0.159302044882071,13.6526384575178,1.94699369660921e-42,2.96933738323864e-41,"CCDC151",TRUE
17.1289422073352,-2.0055700492059,0.143650060947852,-13.9614980736692,2.67746131877712e-44,4.37227508582749e-43,"DLGAP2",TRUE
5.03981402682522,3.3652030219111,0.390189916126703,8.62452585991059,6.43587368908639e-18,3.45273223643218e-17,"TUBA3C",TRUE
5.6342656822272,4.8138944271124,0.548780029122119,8.77199273233971,1.75531735192722e-18,9.70529040599267e-18,"DSCR8",TRUE
3.83719133727945,1.5856637108997,0.275325301482716,5.7592371727567,8.44949110065859e-09,2.61531867401337e-08,"POTEH",TRUE
171.161527120377,2.3297178354927,0.338708716980968,6.87823406571377,6.05990454044287e-12,2.33794118142053e-11,"CYP2A7",TRUE
16.1077348967676,-3.71500985678271,0.231922505642741,-16.0183240797915,9.51812143156892e-58,2.39534764423624e-56,"ADH4",TRUE
1600.88542428275,1.91918759157041,0.12421576033139,15.450435487818,7.4935451930472e-54,1.67923889165066e-52,"MB",TRUE
1.53038477971814,-2.2725064095106,0.278723881487132,-8.15325331071609,3.54262486865138e-16,1.74582883456261e-15,"OR2L3",TRUE
14.9477923629878,3.68732346465772,0.59606743688976,6.18608438652164,6.16769997447013e-10,2.07853463651231e-09,"BPIFA1",TRUE
33.8929498422865,1.64100806330862,0.160647842027214,10.2149399742987,1.69984324324034e-24,1.26295807158295e-23,"CACNA1E",TRUE
40.7919402755433,4.22229964397154,0.345812292927486,12.2098020525168,2.75558771098873e-34,3.11991515231568e-33,"CYP2A7P2",TRUE
2.01748500621132,2.93477239795623,0.678825521670778,4.3233088684305,1.53706304430208e-05,3.56281637981084e-05,"KRTAP4-1",TRUE
1372.30137840327,-1.91998986941078,0.0981393102419412,-19.5639225981664,3.13969232662668e-85,1.80198298959052e-83,"SH3BGRL2",TRUE
0.778736249911837,-1.64489769119201,0.236459239055641,-6.95636887677267,3.49154921879669e-12,1.36983241780988e-11,"AC007920.1",TRUE
258.155745694193,1.92894399634546,0.246470157625351,7.82627809764122,5.02525078719135e-15,2.33239944053316e-14,"C2CD4A",TRUE
1.45322313560702,1.58003326475517,0.374082972250851,4.22375083059284,2.40269682823907e-05,5.46050208555622e-05,"AC133561.1",TRUE
22.5795772117128,1.85275780353098,0.155661465332514,11.9024820919759,1.1487867883434e-32,1.21167247763688e-31,"SLC34A3",TRUE
6.26615391750219,1.57543866544813,0.21893468613443,7.19592995182493,6.20364735091986e-13,2.54950885227291e-12,"RD3",TRUE
1.23363788278746,2.73434102471331,0.59919927009567,4.56332502587451,5.03497742024365e-06,1.22926589805247e-05,"SPANXC",TRUE
2109.7379976665,-2.98606606951652,0.110802084749533,-26.9495477117285,5.77433964655843e-160,1.63960854700962e-157,"CCDC69",TRUE
71.3347479406609,7.25617366632906,0.503820210094191,14.4023076505257,5.00442501235054e-47,8.95113897774758e-46,"MAGEA1",TRUE
51.7298741506457,1.97004078006353,0.132217193982703,14.9000347134977,3.29408313966432e-50,6.5942777508308e-49,"TEX45",TRUE
431.662677966782,-1.9687256619299,0.16874104293608,-11.6671417200832,1.87621418172239e-31,1.88451021836486e-30,"EGFL6",TRUE
426.596345392452,-1.79667799888789,0.185568383488588,-9.68202645898668,3.59518064686662e-22,2.37987725028778e-21,"APCDD1L",TRUE
245.956646789207,-2.02370801366336,0.12530263289246,-16.1505625775653,1.12530676811666e-58,2.89959642459195e-57,"RASSF9",TRUE
614.029854481219,7.58145220604904,0.383371619088919,19.7757262889369,4.81839308374047e-87,2.91263088927505e-85,"MUC2",TRUE
372.635951466205,1.55842122514752,0.259238452123623,6.01153575938014,1.83773962446021e-09,5.97580367601166e-09,"BRINP2",TRUE
507.232344856525,1.69397446820215,0.150161413684407,11.2810237106742,1.62839883958502e-29,1.50981082527367e-28,"PAX9",TRUE
899.368237828297,2.26339907081539,0.0985770284072747,22.9607151624014,1.15163930457803e-116,1.38840090462536e-114,"ARHGAP11A",TRUE
187.449997010725,-2.12981603641365,0.127253875004627,-16.736747987723,7.07492980702837e-63,2.0479810226113e-61,"RYR3",TRUE
959.675579065458,-1.85462128137446,0.0887335457881754,-20.9010162380055,5.2417155910639e-97,4.01121356223968e-95,"ARHGEF15",TRUE
1494.41326559248,-3.78515235747311,0.179302342968602,-21.1104456015722,6.37686550825054e-99,5.20275076249704e-97,"CES1",TRUE
186.620395751508,-2.34517490376617,0.121002748912317,-19.3811704679996,1.11286781957203e-83,6.12645090468478e-82,"ITPRIPL1",TRUE
35.5186056754365,-1.67241760402605,0.295555105983677,-5.65856441038246,1.52644428626078e-08,4.63170243215798e-08,"POU3F3",TRUE
42.757119165064,8.64563003658556,0.442773104475096,19.5260957569563,6.58883228291065e-85,3.75163590145678e-83,"CSAG1",TRUE
510.586830128675,-2.04090724919612,0.100667612520613,-20.2737225816121,2.1941495722747e-91,1.48898577892101e-89,"GPRASP1",TRUE
975.650819541307,1.925074484772,0.0838903395060007,22.9475109542774,1.560256726959e-116,1.87057445376529e-114,"CCDC167",TRUE
531.60065932656,1.8091414027461,0.210030087779941,8.61372492802853,7.07242668669978e-18,3.78811039709559e-17,"SOWAHA",TRUE
1621.4413053817,-2.99640702934735,0.136865493874692,-21.8930787046348,3.02386193497863e-106,2.93941173679454e-104,"DMD",TRUE
1.4182315351241,1.53351171513424,0.288534553949122,5.31482865447251,1.06757735132338e-07,3.0198347413237e-07,"MIR210",TRUE
2.33422338568692,-1.78897336502581,0.210717464315341,-8.48991501885479,2.06788255405255e-17,1.08181589130798e-16,"MIR126",TRUE
3.81695145939579,2.66028646512669,0.406629226598089,6.54229034981814,6.0583733459312e-11,2.18410302423327e-10,"U3",TRUE
3.82329742137175,1.65147561959305,0.34437792871407,4.79553270373561,1.62243096653779e-06,4.14785691954572e-06,"RNU5A-1",TRUE
1.17300658604857,2.22322605158858,0.600807977927198,3.70039369193926,0.000215265245309249,0.000441475314209893,"RN7SKP95",TRUE
51.539531440087,1.8206092180214,0.164344287390073,11.0780194854,1.60380942854993e-28,1.42370248737587e-27,"SNORD104",TRUE
1.52024989844834,1.8842955124469,0.366028756789586,5.14794391832469,2.63357198540696e-07,7.20995666921436e-07,"RNU1-134P",TRUE
1.5208208363278,1.96855955523206,0.399200996433725,4.93124910212712,8.17054621735387e-07,2.14514736140272e-06,"RNA5SP491",TRUE
1.81184789744876,2.88319015548905,0.448854814304227,6.42343596104299,1.3323220876052e-10,4.69719174163049e-10,"RNU1-72P",TRUE
1.79930772408766,2.28766752211955,0.434093766349918,5.26998473476231,1.36435105077506e-07,3.83044242187287e-07,"RNU6-942P",TRUE
1.54370345957127,1.59587613942632,0.34945535093594,4.56675261990441,4.95337999109879e-06,1.20975486880842e-05,"RNVU1-22",TRUE
1.2444685291529,2.02079157976766,0.633277082722123,3.19100696188364,0.0014177786388132,0.00263403753825395,"RN7SKP90",TRUE
1.43084984025678,2.17161729606654,0.537424506053935,4.04078576917109,5.32724064094153e-05,0.000116588259248028,"AC022973.1",TRUE
292.123461011447,4.38798726644238,0.272008074895208,16.1318272192208,1.52442718790285e-58,3.91166928834049e-57,"SNORA73B",TRUE
2.51680483908629,2.04862515310345,0.505902541949225,4.04944625344274,5.13389663962928e-05,0.000112528047822051,"RNU5B-1",TRUE
1.6219040145065,3.05290929932028,0.922209182753687,3.31043038435639,0.000931526203513562,0.00177198955192584,"RNU1-19P",TRUE
1.7309947631462,2.85599789857075,0.72506454813971,3.93895675343437,8.18366782361049e-05,0.000175672487450029,"RNU1-83P",TRUE
5.98400201332176,4.42566377858397,0.912717542664691,4.84888650837496,1.24156425376597e-06,3.20720093323793e-06,"RN7SKP255",TRUE
19.2758529747405,1.63246836395382,0.190839513189356,8.55414236114743,1.18748283637348e-17,6.29010299679422e-17,"AL136296.1",TRUE
3.97886762786862,1.96595634971771,0.286642501185688,6.85856543110527,6.95554726895989e-12,2.6736856085528e-11,"SNORA38B",TRUE
10.7498752589861,2.62432238845175,0.468286298242599,5.60409817306293,2.09342035916906e-08,6.27880630310888e-08,"RN7SKP203",TRUE
1.03453248615297,1.67932435284374,0.556219773590398,3.01917413328135,0.00253464801355768,0.00454809829398202,"RNU6-414P",TRUE
1.19855835850538,2.51480262151002,0.824868984295439,3.04872976119721,0.00229811104754661,0.00414815243244163,"RNVU1-33",TRUE
1.26272860889051,2.30258775879993,0.712862662226561,3.23005801932172,0.00123765099411716,0.00231703899132892,"RNU6-1188P",TRUE
3.64189728713309,2.29789546491886,0.354362607533942,6.48458786583108,8.89746603309755e-11,3.17236376694333e-10,"RN7SKP180",TRUE
2.05359770746156,2.93530554415688,0.613724670659891,4.78277260876733,1.72893673579826e-06,4.40787462443457e-06,"SNORA80A",TRUE
115.759327375577,5.019873424127,0.349344718872832,14.3693983419121,8.05277719182925e-47,1.42675641871654e-45,"RNU4-1",TRUE
3.5543357352084,2.33352032434258,0.394806524759501,5.910541437389,3.40985058643002e-09,1.08700163461349e-08,"SNORA38",TRUE
1.87896013546048,2.88915438833469,0.787860279357188,3.66708979248445,0.000245326665235062,0.00050005104263322,"RNU6-681P",TRUE
26.8933997855275,4.14974667697022,0.437374025353438,9.48786721757618,2.35809411893212e-21,1.50221907266584e-20,"SNORA74A",TRUE
1.15051848464479,2.66022134700304,0.761871726085968,3.4916919159996,0.000479971515256331,0.000945355295872918,"RNU5A-8P",TRUE
0.912960624285916,-2.28497830044224,0.336359300554371,-6.79326629790304,1.09622757423955e-11,4.15501730957927e-11,"AC012291.1",TRUE
0.674280582117747,1.75570387313648,0.401811007676006,4.36947679281141,1.24544574223233e-05,2.91662714241711e-05,"RN7SKP214",TRUE
1.38556104304817,1.56491517407909,0.480182514138911,3.25900075075699,0.0011180537202452,0.00210519145649519,"RNU4-40P",TRUE
0.918573878549468,1.63594470525532,0.381312919326985,4.29029445984351,1.78436366987101e-05,4.10605331582603e-05,"RNU4-38P",TRUE
1.30954441828892,2.77216341855875,0.808713602080164,3.42786792682629,0.000608341339944982,0.00118409002579712,"RN7SKP37",TRUE
2.54225354041353,3.35192947123294,0.701377337321504,4.77906726218679,1.76110276148705e-06,4.48723036695089e-06,"RN7SKP71",TRUE
1.03871892926698,1.85570618250787,0.439485209302594,4.22245423333503,2.41656478808918e-05,5.49028458461489e-05,"RNU6-1277P",TRUE
1.03938234002934,-2.26472177237921,0.230551904172167,-9.82304518590319,8.95953589912517e-23,6.12923711216108e-22,"RNA5SP515",TRUE
1.61802302777114,1.76274174933543,0.40421171639873,4.36093680074478,1.29506772154388e-05,3.02839696927095e-05,"AL732366.1",TRUE
2.28445861956618,1.90223341312367,0.427992937733427,4.44454392915348,8.80785104857474e-06,2.09620541084359e-05,"SNORA14A",TRUE
1.13324713778619,2.11763802655698,0.551101197214861,3.8425574781166,0.000121758887017725,0.000256609871755702,"RNU1-133P",TRUE
3.5324842435662,3.62151834643628,0.598431878003148,6.05168019878986,1.43342819630205e-09,4.69683882116583e-09,"RN7SKP9",TRUE
28.1852427316201,4.04542890026006,0.34404498797822,11.7584299775242,6.39116809862044e-32,6.54120974950102e-31,"SNORA23",TRUE
1.43056066767011,2.6580796828028,0.554456958743859,4.79402348709765,1.63469123139382e-06,4.17697433822494e-06,"RNU6-1283P",TRUE
1.18793779624286,2.34346863706207,0.595552323527831,3.93495003626252,8.32140054976924e-05,0.000178513667542144,"RNY3P13",TRUE
1.43590974035691,1.90396665013214,0.492453302669191,3.86628872181844,0.000110504108337814,0.000234009975754872,"RN7SKP230",TRUE
418.537455494912,4.78229139460131,0.32659119619022,14.6430505487843,1.49220063218347e-48,2.8284312378146e-47,"RNU4-2",TRUE
0.858408568883979,2.10166930975869,0.478939953247568,4.3881686952776,1.14309098783833e-05,2.68918603701636e-05,"AL157414.1",TRUE
0.703518221646874,-2.21645844208717,0.213039981377465,-10.4039552940067,2.37850645894175e-25,1.83609978121849e-24,"GPR160P1",TRUE
1.93490222940563,1.67806663816957,0.34201624311284,4.90639457031851,9.27658163520888e-07,2.42344448505306e-06,"SHISA5P2",TRUE
3257.87563772887,2.20164730966643,0.0934282149446172,23.5651222810105,8.78565724074895e-123,1.2311330081517e-120,"IQANK1",TRUE
1.21488474754682,2.00700411523478,0.319690251253466,6.27796470916947,3.43033749047943e-10,1.17549318054063e-09,"TAS2R2P",TRUE
1.44320649839387,2.27331096242749,0.344342371765103,6.60189145696613,4.05944700681002e-11,1.48127944550153e-10,"AL450313.1",TRUE
15.9507384156508,3.38247928388927,0.16923312700692,19.9870991200852,7.13235540575386e-89,4.54700826162979e-87,"LINC02408",TRUE
2.44139046795518,2.05411761564954,0.542407787240728,3.78703562885592,0.000152455246528032,0.000317581371695056,"AC106827.1",TRUE
79.3581149839115,2.20203101874997,0.258425873770609,8.52093866074957,1.58265344489429e-17,8.32102846651694e-17,"LINC02487",TRUE
75.7200843032494,2.65832001713053,0.112803663209,23.5659015098229,8.62551488978704e-123,1.21262938971729e-120,"C6orf99",TRUE
507.411507170776,-2.93777759583354,0.155348184110891,-18.9109233084854,9.27190844523997e-80,4.52687294679363e-78,"SAMD5",TRUE
3.46303519689338,2.26667404190578,0.306679908096473,7.39100926426763,1.4571846486313e-13,6.20604790161108e-13,"GPR52",TRUE
22.1363881388336,5.69991837550769,0.259140521365217,21.995473133569,3.1819727138188e-107,3.14265314252676e-105,"METTL11B",TRUE
7.20287156803498,1.75921208769775,0.170090948766005,10.3427730896951,4.51286052352402e-25,3.43579220665544e-24,"TMEM244",TRUE
667.794049505297,1.72138040224621,0.133067015200364,12.9361915847761,2.81228679771187e-38,3.7005578716233e-37,"CENPW",TRUE
1.77810011508903,2.44474560541665,0.649411911727424,3.76455306912014,0.000166847232254166,0.000346374533145254,"KPRP",TRUE
479.285895484052,4.99079841536282,0.149826674545415,33.3104797961062,2.72258787241007e-243,9.03899173640143e-240,"PLPP4",TRUE
13.3801636347823,-1.66585320345183,0.167182110446708,-9.96430299271074,2.18400373951636e-23,1.53971906889131e-22,"BVES-AS1",TRUE
1.57262609143263,1.91225519002171,0.443491255867386,4.31182163057917,1.619150312745e-05,3.74103466263781e-05,"LIN28B-AS1",TRUE
2.28651370988144,2.84531101126767,0.347445060611113,8.18924006651042,2.62880719506831e-16,1.30488002920239e-15,"H3C14",TRUE
7.37337965282036,2.75225417699082,0.220337894678246,12.4910614264054,8.35317192135037e-36,1.00145250034856e-34,"H2AC18",TRUE
213.274460420122,2.81383892931392,0.173059532140945,16.2593697931776,1.91699576466234e-59,5.06039982891906e-58,"H2BC18",TRUE
1.08595922019393,2.19916052085356,0.311983342118552,7.04896776193228,1.8024990185894e-12,7.20265323972953e-12,"H3C15",TRUE
13.0783029409746,-2.0835205957152,0.513780833252288,-4.05527116012928,5.00761768950144e-05,0.000109882952605055,"HSD3BP2",TRUE
1.06961192360405,2.10835570007949,0.359089094995888,5.87139996580412,4.32130313480786e-09,1.36625480403126e-08,"LINC02868",TRUE
12.7407959581184,-2.28582987098181,0.123125662903014,-18.5650157496602,6.16690023097682e-77,2.79583418034621e-75,"ADD3-AS1",TRUE
0.607447317537591,1.55054387698034,0.535977822721595,2.89292543692754,0.0038167189290111,0.00668436897322347,"AL121827.1",TRUE
12.5262902113212,5.71143630152047,0.63635401701305,8.97524985907859,2.82709395395866e-19,1.62278727294661e-18,"GLYATL3",TRUE
65.1744740566122,1.81982968439741,0.208836833701108,8.71412217924158,2.93020228273081e-18,1.60227455368886e-17,"LDLRAD1",TRUE
326.724416200467,1.53912766420445,0.127017173710424,12.1174768674462,8.53463000042264e-34,9.4814576787192e-33,"ZYG11A",TRUE
0.584574083852327,-2.51828372903756,0.31890271746778,-7.89671454992225,2.86351145182115e-15,1.3489320482493e-14,"C1orf185",TRUE
67.9681941827626,4.63385621900309,0.701580734879639,6.60487950798429,3.97840789124075e-11,1.45269107094713e-10,"CT83",TRUE
4.60913733528319,2.79242309812768,0.258957479958529,10.7833266626431,4.12685520936244e-27,3.44183711760546e-26,"SLC12A5-AS1",TRUE
258.619565500303,3.00674272670063,0.224744421823753,13.3784976832864,8.07632906726636e-41,1.15846430934805e-39,"AL391421.1",TRUE
165.805353608249,2.06523637996315,0.130737272747279,15.7968445919423,3.27083767003415e-56,7.8558349381566e-55,"LRRC73",TRUE
368.715035975142,1.67590306667446,0.103308780722899,16.2222712817575,3.50972187474436e-59,9.16946707711663e-58,"FOXO6",TRUE
35.5369590329286,-2.77520813356249,0.202870278519274,-13.679717668938,1.34212792614442e-42,2.05850182275739e-41,"TCEAL5",TRUE
3.72790357271547,-2.17028430126367,0.155166574740179,-13.9868029238754,1.87660172232486e-44,3.0796247275871e-43,"TCEAL6",TRUE
4.14243892826894,2.44559928645005,0.281948079601919,8.67393489575447,4.17439039202495e-18,2.26340061959544e-17,"TDRG1",TRUE
40.5634219221777,2.67921701373899,0.248296721854819,10.7903841570069,3.82188600073448e-27,3.19057252982012e-26,"NEU4",TRUE
3.1054585169236,2.25799626006611,0.478689375869769,4.71703859306127,2.39302310632169e-06,6.02021900611123e-06,"BMP2KL",TRUE
543.773995693545,-2.05010601235158,0.100661605847255,-20.3663153900249,3.32795191391528e-92,2.32418130428128e-90,"GGTA1",TRUE
134.748239464406,2.93268132219007,0.202213648872736,14.5028851343055,1.16162824599588e-47,2.12530203888012e-46,"CLPSL1",TRUE
486.350136328567,-1.80322766777933,0.0979179840671891,-18.4156943686871,9.83203263344526e-76,4.32569346034146e-74,"TMEM273",TRUE
2.10511967434942,-1.642667833908,0.304333471755583,-5.39759174182215,6.75413397297407e-08,1.94390785725234e-07,"NPY4R",TRUE
30463.9879859096,1.76439429592429,0.116336484089105,15.166302383463,5.91145639789911e-52,1.25313584544855e-50,"COL5A2",TRUE
2.84324284907962,-1.84279152149809,0.19376339437515,-9.51052456239601,1.89703497397233e-21,1.21441752412705e-20,"BTNL2",TRUE
1540.69989877795,-1.51525983341595,0.0776537867845577,-19.5130192120557,8.51041711709925e-85,4.83938870584985e-83,"NOTCH4",TRUE
122.610064664143,1.60458013390345,0.224400817811367,7.15050929650474,8.64565267808465e-13,3.52523731304803e-12,"SP5",TRUE
201.420842727239,2.21761822132382,0.176890656681216,12.5366611381872,4.70400394512857e-36,5.6917524606602e-35,"CYP21A1P",TRUE
7206.73664161517,2.55690688096988,0.168585616671818,15.1668151260339,5.86546739085779e-52,1.24399789970232e-50,"SLC44A4",TRUE
11.8680659381734,-2.17702966130734,0.125825027094157,-17.3020400756857,4.54022724192335e-67,1.50619683137134e-65,"CASP12",TRUE
685.154547679669,1.88359052105532,0.231762752920705,8.12723570685136,4.39190848703237e-16,2.15476606002406e-15,"POTEKP",TRUE
16.5581646613748,2.06654406707177,0.265438545142138,7.78539554594517,6.94954394873464e-15,3.20245907353606e-14,"PSORS1C2",TRUE
8.62117446275072,3.2904341450698,0.364634501186503,9.02392432521575,1.81469365505994e-19,1.05243453577516e-18,"MUC21",TRUE
18.4541798305218,1.62480769771108,0.177449621122875,9.15644500917801,5.36351117541332e-20,3.19515724404194e-19,"KRTAP5-10",TRUE
0.632145203980726,-2.39528456939351,0.247974382764761,-9.65940329274167,4.48468488556564e-22,2.95735675570685e-21,"DPRX",TRUE
17.7536069120043,1.75854175462045,0.263075520415194,6.6845510819291,2.316335964368e-11,8.58285201082785e-11,"LINC01257",TRUE
5.23346219725445,3.5766514960646,0.366273863645676,9.7649651014263,1.59166798130581e-22,1.07204104358862e-21,"TRIM15",TRUE
91.5279198790455,2.27342622028515,0.18466616362859,12.3110058475985,7.90320367580241e-35,9.14238195249617e-34,"DISP3",TRUE
2.7509082295329,1.85032126384063,0.413730321383622,4.47228827138576,7.73870081583975e-06,1.85278930055829e-05,"CST9LP2",TRUE
109.8803212199,2.67473062023591,0.159035630127797,16.818436334591,1.7881630151132e-63,5.29698803927836e-62,"FAM153CP",TRUE
5.1498181310188,-2.21938971595317,0.205517952360438,-10.7990065610463,3.47947766497484e-27,2.90922619179221e-26,"MAS1L",TRUE
159.609902210736,6.20064554382101,0.354021468864318,17.5148856472246,1.10307376508599e-68,3.86747877344527e-67,"SPDYC",TRUE
254.872060838886,2.58342418328504,0.263168548393979,9.81661448167239,9.54969094097248e-23,6.52056100320159e-22,"MALRD1",TRUE
242.616179676018,-3.52028398191761,0.190132026820582,-18.5149448032736,1.56456964026639e-76,7.02672483599347e-75,"INSYN2B",TRUE
395.549166512438,-1.59433116037835,0.127959668227298,-12.4596381224301,1.23931698602971e-35,1.47841130782317e-34,"ZNF204P",TRUE
11.2546695667072,1.71881553489227,0.15133531001024,11.3576635537071,6.79373363385617e-30,6.41613881044272e-29,"SMPD5",TRUE
448.618572410187,2.42018373257786,0.205497940718961,11.7771678105899,5.11841034743793e-32,5.26730068181739e-31,"ST8SIA6-AS1",TRUE
750.456750398164,2.00916432595032,0.132739815195442,15.1361091093286,9.35894472391092e-52,1.97521786935939e-50,"MROH6",TRUE
95.0777530104433,3.13716298612354,0.182742410576639,17.1671314623918,4.67983109832853e-66,1.51183765122649e-64,"IGFL2",TRUE
15.0833214777001,1.6933093541125,0.15534573896263,10.9002626362339,1.14925080714325e-27,9.82405720663552e-27,"NAT8B",TRUE
2.13566609932412,-1.73408334011436,0.193435001138976,-8.96468234757823,3.11176477785398e-19,1.78216252404694e-18,"GRXCR2",TRUE
2.23044992334477,2.47457489201988,0.433705177134187,5.705661408912,1.1589217420501e-08,3.54619371760951e-08,"CD177P1",TRUE
174.295123786645,3.74931495062215,0.257992706871745,14.5326392985443,7.52637406352632e-48,1.38480856087483e-46,"CD177",TRUE
13.8069617365047,2.39462226492639,0.263323944573692,9.09382649877571,9.56133868572051e-20,5.61605032220601e-19,"FAM83A-AS1",TRUE
201.21676700766,1.72236374075237,0.170675909937363,10.0914284938306,6.02857385135382e-24,4.35834585300554e-23,"LRRC10B",TRUE
2.95360161928689,-2.76266040153388,0.145789098252606,-18.9497049823785,4.44065808958739e-80,2.19038632167534e-78,"ERICH4",TRUE
20.801503809639,3.24403925056006,0.349387243580064,9.28493901872141,1.61799801433803e-20,9.91379816848802e-20,"PRSS1",TRUE
3393.27249253573,2.17967910901077,0.193517577311276,11.2634683592836,1.98778163396158e-29,1.83513701223063e-28,"AARD",TRUE
1.30634642979077,1.71049467647755,0.50095519925781,3.41446636148647,0.000639070843841379,0.00124054591530274,"AC136759.1",TRUE
108.7635123066,-3.17555357542338,0.167878044949175,-18.9158360545882,8.4470247767671e-80,4.13348740776948e-78,"PKHD1L1",TRUE
7.73116952543196,1.89437897861451,0.284941144968959,6.64831672105789,2.96463835606825e-11,1.09175589972616e-10,"CLLU1-AS1",TRUE
82.4390347533967,1.73890973809738,0.163161553632422,10.6575948768843,1.60699477251826e-26,1.30371981920842e-25,"CCNI2",TRUE
12.2158175257172,-1.83502698975361,0.167359609816659,-10.9645749757894,5.65657025185706e-28,4.90433049558358e-27,"LINC02716",TRUE
1.29492760150229,-3.00545529760811,0.455107027108203,-6.60384287341175,4.00634155891505e-11,1.46251967929268e-10,"FABP9",TRUE
341.862650401715,-2.81487823111128,0.171881051867144,-16.3768966999751,2.79651911799392e-60,7.52479832497615e-59,"VIT",TRUE
4.85881931059444,-2.03773406948058,0.162306769050235,-12.5548310856332,3.73978472862499e-36,4.53778771120199e-35,"TTLL10-AS1",TRUE
647.321282315245,-1.57377082140953,0.08984389960601,-17.5167243219734,1.06800289110876e-68,3.75061064119235e-67,"TMEM170B",TRUE
0.903759758697525,1.63828654023739,0.437327144657008,3.74613503930171,0.000179579947645566,0.000371485359489198,"TRBV20OR9-2",TRUE
1.32127986614101,-1.5230280913007,0.249913681097267,-6.09421654954509,1.09974706603189e-09,3.63410790674041e-09,"CTXN3",TRUE
3.02647387281234,2.20964962148428,0.289916626742636,7.62167263847833,2.5040944021834e-14,1.11511261244568e-13,"LINC01602",TRUE
0.798002830933009,1.63831394517212,0.396416822048422,4.13280631408725,3.58360700827611e-05,7.99485570542732e-05,"AL356414.1",TRUE
1.00464171508777,1.54063097190189,0.335027672242048,4.59851856890443,4.25505794937616e-06,1.04648869505428e-05,"MGAT4D",TRUE
15.3322910001805,2.27198698734384,0.347941563993376,6.52979471974522,6.58598951031057e-11,2.36718277202702e-10,"AC005863.1",TRUE
16.7528466749321,2.13328001389688,0.230081471687551,9.2718461780089,1.82951369746874e-20,1.11780593407065e-19,"MT1H",TRUE
147.141091773324,-2.17533704829736,0.156632939904072,-13.8881198911903,7.47723342028215e-44,1.197022976333e-42,"MT1M",TRUE
1.28403265328172,2.33449748002117,0.562087650753434,4.15326235488711,3.27768585090739e-05,7.33967631654887e-05,"OR52E6",TRUE
1027.14418738327,1.77717494500441,0.315482304523751,5.63320008609425,1.76896020342139e-08,5.34091097444332e-08,"KRT6A",TRUE
3.13960407350947,1.50662822623456,0.441352523985484,3.41366174283873,0.000640961002353373,0.00124399122500097,"PCBP3-AS1",TRUE
3677.48677193042,2.22439695045552,0.281609223012374,7.89887819248653,2.81424731211442e-15,1.3261591220751e-14,"KRT81",TRUE
53.4123886615418,1.60905190828155,0.173998239333632,9.24751833377048,2.29765169782692e-20,1.39671334194662e-19,"EXOC3L4",TRUE
1.92914568972107,2.29904925094789,0.306217759965477,7.50788997740393,6.0087971236182e-14,2.61510218670325e-13,"NBPF22P",TRUE
130.172096101568,-2.08662415327178,0.185562002477957,-11.2448891767033,2.45404694712151e-29,2.25883271993526e-28,"C2CD4B",TRUE
3.6939146184502,1.67203019125665,0.20614343080349,8.11100399726317,5.02032038028605e-16,2.45693420584132e-15,"AC121338.1",TRUE
9.8974358245196,-1.7671113295493,0.12997563330595,-13.5957124008751,4.24606017384477e-42,6.38536435899444e-41,"AL049775.1",TRUE
192.755609145915,3.8633253965718,0.291108767700598,13.2710719333098,3.40672403690064e-40,4.78160030675225e-39,"MUC19",TRUE
13.1227954041941,3.20369217782149,0.433525132462025,7.38986494191802,1.4697802810672e-13,6.25845668220801e-13,"LINC01446",TRUE
11.3147369988921,2.89783942189719,0.283528875062069,10.2206148183772,1.60320783187369e-24,1.19280210349368e-23,"LINC00898",TRUE
6.40981967074795,1.87246879863368,0.496853193035723,3.76865606356092,0.000164128854589976,0.000340913450391946,"ADARB2-AS1",TRUE
15.6373062845337,2.69509282237392,0.179679868818327,14.9994144591619,7.40698679284801e-51,1.5186961994267e-49,"LINC00634",TRUE
3113.9990692237,-1.79291235815759,0.0654229723956801,-27.4049357970776,2.39514970023992e-165,7.83141371684507e-163,"ITSN1",TRUE
1.53773096386314,-2.94262401426174,0.663300427207685,-4.43633667876469,9.15026988251807e-06,2.17506002164168e-05,"SLCO1B7",TRUE
2.06277141246554,-3.13227852675056,0.340472378255739,-9.19980217719105,3.58609345032935e-20,2.15835717914119e-19,"GMNC",TRUE
7.4811076779767,2.79245304354259,0.271586856845657,10.2819888855282,8.49560883219975e-25,6.40025270025731e-24,"CLEC6A",TRUE
48.3044190794317,2.24829324633983,0.169755532585468,13.2443002716738,4.86797677926728e-40,6.79281855134742e-39,"OR7E91P",TRUE
0.9707648723408,2.09479682214184,0.298760176732363,7.01163336109018,2.35551813757956e-12,9.33726697446123e-12,"KRTAP5-6",TRUE
2.29979748213144,2.34673332853779,0.388959310908654,6.03336457753267,1.60580567405243e-09,5.24255468170218e-09,"OLIG2",TRUE
8.95184619493227,2.06964692066608,0.345778570259928,5.98546902172186,2.15767187737833e-09,6.98351092820763e-09,"IFITM5",TRUE
2.63847387729612,2.67676628963193,0.350484797059917,7.63732496269823,2.21781240820336e-14,9.91514227657522e-14,"OR7E161P",TRUE
1.70403079342756,-1.62899413355488,0.349079547867579,-4.66654131846426,3.0631207160635e-06,7.63348288615396e-06,"C18orf63",TRUE
21.3694747480737,1.99566615772671,0.472699791630982,4.22184691649842,2.42308659831579e-05,5.50452221608029e-05,"SERPINB4",TRUE
89.542057519694,2.15994987953696,0.152976068797284,14.1195279530893,2.87913412040863e-45,4.88073168251518e-44,"CFAP99",TRUE
5.32147248980011,-3.29731670855784,0.188352351419917,-17.5061085444414,1.28696930490632e-68,4.49761904451472e-67,"EGFEM1P",TRUE
0.948051999652278,1.85259974117317,0.40791789829668,4.54159954468527,5.58290135758353e-06,1.35705126488683e-05,"MAPK6P1",TRUE
5.24135741756304,-2.16881490392255,0.337721342157758,-6.42190656375351,1.34578022800409e-10,4.74231504250951e-10,"P2RX6P",TRUE
1.22128480041056,-1.53908131497611,0.208911302294967,-7.36715198301262,1.74311725657055e-13,7.39462755981768e-13,"RNASE13",TRUE
8.86901290909052,-4.11546719272574,0.243302550391046,-16.9150187127558,3.48705878428711e-64,1.0561505763497e-62,"HBA1",TRUE
0.580381658768398,-2.23810755958446,0.488331054835811,-4.58317679660361,4.57964513659279e-06,1.1222249707338e-05,"HBM",TRUE
3.17204042244392,1.92031795042471,0.305317937294065,6.2895680726913,3.18350487044787e-10,1.0935142873739e-09,"ELOA2",TRUE
1.65414629384262,-3.37141527534477,0.293639834215822,-11.4814643059184,1.63487946488525e-30,1.58067647187382e-29,"LINC02346",TRUE
293.509149631666,-3.19328042177826,0.163043553889625,-19.5854441687404,2.05803796717621e-85,1.19228078742718e-83,"COL6A6",TRUE
1151.70534704371,-1.75242255990771,0.121452285831652,-14.4288973065258,3.40481104966346e-47,6.13576805442484e-46,"VGLL3",TRUE
11.0171550013354,3.66659064518721,0.379702367917764,9.65648611909979,4.6141978072455e-22,3.04183255476883e-21,"RNVU1-7",TRUE
8.44244308187671,1.53665412232475,0.230417344275477,6.66900370350414,2.57545755238812e-11,9.51765972780814e-11,"SNORA22",TRUE
3.08413243844919,3.41567298632305,0.293352100984148,11.6435947615989,2.47365310821617e-31,2.47193489582334e-30,"AC007240.1",TRUE
1.1910884626915,-2.40338828935208,0.223216619900547,-10.7670669434153,4.92439486069479e-27,4.08696151621347e-26,"RNU6-1189P",TRUE
5.88317211962463,4.53529946865329,0.907053312538648,5.00003627786768,5.73195283513403e-07,1.52484642729527e-06,"RNU1-11P",TRUE
4.78828619013804,4.34495597784138,1.2632547132513,3.43949318554969,0.000582804456626116,0.00113705091528719,"RNVU1-18",TRUE
0.927914619959822,1.92177734244125,0.573395480479095,3.35157392736255,0.000803535817395941,0.00154136026128039,"RNU6-1042P",TRUE
6.2507331892081,2.07465603171675,0.328370915887414,6.3180261446421,2.6492520290291e-10,9.14953329382221e-10,"SNORA54",TRUE
1.22848139822151,-2.50908318984219,0.195298253668046,-12.8474430401562,8.89004092641584e-38,1.15223473388621e-36,"RNU6-242P",TRUE
1.28797653063834,1.64346787244878,0.303740186286382,5.41076863269988,6.27548079042326e-08,1.81097720590177e-07,"AC079926.1",TRUE
9.5085949254984,1.65619121572153,0.20458611391999,8.09532565034809,5.71113589788329e-16,2.78585697731287e-15,"SNORA14B",TRUE
3.08405132852686,2.45744969453272,0.412555939834157,5.95664601392139,2.57467082410273e-09,8.28594383478292e-09,"SNORA37",TRUE
1.08475568628603,-1.89094079238206,0.230112674341069,-8.21745606927906,2.07865344417933e-16,1.03764379656234e-15,"RNU6-1065P",TRUE
3.80023450856548,2.03225083219511,0.366730998812407,5.541530000944,2.99840191117348e-08,8.88750954510319e-08,"SNORA22C",TRUE
3.04678172354348,1.50454333653488,0.352702844033673,4.26575334445345,1.99228792777305e-05,4.56407361797689e-05,"SNORA20",TRUE
29.1573362098115,3.46180661762683,0.305948433851313,11.3150002895887,1.10601945618594e-29,1.03593315384083e-28,"RNU6-813P",TRUE
25.328252211833,2.96497322651132,0.268850645051661,11.0283284830564,2.79002309411064e-28,2.45099525222502e-27,"SNORD15B",TRUE
5.1095762908343,1.67535646388845,0.251407316549784,6.66391291582276,2.66631492580372e-11,9.84583779925466e-11,"SNORA80E",TRUE
2.59762008219937,1.68087027285297,0.370619904199211,4.53529412157391,5.75232662274635e-06,1.3964250916122e-05,"SNORA46",TRUE
2.35448068496181,-1.85955859591679,0.241344548401856,-7.70499523701895,1.30848171368998e-14,5.93589139824045e-14,"MIR23B",TRUE
2.1119644136761,2.06111745622911,0.296989288359558,6.94003971528347,3.91989726005739e-12,1.53286912878569e-11,"MIR554",TRUE
2.39986805591004,2.68944872138508,0.347237819303178,7.74526440346318,9.53831546683733e-15,4.36048824858277e-14,"MIR149",TRUE
0.500677874494471,-1.88062917854829,0.287404821100901,-6.54348514873397,6.01014557539765e-11,2.16815348574192e-10,"MIR222",TRUE
2.98271958998221,-1.67782692678418,0.174801784477184,-9.59845422518084,8.11523011321438e-22,5.2876408769072e-21,"MIR10B",TRUE
6.82534783813856,1.76687015123915,0.149428855182689,11.8241563791612,2.92829711577047e-32,3.0476321079492e-31,"AP000553.1",TRUE
4.32043279263809,-1.9457737913502,0.216087333482789,-9.00457125361852,2.16510127142964e-19,1.24977625885921e-18,"MIR27B",TRUE
2.85295788017551,-2.12866203583162,0.187071005931907,-11.3788987514529,5.32681169655533e-30,5.05619513576706e-29,"MIR221",TRUE
0.863912148806776,1.86670967327928,0.343373793039359,5.43637782241964,5.4374593309527e-08,1.57556726904276e-07,"MIR196A2",TRUE
0.934006760735876,-1.72352595820025,0.28815690363427,-5.98120654568024,2.21490801834448e-09,7.16392611448949e-09,"MIR125B1",TRUE
1.76044679185115,2.48529395140308,0.572296972988076,4.34266485532305,1.40764785399193e-05,3.2762123262668e-05,"SNORA40B",TRUE
3.43334696499573,2.49255319015725,0.444339679550537,5.60956697065304,2.02833495299723e-08,6.09036709137056e-08,"SNORA49",TRUE
8702.27143821295,-3.69939494769779,0.140129034211254,-26.399917536866,1.37315953067701e-153,3.46582253473799e-151,"GPX3",TRUE
693.221448183308,3.52228276481942,0.23713616189836,14.8534189666489,6.61092363132331e-50,1.31185040886397e-48,"DIO1",TRUE
4.75877023620797,1.59818250694919,0.229019361609825,6.97837290137931,2.98618189625276e-12,1.1763746864026e-11,"TRDV2",TRUE
1.97900004955757,-1.91819385630786,0.217455623319394,-8.8210818696119,1.13359095991587e-18,6.31708015880811e-18,"TRDJ1",TRUE
0.74702850367492,1.52469819272037,0.429330428067242,3.55133969792044,0.000383275387560121,0.000764743457403488,"TRAJ35",TRUE
3.18474109989134,2.30532337160052,0.34136693395897,6.75321228352365,1.44607116035655e-11,5.43330994001816e-11,"TRAJ32",TRUE
10850.8323721914,-1.69116562870118,0.214193636635278,-7.89549892922751,2.89156156885996e-15,1.36169991611561e-14,"IGHA2",TRUE
99.3390238189121,4.03752135681402,0.247242844842081,16.3301848407094,6.02016803684998e-60,1.60488235003363e-58,"IGHE",TRUE
8661.07742391832,3.02975548069261,0.205950119329995,14.7111130139139,5.47002639254319e-49,1.05442759759787e-47,"IGHG4",TRUE
18128.6078725106,1.9534025033245,0.205025269957084,9.52761824790375,1.60933008099902e-21,1.03410103642474e-20,"IGHG2",TRUE
162943.404799487,3.63635688323727,0.237848765200096,15.28852537947,9.11916652932185e-53,1.9837864284553e-51,"IGHG1",TRUE
14749.9570759004,3.13315387196837,0.216395483083401,14.4788321240551,1.64874745554343e-47,2.99620800763177e-46,"IGHG3",TRUE
4.30547612774513,1.73190630178166,0.336675215955864,5.14414551384352,2.68741176610625e-07,7.35175837137263e-07,"TAS2R13",TRUE
2.82795666977678,1.78962180770354,0.263268894610039,6.79769560454293,1.06305763639846e-11,4.03106374863446e-11,"SNORD67",TRUE
3.32800045561342,-1.93263090450459,0.143041660651867,-13.5109652369613,1.3474313182565e-41,1.9827867608575e-40,"AC135178.1",TRUE
105.371453481917,3.06161594083455,0.253800025712446,12.0631033517047,1.65429718625793e-33,1.81678031956469e-32,"SNORD17",TRUE
1.31573184190092,1.59512109463576,0.367355275426802,4.34217554867698,1.41078734845243e-05,3.28316520862757e-05,"RNU6-316P",TRUE
1.05006122574805,1.55780903097593,0.393160691383649,3.96227055531298,7.42403414559926e-05,0.000160074593457593,"RNA5SP297",TRUE
1.99931842922227,2.5073606129401,0.435885006006838,5.75234426141458,8.80143375233932e-09,2.71854387390021e-08,"AC103725.1",TRUE
1.31681053472365,2.44548071976646,0.488459577620981,5.00651605948041,5.54240395369187e-07,1.47605920425362e-06,"RNU6-1177P",TRUE
1.20360735522359,1.77651957232658,0.262939250373761,6.75638791014011,1.4147433497586e-11,5.31930681902442e-11,"RNA5SP323",TRUE
28.9799837436114,4.48559697182335,0.385953701453344,11.6221115510291,3.18173777232704e-31,3.1605017779893e-30,"SNORA74B",TRUE
0.449514756078258,-1.93443909216069,0.418595248110437,-4.62126386023936,3.81409302465915e-06,9.41740588926137e-06,"RNU6-932P",TRUE
25.8911161243882,2.24084700119287,0.259830639987435,8.6242600229951,6.45083984643178e-18,3.45990117773078e-17,"SNORA53",TRUE
1.14390324607397,2.10973629859662,0.667101843793783,3.16254005025474,0.00156399220673296,0.0028912452838735,"AC078860.1",TRUE
19.3355239769707,2.74676692401698,0.305475064440039,8.99178768994459,2.43241238880199e-19,1.40126693407226e-18,"SNORA12",TRUE
3.08866226221277,2.23029708292384,0.320258494428545,6.9640528564386,3.30620468728527e-12,1.29924241375974e-11,"RNA5SP299",TRUE
0.875246955256163,1.5166515777537,0.359586405972339,4.2177667246697,2.46733879324712e-05,5.60062808018018e-05,"RNU6-876P",TRUE
1.7976108061649,1.69527365897891,0.501471353999441,3.38059920164612,0.000723279609806036,0.00139503722390081,"RNU1-56P",TRUE
4.09401652381592,2.59276389496984,0.351931676715258,7.36723650217937,1.7420129005004e-13,7.39117198106767e-13,"KRTAP3-1",TRUE
3.88229007909328,1.79253813576589,0.266666098352443,6.72203233497178,1.79207169770101e-11,6.69776710017107e-11,"BTF3P12",TRUE
2.51843360460795,2.9642124861107,0.362380490504841,8.17983463177387,2.84233674283299e-16,1.40763343454586e-15,"PTTG3P",TRUE
3.26477675601862,1.50449246351448,0.176887100819985,8.50538256628209,1.80997747850745e-17,9.49193535508888e-17,"AL354983.1",TRUE
3.67315435763721,2.16493751347434,0.350291532780159,6.18038779382384,6.39443314598659e-10,2.15091368233794e-09,"EEF1A1P32",TRUE
2.26352433504855,2.33472516828693,0.385712294366795,6.0530224272984,1.42153067303795e-09,4.65926973331698e-09,"TPM3P1",TRUE
2.91645915477836,1.52538404954764,0.187868441524378,8.11942674975406,4.68390782997271e-16,2.29593937469191e-15,"AL031864.1",TRUE
1.33334424436394,2.11582878239944,0.246923356071685,8.56876731330829,1.0459864578297e-17,5.55081464649329e-17,"HMGB3P6",TRUE
283.948054894005,2.64858369325575,0.130995213939722,20.2189348266915,6.67079099888904e-91,4.44307622703782e-89,"CFAP45",TRUE
1909.62838948574,-2.33095405623716,0.193672790396029,-12.035526784484,2.31153811651889e-33,2.51870702118039e-32,"ACKR1",TRUE
1.66038919796667,2.11554952627686,0.234441589096582,9.02378086767414,1.81707258665482e-19,1.05367261641841e-18,"KRT18P68",TRUE
2.10680980805794,1.83564889177907,0.341449319558871,5.37605081231558,7.61373133814431e-08,2.18257601324594e-07,"ARF1P2",TRUE
2.75972868904222,3.69157691762747,0.365984146500409,10.0867126429569,6.32523814234607e-24,4.56669920079719e-23,"ELK2AP",TRUE
1.1345788628442,2.36161231163291,0.715656643207703,3.29992369112615,0.000967111212462773,0.00183507077859374,"SAR1AP2",TRUE
717.10126780631,2.01341332000622,0.0770076467526726,26.145628452623,1.10504875417462e-150,2.60622427487303e-148,"TRIM59",TRUE
129.051981199054,1.61788191626428,0.12862923529312,12.5778709060772,2.79460464082261e-36,3.4139580044694e-35,"ASIC3",TRUE
0.672687720068143,1.90096082673033,0.613557279153061,3.09826138702872,0.00194659655579684,0.00355048418831896,"CSH2",TRUE
1.82869619680522,3.18838396053547,0.477668366496438,6.67489033012875,2.47417115669637e-11,9.15275796031673e-11,"TCL1B",TRUE
1.15572394670486,1.78337761861268,0.599347672074172,2.97553106770385,0.00292481722761543,0.0052040694044557,"AP001102.1",TRUE
488.223471221172,1.72019315259936,0.103961065764466,16.546513254266,1.6964770472575e-61,4.73302840075202e-60,"MXD3",TRUE
4.60406417132809,1.62954389343213,0.183889161709708,8.8615548533772,7.89061077031657e-19,4.42801665384037e-18,"GAPDHP44",TRUE
4.74081766532061,-2.57017330994586,0.170302462250562,-15.0918153265713,1.83328153143063e-51,3.82428375527046e-50,"LINC00671",TRUE
11.0110794487026,1.73978205339938,0.189454069671865,9.18313370841117,4.18724924175717e-20,2.51246597072487e-19,"GAPDHP71",TRUE
52.2350475235335,7.62367939607324,0.59668657841128,12.7766899271839,2.21288527599997e-37,2.82819450731889e-36,"MAGEA12",TRUE
158.548099663799,1.90671549053148,0.159588807083138,11.9476768163206,6.67655715302258e-33,7.1098003139515e-32,"GPC2",TRUE
21.8835667169692,1.70073853781301,0.194532853146807,8.74268027380202,2.27644230929723e-18,1.25144886090012e-17,"KRT8P41",TRUE
2.76263731150258,-2.50418278753948,0.160991922823686,-15.5547107185122,1.47821625273153e-54,3.39360709935601e-53,"AC103591.2",TRUE
1.53967674696848,2.7980198033531,0.88521113003467,3.16085022930464,0.00157309361808287,0.00290707431198701,"RSU1P3",TRUE
2.3306984507684,2.09678831637772,0.331701215277446,6.32131635280231,2.59344467640565e-10,8.96038042216361e-10,"HMGN2P30",TRUE
4.43125089981645,1.76814412398583,0.17587652754527,10.0533263230974,8.88177670148839e-24,6.37090713704901e-23,"KRT8P37",TRUE
4.66662198849017,-2.16420065956609,0.128971504373705,-16.7804560400811,3.39221065866504e-63,9.91316417196424e-62,"AC011487.1",TRUE
4.97546145091806,-3.89499233274876,0.154836475742176,-25.15552174692,1.22967251535267e-139,2.37994016872741e-137,"AC104212.2",TRUE
1.01599074468723,1.64102573589569,0.367157370860656,4.46954321534918,7.83868208539702e-06,1.87506245527759e-05,"UBD",TRUE
1.81982575776029,-1.97761992909826,0.202150346980443,-9.78291632261995,1.33312829127667e-22,9.0255399296472e-22,"RPS17P1",TRUE
61.7071640370156,-2.12490952995528,0.0982403200640889,-21.6297089481086,9.43767620262452e-104,8.6298751039253e-102,"LIPE-AS1",TRUE
1.14420525017021,1.61182232076323,0.575614051250443,2.80017889984055,0.00510742922403904,0.00879670558719522,"CYP2A7P1",TRUE
68.8261649982738,2.41786805259106,0.176823946147176,13.6738722626323,1.45444695144356e-42,2.2276057638149e-41,"CLDN9",TRUE
1.49690500792279,1.54086858256967,0.246719337361272,6.24543093804344,4.22633244572279e-10,1.44002927573534e-09,"KRT18P29",TRUE
0.866427459777017,1.5187814239161,0.397127803731762,3.82441473410899,0.000131083100246032,0.000275185884849396,"ATP5PBP3",TRUE
2.81221035922871,1.55513819461036,0.188963766386992,8.2298221735562,1.87491569279932e-16,9.37240691466512e-16,"KRT18P38",TRUE
2.73252171666211,2.50272108742044,0.375708753517615,6.6613329180873,2.71355172151498e-11,1.00125581175162e-10,"LINC02418",TRUE
1.22681328443035,-2.07829808820788,0.299722026350436,-6.93408527065649,4.08857993693424e-12,1.5962289468845e-11,"LINC02347",TRUE
36.6632016269287,1.52066509477145,0.213961440672889,7.10719225851677,1.18427412763491e-12,4.79127028015775e-12,"UCA1",TRUE
85.4632628165011,1.86322947875424,0.191328542613976,9.73837699957549,2.0683121988189e-22,1.38443477824169e-21,"GNAQP1",TRUE
5.19967714084237,3.01331560852565,0.457033460656889,6.59320567950242,4.30429601028066e-11,1.56850232863655e-10,"CYP4F30P",TRUE
7.78273225621975,2.15121529689112,0.51799547569783,4.15296155626274,3.28199892309889e-05,7.34857198178814e-05,"MAGEB1",TRUE
22.693370129083,1.9620229221944,0.168151254871519,11.6682026767718,1.85296577409335e-31,1.86159224417759e-30,"PRDX1P1",TRUE
42.275261847538,-1.87506132487641,0.0984906317707406,-19.0379662630354,8.26761425023409e-81,4.18323834748069e-79,"PRCD",TRUE
28.4233357439137,1.57497372189198,0.16262494762893,9.68469933337465,3.50237529942362e-22,2.31915492364412e-21,"LINC00887",TRUE
4.9520011945657,2.13043275867986,0.343759280374985,6.19745525518877,5.73833441812857e-10,1.93746783608252e-09,"ST7-OT4",TRUE
14.1203020191685,1.98557315463425,0.15014064774367,13.2247541520145,6.31433571868658e-40,8.79118482640364e-39,"KRT18P10",TRUE
1.26376984947965,2.4079606204311,0.359672124327547,6.69487696588411,2.15853162208552e-11,8.01671326126936e-11,"MINDY4B",TRUE
3.48380255384134,1.58774731663784,0.179763054882327,8.83244511881033,1.02411975098228e-18,5.72180991129748e-18,"KRT8P14",TRUE
1.37044048840731,1.95892363241167,0.635504233905227,3.08247141073148,0.00205289448838272,0.003733007209547,"RAD51AP1P1",TRUE
2.70465185016973,-1.52456122100142,0.113223571922422,-13.4650514474673,2.51143233858879e-41,3.66317741579899e-40,"RPL39P5",TRUE
4.6143914388369,-1.60368726688357,0.1429089514802,-11.2217411874704,3.18928372812633e-29,2.91753890856151e-28,"SOGA3",TRUE
5.98968432410458,1.81257547352031,0.222179909815624,8.15814298882592,3.40214619037472e-16,1.67851657037692e-15,"RPL18P10",TRUE
1.0442695518654,2.16906867706259,0.554351425707412,3.91280436285452,9.12304428459954e-05,0.000194752493482697,"LINC00488",TRUE
8.00893033857503,2.42149155084794,0.614314071039077,3.94178102863919,8.08787984349591e-05,0.000173676747124376,"GNAT3",TRUE
4.63373757202505,1.8933689526856,0.20348964358358,9.30449785719896,1.34626960467124e-20,8.28178394207677e-20,"KRT18P13",TRUE
4.93420954309602,3.40307076752792,0.42870326542365,7.93805655798996,2.0537369344628e-15,9.73951061327488e-15,"CYCSP6",TRUE
13685.2738034605,2.15658753966744,0.128266899149286,16.8132819454649,1.95066182960995e-63,5.76253008665061e-62,"STARD10",TRUE
1124.51495866774,-1.74418174841301,0.133612002867197,-13.0540798055893,6.02334189807599e-39,8.12144443364448e-38,"MEG3",TRUE
1.13867408003303,1.86664674814407,0.392471277861873,4.756135935127,1.97333618538598e-06,5.00347725069079e-06,"POLR3DP1",TRUE
1.68454155914259,1.91265116531375,0.489887836835105,3.90426342827846,9.45127912726183e-05,0.000201430648922335,"RPL6P12",TRUE
2.90003724277466,1.89647526086223,0.320926866139602,5.90936895896172,3.43420738536722e-09,1.09449804191487e-08,"RPL9P16",TRUE
31.1460841069468,2.64724249681351,0.181544115438705,14.5818138495781,3.66644103855527e-48,6.87119388727943e-47,"CDIPTOSP",TRUE
238.205694346291,2.52040823825433,0.13293294187692,18.959997444335,3.65161845419688e-80,1.80945869670651e-78,"TUBA5P",TRUE
6.54857645835237,1.75266993153239,0.276368995291152,6.3417748061282,2.27133161572799e-10,7.87901242041633e-10,"AP002358.1",TRUE
14.9423778270112,1.52625222774661,0.202907994915099,7.521893005671,5.39887597741169e-14,2.3548811236492e-13,"FER1L6",TRUE
2.77809333621658,-2.20430928781803,0.226581434735711,-9.72855207836941,2.27812461244303e-22,1.52157007541073e-21,"DCDC2C",TRUE
1.51443578509391,2.37638520869217,0.378036069211874,6.2861335259528,3.25470037258573e-10,1.11725815700947e-09,"AL772337.1",TRUE
42.8156775482598,1.90504591414134,0.158746377337974,12.0005630748062,3.52887421183958e-33,3.81430883443885e-32,"LINC00243",TRUE
4.03058837419614,3.02906557991088,0.592919537392603,5.1087295811357,3.2433214815371e-07,8.8149719863439e-07,"PNMA6E",TRUE
3.05072762779244,2.09045793222717,0.284893777142217,7.33767495098228,2.17336209341744e-13,9.17651222382086e-13,"AC104472.1",TRUE
3.93204861038768,-2.87898945464331,0.223879655919831,-12.8595402865647,7.6027475083124e-38,9.87762138647691e-37,"AC113167.1",TRUE
0.837222779153715,1.71291174801056,0.517807951731023,3.30800587801777,0.0009396283739075,0.00178645701149058,"NPIPA7",TRUE
7.75536461501652,3.49934268245184,0.260532485021733,13.4315023409074,3.95309470415615e-41,5.74269833158463e-40,"AC131097.1",TRUE
14.1354957530321,1.94040193844603,0.14472439458403,13.4075664577708,5.46012415326376e-41,7.89477247754988e-40,"KRT18P11",TRUE
1.75123262516922,1.71763983687087,0.375391913795639,4.57559093243,4.74877643686844e-06,1.16202058632068e-05,"AMD1P4",TRUE
8.6349664745456,3.13378537814825,0.512397476285645,6.1159266451993,9.59974792120928e-10,3.18638099115121e-09,"PRSS41",TRUE
8.30238644532202,1.67055503057553,0.21763410601819,7.67597993319993,1.64158825788727e-14,7.40034982352355e-14,"OR7E122P",TRUE
2.44180177179027,2.34707030259268,0.304243876673204,7.7144372739956,1.2151717969259e-14,5.52304283438521e-14,"TCEA1P3",TRUE
61.1242216568797,4.35167546435492,0.339282464581563,12.8261136917932,1.17091872799081e-37,1.51307941018213e-36,"MUC5AC",TRUE
2.12725877201184,1.55809869696546,0.432239745486879,3.60470945403322,0.000312502335232869,0.00062940878196139,"RPS12P16",TRUE
196.144649214529,1.65883747330001,0.148500145150525,11.1706117971706,5.6788378576516e-29,5.14157000076029e-28,"C5orf49",TRUE
17.0923969926743,-1.52932030248205,0.125153468397359,-12.2195598896748,2.44404238189743e-34,2.7744573698762e-33,"AL592293.1",TRUE
2.55788272807842,1.54047090519564,0.196562694369507,7.83704614009717,4.6126859138221e-15,2.14575904333436e-14,"KRT18P23",TRUE
442.663364631088,-1.61204670991776,0.142856761511226,-11.2843570921288,1.5678366532393e-29,1.4549857398263e-28,"MIR99AHG",TRUE
1.33545137086107,2.5161214654066,0.599369337079884,4.19794825952407,2.69344147586934e-05,6.08983886523761e-05,"SCRT2",TRUE
56.1603476729002,-3.49402569002509,0.130875015025413,-26.6974234107758,5.04246311841254e-157,1.37742220373851e-154,"LINC00598",TRUE
1.19121686358589,-1.54180620509787,0.293430778355191,-5.25441200728968,1.48498120358434e-07,4.15290538111191e-07,"GAB4",TRUE
5.60131864509806,1.9389950306529,0.254091170312139,7.63109960991929,2.32759741179833e-14,1.03908879078626e-13,"GCGR",TRUE
39.0603960833064,2.95457567683286,0.146507903396977,20.1666641070357,1.92172179029389e-90,1.26821884509303e-88,"FAM72D",TRUE
1.76904807866851,1.88995005658011,0.235458070036858,8.02669475836722,1.00133813925191e-15,4.83311944644514e-15,"KRT18P65",TRUE
6.49608590140625,3.01655591235121,0.323573769701665,9.32262190205492,1.135002246906e-20,7.00510467273888e-20,"FMO9P",TRUE
1.12379188496138,1.89401447873241,0.592537188214394,3.19644828443596,0.00139130765035878,0.00258730829374317,"ZNF859P",TRUE
1.9785586231336,1.98882483291957,0.473047078936556,4.2042852000917,2.61908526739291e-05,5.92979699631107e-05,"RPL23AP17",TRUE
21.1284165253124,2.57155383703722,0.262542080912707,9.79482537845898,1.18501998446816e-22,8.05440354797572e-22,"C1orf167",TRUE
5.98413932353711,3.63827097138248,0.265234865793607,13.7171670869757,8.01357758501583e-43,1.23966311315155e-41,"H1-12P",TRUE
9.92739282824806,2.14792634254558,0.26235465343115,8.18710975564711,2.67574138241318e-16,1.32756636469655e-15,"IGSF23",TRUE
1.3072284365596,1.62054815476006,0.368022094934597,4.40339908137323,1.06567868497912e-05,2.517635997794e-05,"AL023284.2",TRUE
2.01145181630683,1.51318591903079,0.390297317696689,3.87700824581822,0.000105748775619526,0.000224258901127099,"RPL7P25",TRUE
1.71416204232228,1.87192481450247,0.372101667474828,5.03068106952007,4.88740565522866e-07,1.30823882460723e-06,"AL590617.1",TRUE
1.7163602301768,2.38370781159071,0.443677754105943,5.3726106155449,7.76047928977789e-08,2.22242907668246e-07,"AL358178.1",TRUE
3.01960198873154,2.27345004687349,0.218486389204922,10.4054538827184,2.34137624502363e-25,1.80776026359964e-24,"RPL22P12",TRUE
0.528846323834494,-2.94240102298914,0.307987902259782,-9.55362532554049,1.25235429657392e-21,8.08550657294395e-21,"CYP2AC1P",TRUE
1.12236047518249,2.06197678284868,0.58654447725176,3.51546534460612,0.000438984048817667,0.000868430652563162,"AL512430.2",TRUE
4.43990576971692,2.88186554501409,0.240124011486699,12.001571717761,3.48612634600056e-33,3.76906846426312e-32,"LARP1P1",TRUE
1.16517512254533,1.81175208617771,0.395252894643071,4.583779425104,4.56645948346774e-06,1.11918450486353e-05,"AL079341.1",TRUE
82.0484388201987,3.3976723595297,0.197023892205153,17.2449763401884,1.22062697002468e-66,4.00017160412036e-65,"AL031777.1",TRUE
0.790801586174766,1.80357772042416,0.31632092238661,5.70173388094708,1.18594874449621e-08,3.62735084773981e-08,"OR2W2P",TRUE
1.33074536358708,1.58653671666769,0.568545443831861,2.7905187419581,0.00526236534319112,0.00904947359200448,"SSXP10",TRUE
53.2362313723321,1.91665521996355,0.148547497088417,12.9026423031735,4.34924255962145e-38,5.70383800891102e-37,"SYCE3",TRUE
0.987857931982022,2.31875592549527,0.393340435653578,5.89503573829731,3.74600296718636e-09,1.19046821341406e-08,"HMGB1P17",TRUE
2.79714169364454,2.20217662737356,0.459183594806809,4.79585214341135,1.61984732576409e-06,4.14198771135602e-06,"AL356057.1",TRUE
9.43208341691899,-1.97008202176368,0.154897398359555,-12.7186256362462,4.65984146147958e-37,5.8892754751818e-36,"PTGES3P2",TRUE
3.25035480917925,2.89262536530759,0.285570598625063,10.1292828436636,4.09642779272708e-24,2.9895472359503e-23,"H2BC16P",TRUE
24.2664729386981,1.55564807530086,0.160484995606584,9.69341756480712,3.21583923650977e-22,2.1332610416431e-21,"AC073263.1",TRUE
1.51292457717352,1.57339710127267,0.224528123682155,7.0075724834364,2.42488403770959e-12,9.60693914701173e-12,"SNRPEP6",TRUE
2.44425611127899,2.17688489971063,0.546540284942879,3.98302734433958,6.80429231359824e-05,0.000147278463518004,"AC099552.1",TRUE
5.05197527785846,1.61231442606031,0.204465847019998,7.88549505728756,3.13290990959157e-15,1.47102253805453e-14,"H4C10P",TRUE
1.96375870560902,1.50713680707699,0.287075833850845,5.24996056568124,1.52131774388708e-07,4.24819318233479e-07,"HSPE1P8",TRUE
30.4853913346246,1.72588172210213,0.147714482170571,11.6839032757072,1.54055202165083e-31,1.55242178973733e-30,"KRT19P1",TRUE
1.75064238596682,2.62574176917586,0.400574828628334,6.55493451290247,5.56662997960215e-11,2.01404769821132e-10,"AL121949.1",TRUE
2.87902725764891,1.50929762491591,0.211523706087787,7.13535921259587,9.65347218895225e-13,3.92541793551139e-12,"KRT8P43",TRUE
9.94800727639941,3.32399862391016,0.276110224948024,12.038665444338,2.2252639459607e-33,2.42653845143163e-32,"H2AC9P",TRUE
3.03230700947615,2.39069060088537,0.487592825632537,4.90304712294324,9.43613362904067e-07,2.462890223932e-06,"AL139274.1",TRUE
59.7521922643826,3.76765010451586,0.285101852206867,13.2151021656011,7.17887804192143e-40,9.98840671467857e-39,"LINC01644",TRUE
12.1911578833688,2.45030828988183,0.198216815408104,12.3617579307636,4.20851340370962e-35,4.91847924462787e-34,"RAET1K",TRUE
451.513197457895,3.13558095492143,0.19734269818739,15.8890143072027,7.55055176140013e-57,1.85687643317396e-55,"AC110619.1",TRUE
1.90568114330925,2.92126032106226,0.690331061165331,4.23168025516765,2.31951994764141e-05,5.28176010025342e-05,"AL589655.1",TRUE
35.0984159410933,2.76955368815486,0.377393917128802,7.33862832031187,2.15793956634304e-13,9.11317726843109e-13,"OR4K12P",TRUE
3.71862048562666,1.54850157749942,0.328036691197939,4.72051334210371,2.35250176236897e-06,5.92138426919256e-06,"AL162578.1",TRUE
1.42447379402407,2.5748902530542,0.541127341458726,4.75838135643456,1.95151542109984e-06,4.95164053936915e-06,"AC008060.1",TRUE
4.81664735970866,2.09500149571231,0.247348641020002,8.46983224598715,2.45746693939073e-17,1.28019641646474e-16,"H2AC10P",TRUE
3.40302463456495,2.28552955582068,0.441603274769127,5.17552673724073,2.27268879795076e-07,6.25928457147308e-07,"AL121952.1",TRUE
0.637304742345116,-1.70885032127597,0.372270188234986,-4.59034963121275,4.42504149496925e-06,1.08649898124288e-05,"FAM8A6P",TRUE
3.3892875292126,2.07590361944792,0.211169179998375,9.83052365626412,8.31850945002087e-23,5.69612673112646e-22,"RPS3AP2",TRUE
1.99046352365921,2.84097463288565,0.464109994688475,6.12133904763805,9.27922199517488e-10,3.08378548788595e-09,"AC011298.1",TRUE
1.39672806999377,-1.67433882678478,0.272320829070103,-6.14840529276505,7.82658368902394e-10,2.61431276231153e-09,"TPT1P8",TRUE
2.37005283569081,1.66373683574872,0.315787313000431,5.26853602806535,1.3751605508127e-07,3.85953500930395e-07,"HIGD1AP16",TRUE
2.87930848728088,2.7899762742328,0.425259724035072,6.56064074857628,5.35770569586982e-11,1.94073502168478e-10,"AL357054.1",TRUE
178.327982121755,1.81237181577634,0.112071664396609,16.17154367729,8.00667534846427e-59,2.07673141850792e-57,"H2BC19P",TRUE
0.981906079464745,-1.89461821116638,0.202639002237922,-9.34972137763427,8.78789149866323e-21,5.4628459899511e-20,"TUBBP9",TRUE
1.66904217177716,1.69505895701874,0.280697989008576,6.03872853883165,1.55333309720021e-09,5.07892852084555e-09,"AL023284.3",TRUE
2.70833073185201,1.88139665642203,0.295896145600044,6.35830065513958,2.03997896535303e-10,7.09643686182291e-10,"Z86062.1",TRUE
0.812961284514995,1.68625300338826,0.435956255021801,3.86794084031192,0.000109758283457912,0.000232464791149449,"Z85994.1",TRUE
3.40640887144584,1.98876661672799,0.22144877210423,8.98070735651644,2.69031521164249e-19,1.54591937870443e-18,"BOLA2P3",TRUE
3.19798949490631,-1.51126350279414,0.202903271902966,-7.44819681132038,9.4624591341959e-14,4.07218801706945e-13,"MESTP1",TRUE
3.79472091999135,3.16568774251469,0.396163972264375,7.99085218279795,1.34009159350578e-15,6.4314859530423e-15,"LL22NC03-63E9.3",TRUE
1.0797567196298,2.10849551164224,0.543389225226534,3.88026742849609,0.000104341675606916,0.00022143810390886,"SNORA11B",TRUE
2.95499736350618,-2.09842472955954,0.150531001751471,-13.9401499036329,3.61180825321538e-44,5.86477216737306e-43,"RNU6ATAC18P",TRUE
1.56744734383898,2.63756401788053,0.572948465918822,4.60349259099723,4.1546398352312e-06,1.02284099759614e-05,"RNU4ATAC16P",TRUE
1.24242439194635,-2.64749813992538,0.191586514355617,-13.8188126070877,1.9628077128787e-43,3.09743257359579e-42,"RNU6ATAC35P",TRUE
4.49445822064206,2.29324275959247,0.374900356252286,6.11693939828975,9.53896206503221e-10,3.16717903474721e-09,"RNU6ATAC",TRUE
25.5082085489705,1.59570546625701,0.162193525340393,9.83828092341002,7.70155101066081e-23,5.28204261274623e-22,"SNORA11",TRUE
1.39107937273275,-1.55323032186485,0.223871644704102,-6.9380395356357,3.97578467175865e-12,1.55430132638681e-11,"SNORD93",TRUE
1.51292657084441,2.84278420696079,0.441513896738134,6.438719659705,1.20485499110504e-10,4.26067524916783e-10,"MIR1205",TRUE
307.919124258078,-2.268658019794,0.111651778107918,-20.3190496223107,8.72490834008565e-92,6.01544798655106e-90,"EBF2",TRUE
0.969386746218572,1.92648832730959,0.531534220009669,3.62439191078713,0.000289642120213626,0.000585799152222124,"DPP3P2",TRUE
1078.79249486233,-3.35151813422546,0.137261161043495,-24.4170900839417,1.12609750016765e-131,1.91347905933998e-129,"PLXNA4",TRUE
179.914404364258,7.3316906563396,0.678422720357062,10.8069650917364,3.19051297317098e-27,2.673316636033e-26,"MAGEA3",TRUE
1331.75716562067,1.54403547160852,0.0779895693351807,19.7979740723099,3.09908910208431e-87,1.88921872381298e-85,"SLC12A8",TRUE
1283.55732157991,-1.55703415090214,0.0867627993316484,-17.9458726884828,5.16921370499857e-72,2.01720853081138e-70,"FADS3",TRUE
2.25186057535015,2.16092010547558,0.45765102509468,4.72176393580355,2.33807963042912e-06,5.88611274202757e-06,"AC064874.1",TRUE
10.8000392350615,3.68750221475328,0.215289217941402,17.1281323329297,9.15466732586803e-66,2.91598112018055e-64,"AC112721.1",TRUE
18.821791961662,3.52282025141404,0.196425797766346,17.9346108885582,6.33052961823731e-72,2.46371197766567e-70,"AC112721.2",TRUE
9.34373331793285,1.90887704155025,0.251756748243038,7.58222790400632,3.39670921805015e-14,1.50049995459564e-13,"POTEJ",TRUE
1.62890303221927,2.89494795402502,0.893930792216055,3.238447516556,0.00120182130764161,0.00225416573107696,"RNU2-59P",TRUE
2.69909859478628,3.53090039348411,0.81346287427782,4.34057964430004,1.42107348345052e-05,3.30603339509081e-05,"RN7SKP8",TRUE
0.658639039258948,-2.35455425838443,0.268852765733518,-8.75778328692451,1.99127542335755e-18,1.09817847268224e-17,"RN7SKP161",TRUE
5.32857276972245,2.81228080916678,0.461336330730482,6.09594480606763,1.08792949069495e-09,3.59643357984024e-09,"KLF2P3",TRUE
9.43925654107711,-1.64570878501118,0.159237033701625,-10.3349625822274,4.89603138030616e-25,3.72029426714813e-24,"MEG9",TRUE
2.49387098736568,2.41625691880961,0.546118815026336,4.42441617524767,9.67034421848399e-06,2.29489226628784e-05,"RPL17P17",TRUE
0.344114270951605,-1.99888599182897,0.450961902375194,-4.43249414485112,9.31492328732623e-06,2.21334556860273e-05,"AC011625.1",TRUE
2.42705697751673,1.83777301472758,0.395299861092279,4.64906061350365,3.33450218434633e-06,8.27728269836013e-06,"AL590632.1",TRUE
1.39666251936045,-2.92571096583967,0.198016494617704,-14.7750871536643,2.12082691900119e-49,4.14560189420703e-48,"LMO7DN-IT1",TRUE
3.3177622269575,1.5105814161092,0.194365131962317,7.7718745170922,7.73330404819023e-15,3.5530062031072e-14,"GAPDHP69",TRUE
58.6300167717645,1.98974476960001,0.14072763476713,14.1389768462503,2.18437169689539e-45,3.72196930272424e-44,"LINC01615",TRUE
18.4676307367261,3.13079496230638,0.228827266911631,13.6819138932225,1.3021950718494e-42,1.9979644259161e-41,"AC092198.1",TRUE
20.5111051003525,1.70658087958638,0.149760291024097,11.3954164212447,4.40717799173641e-30,4.19527574158235e-29,"AL683807.1",TRUE
7.23666244221767,2.35075060648336,0.353669540113899,6.64674318779701,2.99649179834593e-11,1.10301565899028e-10,"AC092598.1",TRUE
2.28520281217901,1.71441713826159,0.33839341224337,5.06634312676453,4.05530651687585e-07,1.09228051215902e-06,"RABGAP1L-IT1",TRUE
8.01599859225836,1.80951424914133,0.283140118012191,6.39087905255243,1.64934804537468e-10,5.77245066804828e-10,"SMPD4P1",TRUE
0.509462891660536,-1.57160879665396,0.436144285350687,-3.603414854766,0.000314063658887884,0.000632228895410498,"AP001599.1",TRUE
256.586017455161,1.69352635461369,0.167635757649931,10.102417159412,5.38970590380164e-24,3.91088948903966e-23,"CKMT1A",TRUE
1055.41796833325,2.59225659658521,0.176386106005593,14.6964897365726,6.7888851381736e-49,1.30110249806204e-47,"TINCR",TRUE
2.07662888481733,2.61324117994848,0.468984570991121,5.57212612437512,2.51649125844177e-08,7.50029436602077e-08,"TVP23CP1",TRUE
10.8071651747656,1.91160592603688,0.184486984779259,10.3617386794203,3.70171137802074e-25,2.83423564086172e-24,"AL513523.1",TRUE
0.597557984795788,-3.90245539474189,0.386657583150896,-10.0927941537847,5.94526614777081e-24,4.30027965372529e-23,"LINC01044",TRUE
0.877466129080826,2.19966600278926,0.322238460328288,6.82620566318589,8.71899111560084e-12,3.32695302404148e-11,"LINC01120",TRUE
7.45784975932262,-2.97295147469746,0.122241906198751,-24.3202316385986,1.19775032992267e-130,1.98826554767163e-128,"HMGB3P10",TRUE
1.24750478682772,1.53753071992669,0.238851504223008,6.43718248678537,1.21711572159108e-10,4.30332715195143e-10,"KRT8P51",TRUE
1.1294780469526,1.57741742411485,0.274727262464455,5.7417578800318,9.36987299605386e-09,2.8869483046094e-08,"SAMSN1-AS1",TRUE
1.74864271294868,2.98765147183363,0.49222616387118,6.06967221802441,1.28171579776001e-09,4.21509096550761e-09,"AL357033.2",TRUE
0.483309404332962,-2.1113780917011,0.424587185796883,-4.97277864789625,6.60000058569612e-07,1.74640442203816e-06,"AL162386.1",TRUE
66.6646288507069,2.70112994316863,0.246826291084977,10.9434450086141,7.14329175412824e-28,6.15869900335946e-27,"LINC01208",TRUE
6.53529698481865,4.04663678436361,0.497697645303927,8.1307131398873,4.26772195493114e-16,2.09622032064217e-15,"LINC02247",TRUE
1.59832883494704,-2.01599314353472,0.210767330732783,-9.5650171994191,1.12182821745434e-21,7.2558228480937e-21,"SIRPB3P",TRUE
77.9480792081716,-1.84452062013185,0.107878991315735,-17.0980521567299,1.53447683954991e-65,4.84122956103612e-64,"TSSC2",TRUE
3.98551114039054,2.2605526893416,0.378671399831877,5.96969480754353,2.37697795322792e-09,7.67088144618792e-09,"MED15P9",TRUE
307.190557495344,2.24658452028347,0.186114583150423,12.0709752145952,1.50341998337794e-33,1.65403024426693e-32,"LINC02593",TRUE
23.5774230135781,2.32543381943672,0.134438110962635,17.2974300426093,4.9184534572982e-67,1.62667012426812e-65,"LGALS8-AS1",TRUE
9.27104691706471,2.36623422411675,0.310362425706349,7.62410017492124,2.45742483339016e-14,1.09523395094093e-13,"LINC01983",TRUE
1.8108267241337,1.69059468506209,0.338774217320296,4.99032865734202,6.0276647148232e-07,1.60055376579162e-06,"AL354890.1",TRUE
497.699982997679,6.70523966584365,0.308067534725698,21.7654861678754,4.92844727699926e-105,4.65452482440456e-103,"AC044784.1",TRUE
80.815326542351,1.87925478343351,0.149108821395662,12.6032434958821,2.02636804628802e-36,2.4931027616246e-35,"AC007255.1",TRUE
0.514730334464969,1.52374705373752,0.335606865844133,4.54027378106502,5.61812284606918e-06,1.36538195864827e-05,"MYCNUT",TRUE
1.78662219630587,1.52431412698047,0.292625932480685,5.20908763641814,1.89771469480752e-07,5.25708384004446e-07,"ABCC5-AS1",TRUE
1.27907688412409,2.15112470750141,0.774251250924094,2.77832900487274,0.00546392632139352,0.00937330816134761,"CCNJP2",TRUE
17.9182991253053,1.76974166999096,0.162737686708153,10.8748115190106,1.51969552994234e-27,1.29216034421418e-26,"KRT8P8",TRUE
0.749450062802308,1.74567560950286,0.564805841662517,3.09075346027659,0.00199649327902489,0.00363596142971072,"LINC01014",TRUE
1.49543934716254,1.86439927234206,0.402676754573665,4.63001464863796,3.65639864940842e-06,9.04356250478324e-06,"PAFAH1B1P2",TRUE
3.5206233566832,1.71773677205737,0.29990977132171,5.72751185960782,1.01914315043417e-08,3.13180622091413e-08,"BNIP3P42",TRUE
3.2565169678518,3.10997523251525,0.258870099578687,12.0136517797025,3.01242667169253e-33,3.26346222766691e-32,"SMCR2",TRUE
3.70470784551301,1.84372172600253,0.288644722478625,6.38751233755562,1.68606009614635e-10,5.89663347781187e-10,"HNRNPRP1",TRUE
1.95610108408918,2.59894266473816,0.548661172398737,4.7368809667643,2.17032553226954e-06,5.47721026621175e-06,"USP12P2",TRUE
3.2928200424622,2.15700910843897,0.41627418112584,5.18170284451753,2.19869302730954e-07,6.06322861533959e-07,"POTEF-AS1",TRUE
10.2989328276146,1.71363353910737,0.226797490492648,7.55578703884699,4.16334571556522e-14,1.83058273312749e-13,"AC097468.1",TRUE
2.91566080199576,1.59881752502708,0.279940029514085,5.71128583433486,1.12125738253294e-08,3.43386565175062e-08,"ATG12P2",TRUE
5.5366776016311,2.19815267340684,0.18139435608066,12.1180874692121,8.4712928894595e-34,9.41351702134583e-33,"UBE2SP2",TRUE
28.5496211489134,1.57603311590485,0.160952563035892,9.79191064856421,1.2196895740153e-22,8.27961654836435e-22,"LINC01857",TRUE
7.39689622825657,4.76670523244982,0.67666438188168,7.04441575481553,1.86241286649671e-12,7.43518077125134e-12,"MIR548XHG",TRUE
0.339035099006017,-1.95093187049052,0.38051678363305,-5.12705865918361,2.94303841929712e-07,8.02440879634555e-07,"LINC02667",TRUE
2.61588491189783,-2.49596126458494,0.320384399754775,-7.79052059493336,6.67336612247322e-15,3.07716326758487e-14,"PHEX-AS1",TRUE
19.5712528790606,3.94482209907457,0.215578738230642,18.29875307487,8.46644893301946e-75,3.6072254289153e-73,"LINC00466",TRUE
34.1041512287198,5.40050101481677,0.519373412588705,10.3981083434732,2.52903872352748e-25,1.95055953015451e-24,"VSTM2A-OT1",TRUE
1.19537669768385,-1.72179905676461,0.253747261963085,-6.78548821943586,1.15694591987435e-11,4.37938834430598e-11,"OR2L1P",TRUE
1.65798705982522,2.07351325145745,0.430560588685882,4.8158454488044,1.4657794348174e-06,3.76296933182959e-06,"LINC01832",TRUE
4.75526813309174,-2.02639487351468,0.257939766389944,-7.85607780403761,3.96348926485471e-15,1.84974261106325e-14,"AC090044.1",TRUE
3.02703446433043,1.94543207559288,0.647463829918408,3.00469614779569,0.00265846282954472,0.0047572144667337,"SOX1-OT",TRUE
2.5299205912966,2.51078183877802,0.35885057627852,6.99673347279032,2.61999012056644e-12,1.03523549943832e-11,"AL358232.1",TRUE
5.334866654564,-1.68836336210438,0.225343277754587,-7.49240615885207,6.76222765369961e-14,2.93501353111097e-13,"AL391427.1",TRUE
8.0547741371202,3.4014312630698,0.343772530036772,9.89442426567928,4.40135590047461e-23,3.05848527877128e-22,"AL023754.1",TRUE
1.37790763231312,2.76660571070073,0.337095256597673,8.20719264526081,2.2642012517433e-16,1.12713870848028e-15,"AP000697.1",TRUE
193.166284882633,3.01547979185568,0.220590002685939,13.670065529438,1.53257111923569e-42,2.34642672955702e-41,"AL117329.1",TRUE
82.3517533683032,4.13155732927458,0.223162785958157,18.5136482838552,1.60269176079641e-76,7.19045492681631e-75,"AC131097.2",TRUE
3.17782045039259,3.20398695799866,0.460158950624657,6.96278308538671,3.33615304967446e-12,1.31077255916204e-11,"PINCR",TRUE
1.56206210381189,-1.74881322352733,0.245685002296121,-7.11811143205034,1.09415898169427e-12,4.43541858269228e-12,"MTATP6P16",TRUE
5.57438088252366,-3.08433628376872,0.205837852690759,-14.9843007175287,9.29992309366282e-51,1.89600699443782e-49,"CHL1-AS2",TRUE
2.00389287009888,-1.8144074881139,0.319078305035347,-5.68640192542362,1.29743839212154e-08,3.95825553148835e-08,"AC011239.1",TRUE
15.1046248665483,2.10820384476327,0.134923989968845,15.6251223021945,4.90978642115599e-55,1.14358543948782e-53,"OACYLP",TRUE
1.03723230346329,-2.22564813762642,0.29917505767009,-7.43928372558622,1.01232688702085e-13,4.34962951157988e-13,"AL391361.2",TRUE
4.14917262036572,2.00432148428501,0.261737165467255,7.65776415705762,1.89197914017345e-14,8.49363633137988e-14,"AL023693.1",TRUE
0.582978854510629,-3.49037668207585,0.389020833677465,-8.97221017466048,2.90623206155445e-19,1.66688339902578e-18,"AL606970.1",TRUE
11.8073330676953,-1.68412823756505,0.135172051563977,-12.4591453490513,1.24699807524383e-35,1.48716321988184e-34,"LAMC1-AS1",TRUE
83.1770120623248,1.68068090706681,0.135249058887397,12.4265626755013,1.87525823791722e-35,2.22352048210184e-34,"KRT8P45",TRUE
11.8847382998441,-4.6039499994557,0.255734063128683,-18.0028813648459,1.84942136968834e-72,7.3500024231813e-71,"AL591686.1",TRUE
8.62505130142054,2.01675417383307,0.205117541798151,9.83218771126699,8.18216874610429e-23,5.60632486238865e-22,"LINC02771",TRUE
562.38615319569,2.04483108283463,0.256744705575974,7.96445277516948,1.65956544237e-15,7.91369401090367e-15,"LINC01087",TRUE
1.92780529123136,2.78476075240346,0.633990268199362,4.39243454053742,1.12088384099241e-05,2.64054072251692e-05,"LPP-AS1",TRUE
1.16968014973575,-3.76502938717026,0.311226194991104,-12.0974051919951,1.09002371417705e-33,1.20536570596673e-32,"LINC01886",TRUE
128.887156808377,1.61906279504381,0.154974780231436,10.4472662753638,1.50809636500423e-25,1.17553619493557e-24,"LINC01117",TRUE
1.12601560836317,1.56850156810662,0.506990095916522,3.09375189128917,0.00197642695507996,0.00360200098730053,"AC092427.1",TRUE
18.3269834276416,-1.80321895046795,0.102831877370416,-17.5356027389492,7.66327212632417e-69,2.70217994258293e-67,"HSD52",TRUE
4.94642976248258,-2.48789766391696,0.167672668575704,-14.8378247036348,8.34173320804611e-50,1.64924051882396e-48,"AC095032.1",TRUE
1.17776006207353,1.70796849232172,0.312556819178493,5.46450561152641,4.64198697663371e-08,1.35269838573702e-07,"AC016769.2",TRUE
6.78568191195725,2.16500552162408,0.340078333635358,6.36619657148008,1.9377306696676e-10,6.75108618847703e-10,"AC009227.1",TRUE
1.42344819036107,1.9169918999484,0.326786261234764,5.86619490276314,4.45909611117626e-09,1.40827299984171e-08,"GAPDHP46",TRUE
10.8400884155285,4.78126292791852,0.396424920590426,12.0609544949833,1.69803484931118e-33,1.86291774520261e-32,"MED15P4",TRUE
1.93803719369203,2.33341901624433,0.343306828862982,6.79689076961421,1.06901084583172e-11,4.05328192094324e-11,"AL390038.1",TRUE
2.11498469040486,2.53750049479199,0.501552332967255,5.05929357317466,4.20812560246858e-07,1.13160561372301e-06,"E2F3-IT1",TRUE
14.6685643015473,4.11900439396309,0.327967646933994,12.5591790302172,3.53986606179305e-36,4.30367941484473e-35,"Z82186.1",TRUE
4.60354880283658,1.53870447105038,0.322027156110425,4.77818234224555,1.76886937569589e-06,4.50595539485537e-06,"LEMD1-DT",TRUE
1.87438080231075,1.92126452964687,0.457559834416955,4.1989361502743,2.68171917423025e-05,6.06460568822518e-05,"AL034349.1",TRUE
8.06564997217699,-1.93653042915255,0.185266242950916,-10.452689050674,1.42428574743937e-25,1.11060836241162e-24,"TEX26-AS1",TRUE
38.2087539693775,1.75983421915489,0.15211270940145,11.5692779786757,5.89768812185467e-31,5.79563340936356e-30,"AC015987.1",TRUE
2.97304776590176,3.16948013859077,0.235752145102893,13.4441200405938,3.3334760840977e-41,4.850735933569e-40,"FDPSP8",TRUE
18.5059204807898,-1.89602820184427,0.113232233100393,-16.7445978051428,6.20081464470309e-63,1.79856962409533e-61,"CETN4P",TRUE
3.21384565339186,1.54440953092757,0.173858200570614,8.88315607695648,6.49896803109789e-19,3.66182062953244e-18,"KRT18P39",TRUE
1.4565401944175,1.57374563566105,0.377139830842527,4.17284388165875,3.00821075341615e-05,6.76115065965948e-05,"TUBB4BP2",TRUE
2.46413622785575,2.10412686825429,0.427397440371762,4.92311527748988,8.51772419277149e-07,2.23222403400338e-06,"DUX4L9",TRUE
11.9859988564448,4.74067024152391,0.61366363371643,7.72519338128898,1.11683662518842e-14,5.08735290164983e-14,"AC010789.1",TRUE
2.15040922217289,2.27946508994839,0.441673195243684,5.16097674591898,2.45664697698211e-07,6.74098057896546e-07,"AC093843.1",TRUE
1.37977581031949,-1.8095507280157,0.273607830870102,-6.61366570635472,3.74917880460164e-11,1.37189111663083e-10,"RORB-AS1",TRUE
27.657683472178,2.31737906108729,0.479211447594831,4.83581740945098,1.32599598501551e-06,3.41671562467281e-06,"LINC00393",TRUE
3.96596876969392,1.93671097102699,0.264447243242959,7.32361943833026,2.41370566925134e-13,1.01604931907625e-12,"CDKN2A-DT",TRUE
7.13025969511013,1.67456911560088,0.187857548591784,8.91403687609986,4.92074481876094e-19,2.78932685024589e-18,"EML4-AS1",TRUE
12.6862512751892,2.0278303228379,0.166085353599177,12.2095674235777,2.76354550201414e-34,3.12810448116786e-33,"EIPR1-IT1",TRUE
5.15659244413704,3.62941022188656,0.54189681224118,6.6976039347344,2.1186454040812e-11,7.87399773014249e-11,"NFYCP2",TRUE
1.56597782849395,1.98972676804864,0.36748384942959,5.41446044809071,6.14737893511103e-08,1.77555293340957e-07,"ARL14EPP1",TRUE
1.71786170624532,1.81865809396289,0.527640882956839,3.44677251651036,0.000567326065429336,0.00110875715377333,"VPS26BP1",TRUE
4.18439775503987,2.4443775716437,0.372724891345519,6.55812806818351,5.44874068114321e-11,1.97255198622832e-10,"LINC02830",TRUE
17.0986327611255,3.49883470753466,0.311952993745676,11.2159036062566,3.40688887703897e-29,3.11066900641003e-28,"TACC1P1",TRUE
2.33887808494891,2.33019853367717,0.256536726002768,9.08329411536977,1.05337492131005e-19,6.17796733302649e-19,"KRT8P30",TRUE
0.732790404521453,1.7823387705111,0.366121113539389,4.86816712994441,1.12638053422197e-06,2.92154951063823e-06,"LINC02262",TRUE
101.972347715955,-3.63356190907383,0.178221062291828,-20.3879488897,2.13928527506958e-92,1.50132605645534e-90,"PRRT4",TRUE
19.2568287769182,-1.63364187192447,0.216496736596161,-7.54580368096612,4.49506754880562e-14,1.97101610694352e-13,"LINC01266",TRUE
10.1090485919271,-3.5091869857352,0.229103053787943,-15.3170677025689,5.88114503245293e-53,1.28847827208461e-51,"PGM5-AS1",TRUE
4.7264417523982,2.06856573506555,0.211979646733495,9.75832240000942,1.69943033856245e-22,1.14212727207031e-21,"U82695.1",TRUE
2.08970912667258,2.4534383647822,0.473246496741343,5.18427158294031,2.16860738457243e-07,5.98437645700504e-07,"AL513412.1",TRUE
2.45746512216182,2.43486144962942,0.238214293799499,10.2213070878056,1.59179827311988e-24,1.18472173595195e-23,"AC000067.1",TRUE
3.68158654334001,3.42832841889408,0.417026125944862,8.22089601970731,2.01988338158109e-16,1.00865633170241e-15,"AP004289.1",TRUE
7.27679798256957,-1.93656306080846,0.116006427061882,-16.693584225083,1.45940094757614e-62,4.18523221909542e-61,"LINC01058",TRUE
0.492218939101754,-3.12719335346704,0.276959850546817,-11.2911432732681,1.45136415659232e-29,1.34989255667853e-28,"AL121894.1",TRUE
1.2090428082138,1.87324319909441,0.4370736649472,4.28587524100931,1.82021122491177e-05,4.18475025127533e-05,"OR7E116P",TRUE
23.7702685620882,2.64686935205906,0.144721822985328,18.289358836555,1.00591269752697e-74,4.27735882022304e-73,"LINC00337",TRUE
3.1094840786242,2.04463743732111,0.446236112258477,4.5819631830621,4.60631005766226e-06,1.12850282164218e-05,"AL583808.1",TRUE
6.80764012119576,3.48824211710911,0.344283624048399,10.1318850896572,3.98884198753908e-24,2.91201657953631e-23,"AC092484.1",TRUE
3.59816438557983,2.05625569863296,0.355843160694474,5.7785449483416,7.53494151354612e-09,2.34131084035025e-08,"AC012354.1",TRUE
3.04420356376936,3.78366351732061,0.246421987998652,15.3544070805131,3.30921189918916e-53,7.28701967188796e-52,"AC012462.1",TRUE
1.39467857030618,2.36824193913157,0.332670371304655,7.11888446766051,1.08804062035839e-12,4.41185956169372e-12,"AC096631.1",TRUE
28.601704430996,2.82178942094185,0.266249996518592,10.5982702641831,3.03542381267452e-26,2.43556221890746e-25,"AL133387.1",TRUE
1.27675685820942,1.51420212793059,0.384743407190342,3.93561552877103,8.29837323310342e-05,0.000178046226258075,"SMARCE1P1",TRUE
2.76926899697292,3.57587786694485,0.585372199685251,6.10872513055379,1.00430119698924e-09,3.32864687928548e-09,"CHCHD4P5",TRUE
3.71295409911062,1.73795338290964,0.275695193575626,6.3038943855686,2.90258319626351e-10,1.00012366877481e-09,"LINC02470",TRUE
6.46110579657402,4.8562178111049,0.523522068894376,9.27605176484867,1.75875169055139e-20,1.07594221069026e-19,"PSLNR",TRUE
3.07288249711209,2.34001441622057,0.395753303276749,5.91281082645622,3.36318368863672e-09,1.07299680663484e-08,"LINC00113",TRUE
1.42543422298377,2.40078385356033,0.760479807735785,3.15693306927939,0.00159437937902062,0.00294388936892108,"AL117341.1",TRUE
1.86831043987924,-1.84077997154145,0.249001295677293,-7.39265218092322,1.43928621354139e-13,6.13224017536487e-13,"LINC01594",TRUE
1.9791800686384,1.83699363638716,0.216865454042526,8.47066050467835,2.44005439868913e-17,1.27158594358154e-16,"AC093840.1",TRUE
1.87306256776796,1.79271408061681,0.488354139395577,3.67093044984856,0.00024166910072583,0.000492978466174819,"ATP6V0E1P1",TRUE
0.760451234702217,-3.18227944529462,0.243634997749868,-13.0616679651326,5.4520000042372e-39,7.3648926504813e-38,"TMEM246-AS1",TRUE
24.2095769036347,-1.6138173364417,0.144784046287765,-11.1463754316837,7.45829163992744e-29,6.7104412586881e-28,"SFTA1P",TRUE
8.80944370392449,1.70358961477383,0.165134522851033,10.3163747068844,5.94247119569611e-25,4.49723052439495e-24,"AL353572.1",TRUE
1.43375771732193,-3.16164546808278,0.343147161060475,-9.2136722282997,3.1515444110598e-20,1.90291909319167e-19,"AC099754.1",TRUE
4.5897791033671,-3.28741829461046,0.166037123712448,-19.7992968145111,3.01878147991321e-87,1.84286575209412e-85,"PGM5P4",TRUE
15.7077886360982,-1.80182154218653,0.113173472354557,-15.9208823825928,4.53929823835525e-57,1.12337220164801e-55,"AC121247.1",TRUE
1.97983175051699,1.8166982398908,0.279960030940263,6.48913430174055,8.63309850180165e-11,3.07988536400859e-10,"AL049648.1",TRUE
43.8337870429487,2.60302583835737,0.319837365970448,8.13859203242023,3.99901008118171e-16,1.96669638905882e-15,"KRT41P",TRUE
2.50603596641477,1.50187862753144,0.299988135980128,5.00646008091109,5.54401527825506e-07,1.47639723211877e-06,"AL590233.1",TRUE
0.578670894231129,1.53225130182053,0.391171942932595,3.91707874121372,8.96284797157077e-05,0.00019154115589869,"AL031737.1",TRUE
1.87764987720223,1.9778813735804,0.504814217506352,3.91803817125161,8.9272571902649e-05,0.000190827804631684,"AC104332.1",TRUE
9.5625469487932,3.4577340361627,0.427769001364221,8.08318046687689,6.30991411517283e-16,3.06995708726028e-15,"AC073325.1",TRUE
16.396347674687,3.15890948158711,0.492339697586105,6.41611776802672,1.39793321184833e-10,4.91966710888569e-10,"LINC01980",TRUE
1.3899773611641,2.50571665495765,0.51713773760884,4.84535641615264,1.26384586313209e-06,3.26241551751082e-06,"AGBL4-IT1",TRUE
1.20499728777221,1.67385449903116,0.489058616671957,3.42260506607928,0.000620241222501932,0.00120600131383445,"AL161644.1",TRUE
1.40807197401919,1.77221078182246,0.364141053963503,4.86682499139492,1.13405367662867e-06,2.94127496444285e-06,"HNRNPA3P15",TRUE
2.01709522601865,2.112539182406,0.278827812628534,7.57650093256806,3.54999153673555e-14,1.56648230984057e-13,"AC005487.1",TRUE
1.41062043586444,2.25177631665433,0.603152471072624,3.73334509042109,0.000188953425307923,0.000389866614221722,"EIF2S2P5",TRUE
1.56259484693818,1.64848570397883,0.3202688163479,5.14719391908616,2.64411948600542e-07,7.23699644974279e-07,"AL118511.2",TRUE
49.7098714374491,-2.68663705684907,0.192605000325577,-13.9489475990116,3.19281853052845e-44,5.19811572152425e-43,"CADM3-AS1",TRUE
0.775561383543226,1.6199560380292,0.407441379824122,3.97592418994968,7.01064578460196e-05,0.000151517011549034,"AL163953.1",TRUE
1.9724821743205,1.75524644122009,0.367220505990083,4.77981597592888,1.75455718114331e-06,4.47081638553226e-06,"AC114737.1",TRUE
17.7059865968779,1.92296670128355,0.402650989465552,4.77576549317797,1.7902492337014e-06,4.55907227558132e-06,"AL354984.2",TRUE
2.2470894903921,2.47749215706747,0.421655070896289,5.8756370504479,4.21220310586318e-09,1.33293266404469e-08,"AL512326.3",TRUE
2.11789689381281,1.9175196986424,0.35385361807435,5.41896309857571,5.99456878006705e-08,1.73280817458773e-07,"PSMA1P1",TRUE
1.63755446424191,2.21756008483269,0.450870648954289,4.91839530911118,8.72565629990582e-07,2.28421984535655e-06,"AL139184.1",TRUE
12.881931073092,-2.96184993862078,0.160227787361802,-18.4852452086403,2.71462072319652e-76,1.21286780966006e-74,"PDE9A-AS1",TRUE
5.10602512274767,-1.98666594631325,0.252593293293304,-7.86507796945499,3.68867628242215e-15,1.72484581093543e-14,"P3H2-AS1",TRUE
62.1388930805913,3.58480460454398,0.262667803051703,13.6476742215656,2.08424975140011e-42,3.17529895059755e-41,"LINC02620",TRUE
357.752807887903,1.56260074701599,0.134425768212203,11.6242649590016,3.10252230891764e-31,3.08465475357948e-30,"MIAT",TRUE
0.736509875543689,-1.52291015997613,0.274699437179055,-5.54391438007739,2.95783508836238e-08,8.77027771460018e-08,"AC069281.1",TRUE
6.37042249324304,1.59668971219728,0.438592132390849,3.64048872352867,0.000272121026097117,0.000552044347184562,"GS1-594A7.3",TRUE
45.3116215645549,1.92252882229992,0.290439678290648,6.61937388725522,3.6072343199718e-11,1.3206228963439e-10,"AC010970.1",TRUE
2.84625408028639,-1.57618612685122,0.149581338638449,-10.5373179649167,5.81331636627727e-26,4.60964053589063e-25,"C3orf86",TRUE
1.8114880857795,1.73200011737362,0.296239920677949,5.84661281777931,5.01683362949862e-09,1.57875712321663e-08,"AL513210.1",TRUE
7.7732865058454,2.42279038804492,0.609683601675984,3.97384870018614,7.07204965073592e-05,0.00015278289264479,"LINC01456",TRUE
10.9252292658876,1.67741008783163,0.182530316937327,9.18976154743422,3.93713145906488e-20,2.36567720692246e-19,"AC023590.1",TRUE
62.1498294454921,-1.77522247405873,0.130609698548585,-13.5918120460126,4.47853475583192e-42,6.7302771609229e-41,"AC012368.1",TRUE
2.16140903619338,2.76486489130816,0.574980544352144,4.80862338468071,1.5197321554839e-06,3.89522179646566e-06,"HSPE1P13",TRUE
24.277008691649,-2.31522700215693,0.140850300839645,-16.4375012928994,1.0308224901482e-60,2.80165608783353e-59,"TSBP1-AS1",TRUE
2.28193050761185,1.69707995468612,0.30609105059686,5.54436319316395,2.95025895141623e-08,8.74901582679157e-08,"FAM133FP",TRUE
12.8985466524776,-2.01671006698612,0.117647114359802,-17.1420274773455,7.20924293426063e-66,2.3065302078776e-64,"AL109741.1",TRUE
28.6900598515989,-2.36140256761757,0.194619905053434,-12.1334072533291,7.02638625535158e-34,7.83007567211397e-33,"NTF4",TRUE
1166.35245542413,2.25981892089642,0.306450673288681,7.37416856241541,1.6537384445561e-13,7.02444161667565e-13,"MTND1P23",TRUE
0.562118152008076,-2.26876435570181,0.348594349384506,-6.50832223674205,7.5994766581912e-11,2.72125954175336e-10,"AC005550.1",TRUE
6.45248117190453,3.2025144771469,0.261560780134226,12.2438634550006,1.81197599822139e-34,2.06945975345952e-33,"LINC02528",TRUE
13.4852760029281,-3.81024814990508,0.200631714049162,-18.9912555348624,2.01453898923106e-80,1.00517344248801e-78,"LINC02660",TRUE
8.99885577195117,-3.03334123458587,0.12406945472135,-24.4487351169434,5.1907178715171e-132,8.89013425931263e-130,"KCNIP2-AS1",TRUE
7.3896618658525,4.45552522253021,0.259317254058066,17.1817538278133,3.63745884279147e-66,1.17950956915762e-64,"AP001434.1",TRUE
68.0172273104656,3.66286136000808,0.222946916563622,16.4292981327814,1.18016985464964e-60,3.19950571147477e-59,"LGALS17A",TRUE
11.8564264957388,-2.89852517255818,0.17550976283918,-16.5148942467326,2.86663026731361e-61,7.92592968207915e-60,"FGF13-AS1",TRUE
1.63028579888253,2.37394157892749,0.580420984595535,4.09003403035429,4.31309901812309e-05,9.54094375594243e-05,"MTND4P32",TRUE
6.33150627146575,3.90524009118448,0.477144070129544,8.18461411481905,2.73177573797295e-16,1.35412244000129e-15,"PHF2P2",TRUE
0.275640655944257,-2.25107781952123,0.636093844308324,-3.53890835395366,0.000401785315885142,0.000799532216035904,"AL138830.1",TRUE
41.487840858111,3.9424268627621,0.294714659522879,13.3770979331147,8.22983952021525e-41,1.17928244917825e-39,"RPL6P4",TRUE
30.4464429522153,2.43263663352262,0.21765233327951,11.1767082707936,5.30202850389523e-29,4.80545044578157e-28,"AC073283.2",TRUE
1.49992010441438,-1.80615082469584,0.22143790570413,-8.15646634189674,3.44968583725024e-16,1.7011933356458e-15,"LINC02794",TRUE
3.58124569839183,2.57155098879046,0.333423303034834,7.71257127316564,1.23307772605375e-14,5.60265655926728e-14,"SLC25A39P1",TRUE
2.30505382543721,-1.9618115986982,0.255487085742594,-7.67871140334172,1.60696797626786e-14,7.24655081555959e-14,"CLK3P2",TRUE
91.0401405806508,-2.00331011469253,0.111615158599798,-17.9483695568225,4.9420030145734e-72,1.93378830561186e-70,"GAS1RR",TRUE
14.5398482662314,-1.7787670198088,0.113170154902215,-15.717633516944,1.14521929816566e-55,2.71879344933058e-54,"AL031658.1",TRUE
9.16276864568035,-2.16890887172999,0.1367024770217,-15.8659076191114,1.09128410135032e-56,2.67157242281792e-55,"AL135960.1",TRUE
1.07244844726582,1.92971047545204,0.686431166228418,2.81122211576551,0.00493537021892458,0.00851803809528472,"PTP4A1P3",TRUE
204.365211964557,1.62953700461377,0.415990451346038,3.91724617558169,8.9566272280991e-05,0.000191417693074898,"PSPHP1",TRUE
16.3326448228453,2.69253210743793,0.288095750727346,9.3459625858423,9.10573819129506e-21,5.65635665423568e-20,"LINC01811",TRUE
23.2862578915146,2.07282736034443,0.262818416259982,7.88691823747224,3.09740196374522e-15,1.45524866569e-14,"CROCC2",TRUE
41.8143182838657,-2.01762780261423,0.152737059099963,-13.2098117804778,7.70167657897931e-40,1.07089033875241e-38,"AC005682.1",TRUE
55.3052982838585,2.32602682417348,0.164284963937526,14.1584888137299,1.65515225880158e-45,2.83028413192853e-44,"HAGLROS",TRUE
5.99651865461716,1.79372831800277,0.326651351635353,5.49126250059159,3.99070700204194e-08,1.17081717223935e-07,"ST7-AS2",TRUE
2.08368638528105,1.66820889509148,0.310645274404039,5.37014090522341,7.86751457569672e-08,2.25166097731253e-07,"AC013480.1",TRUE
12.7962534537333,-1.77659488778451,0.223528692052379,-7.94795008852019,1.89623016668412e-15,9.00938947535081e-15,"AL450332.1",TRUE
4.860493076082,1.71966805815275,0.241628743517457,7.11698464809717,1.10313767944195e-12,4.4701363482034e-12,"SLC25A5P5",TRUE
2.45396512105335,1.97852061064889,0.295656354785354,6.69196037435183,2.2020050152484e-11,8.17184320362176e-11,"AC093642.1",TRUE
0.459616257243073,-2.2281895357138,0.354686051841828,-6.28214592635703,3.3393117273303e-10,1.14530112962155e-09,"AC012558.1",TRUE
2.10362963593742,2.73792145765131,0.352182031944941,7.77416565669469,7.59462992546445e-15,3.49115164110177e-14,"AL121929.1",TRUE
1.55692107051302,1.60325696054286,0.367791493490418,4.35914638842681,1.30570751533441e-05,3.05228491371029e-05,"AC018641.1",TRUE
5.71228242951184,-5.18041631633775,0.308682508976213,-16.7823448549751,3.28600681282188e-63,9.61519010450116e-62,"ADIPOQ-AS1",TRUE
24.055572982526,-1.78584247827556,0.137311927762514,-13.0057345153892,1.13503064502808e-38,1.5138418615393e-37,"FTOP1",TRUE
18.3840439101787,-1.53819108755271,0.166482795267016,-9.2393396271708,2.48023202151554e-20,1.50452303652299e-19,"AL158055.1",TRUE
3.16862878554974,2.01695206268852,0.36473247539418,5.52994920594533,3.20323525367438e-08,9.47253398757015e-08,"BTBD9-AS1",TRUE
1.38011230247128,1.89895420327994,0.276068744227074,6.87855558801689,6.04624574184359e-12,2.33308865639668e-11,"AL445487.1",TRUE
4.04959163385371,3.08561372552324,0.315230989008945,9.78842129456911,1.26251665142539e-22,8.56091416740299e-22,"MLXP1",TRUE
0.376207533128561,-3.15162355285724,0.333580808414818,-9.44785633152524,3.45840606359078e-21,2.18414992251358e-20,"AC114814.1",TRUE
1.3434451173005,1.57270358008002,0.45220543386956,3.47785201655421,0.000505448888050892,0.000993767037549039,"AL357552.1",TRUE
4.3938316626389,-2.01543158406444,0.202147327232878,-9.97011245042393,2.05995476708656e-23,1.45440287497883e-22,"SCDP1",TRUE
0.548127550696998,-3.13519097921191,0.471215231974915,-6.6534160325675,2.86367221098986e-11,1.05529450671382e-10,"AC004911.1",TRUE
6.7802915061533,-3.75400586978078,0.223131234269017,-16.8242060869649,1.6222164070819e-63,4.81201787832678e-62,"AC092155.1",TRUE
2.00686476508704,-1.84248438732072,0.203775282195191,-9.04174621903282,1.54188711392684e-19,8.97476032866923e-19,"LINC00974",TRUE
3.17457602643331,2.02288332453488,0.19381236389987,10.4373285781704,1.67456852036838e-25,1.30224103313693e-24,"KIF4B",TRUE
0.885285226429388,-2.1235900707105,0.228739257165713,-9.2838898622987,1.63401620667822e-20,1.00105237019492e-19,"AL606748.1",TRUE
7.12113984490806,2.01607633177983,0.251892388826863,8.00372072046039,1.20715005172032e-15,5.80120211916813e-15,"AC013470.2",TRUE
1.57975409578779,-1.69394387714921,0.23811147723643,-7.11407907258173,1.12662549680313e-12,4.563710620623e-12,"LINC02554",TRUE
1.10824138596791,1.59994791882257,0.56134293383155,2.85021476604653,0.00436897173926054,0.0075942335991335,"DAB1-AS1",TRUE
4.15672554291597,1.54984936132174,0.281681189169125,5.50214008217349,3.75208641122333e-08,1.10305871199781e-07,"AC000124.1",TRUE
1.34934408215286,-2.36809580157823,0.25875260276206,-9.15196900939331,5.59051262039088e-20,3.32854910602939e-19,"C13orf42",TRUE
3.03690178839743,1.75565501730359,0.313876383772927,5.59346006284345,2.22588444158464e-08,6.66406579486632e-08,"OSTCP8",TRUE
10.9830083442745,4.04062066143332,0.207946708973832,19.4310392377587,4.21736508053338e-84,2.35474096863934e-82,"LCT-AS1",TRUE
1.79474789407064,2.5477445029428,0.386556247948101,6.59087653211302,4.37237397372938e-11,1.59223473427405e-10,"AL117382.1",TRUE
83.548972837525,-1.76560328708274,0.100187288677706,-17.6230269367059,1.63990793666743e-69,5.93281027213464e-68,"AC092164.1",TRUE
37.4448576494753,2.69288571773851,0.197878240692695,13.6088015959297,3.55017461742001e-42,5.35379233011348e-41,"ARHGAP29-AS1",TRUE
1.37067728069392,-2.9936242480233,0.190564860795004,-15.7092143616321,1.3078982261903e-55,3.09818262581631e-54,"AC135178.2",TRUE
12.3417114589726,3.57016694472043,0.288761471865652,12.3637233238008,4.10684407459754e-35,4.80225928636223e-34,"SMYD3-AS1",TRUE
1.25120585553759,1.79775728291327,0.457154144974292,3.93249695464179,8.40680451326853e-05,0.000180265144471716,"GSTM3P2",TRUE
1.27821791163405,1.93570805820825,0.361413119883366,5.3559429686253,8.51113541548119e-08,2.42757470613381e-07,"Z97652.1",TRUE
3.51330031796059,2.24536326300339,0.378164288935235,5.93753384098079,2.8934133500727e-09,9.28197712123813e-09,"AL731577.1",TRUE
1.37947255558605,2.3820942592443,0.767195209212194,3.10493891338345,0.00190318325743542,0.003474756791303,"LINC00354",TRUE
6.33305450346935,1.63992144294489,0.20403247141669,8.03755123661528,9.1651579575366e-16,4.43164034782971e-15,"BSN-DT",TRUE
7.04466190708612,2.19296136740046,0.204895556884527,10.7028253845267,9.87213168988466e-27,8.08656678184517e-26,"RPL19P4",TRUE
1.07381434337077,2.171342379249,0.419817081815726,5.17211536476281,2.31458601290541e-07,6.36817315720006e-07,"AL365184.1",TRUE
2.46815268525828,1.98169137505485,0.33056313966464,5.99489518724108,2.03616726949208e-09,6.59915741918437e-09,"ALG1L5P",TRUE
1.32230887296579,1.66386737690102,0.310034746380235,5.36671259053139,8.01846763737479e-08,2.29296404445171e-07,"AC093019.1",TRUE
2.0453133054309,1.93402199957048,0.318183315764902,6.07832624699744,1.21443478027347e-09,4.00053466009794e-09,"AL023802.1",TRUE
8.25024908903536,1.74300890553959,0.16789667705812,10.3814377751873,3.0120435852262e-25,2.31646117495301e-24,"AL358075.1",TRUE
1.54600781323513,2.08171849560848,0.271491423399171,7.6677136594026,1.75089213607857e-14,7.87746321204537e-14,"AL391845.1",TRUE
60.5222824268308,1.8348037927171,0.158915801488999,11.5457605570086,7.75524133009655e-31,7.58267512911803e-30,"LTA",TRUE
1.79532731216794,1.51541181034947,0.381561445342413,3.9716062218748,7.13896558460204e-05,0.000154151368136594,"AL035410.1",TRUE
387.553020077443,2.96176295572282,0.174086316338037,17.0131864354676,6.55723571702509e-65,2.03897906013547e-63,"LINC00511",TRUE
27.1672495438347,2.43909161838793,0.223723318649221,10.9022681815847,1.1241939339668e-27,9.61557871383413e-27,"Z98257.1",TRUE
2.35838469745665,2.14802468586324,0.44784078104169,4.79640259841205,1.61540450031999e-06,4.13136159242775e-06,"AL162584.1",TRUE
1.81061435335192,2.26373790163844,0.442531987341643,5.11542208561477,3.13040147006135e-07,8.51450261203982e-07,"AC012494.1",TRUE
3.31998859864712,-1.56789546714133,0.291062890981445,-5.38679273697343,7.17260649212021e-08,2.05995272957086e-07,"AL512785.1",TRUE
3.28217868729566,-1.99888704237569,0.162988829294692,-12.263951161718,1.41431726432891e-34,1.62043889377318e-33,"HORMAD2-AS1",TRUE
3.82221115432187,1.89551812947323,0.389194081285685,4.87036730674699,1.11390985924907e-06,2.88937733789229e-06,"LINC02672",TRUE
6.008728746224,2.47787222516883,0.469537255475051,5.27726436246655,1.3112665350926e-07,3.68716291970792e-07,"LBX1-AS1",TRUE
5.23760404389733,1.93724896219341,0.254279373090322,7.61858478196453,2.56472010887659e-14,1.14152129420556e-13,"IL21-AS1",TRUE
0.902930567983102,-2.00962614744393,0.271579122093121,-7.39978144105957,1.36408822446213e-13,5.82046937892096e-13,"MKRN6P",TRUE
3.09678936679303,-1.80144485066275,0.139559982787932,-12.9080329094059,4.0552862645429e-38,5.32317990199731e-37,"AC073621.1",TRUE
12.7020489363755,2.43134269397996,0.251188822826805,9.67934268180548,3.6908125845553e-22,2.44093581289314e-21,"AF178030.1",TRUE
2.9064918835132,-2.05720996455255,0.208742383666485,-9.85525760709635,6.50496688525659e-23,4.47916992290483e-22,"MGAT3-AS1",TRUE
2.66262396482842,3.0337629507905,0.454975443017932,6.66797076050305,2.59364438104042e-11,9.58322844668305e-11,"MIR663AHG",TRUE
2.70561485081653,1.8482844098868,0.403716548701274,4.57817351266028,4.69053551119797e-06,1.14855050869911e-05,"AC009365.3",TRUE
1.79785397189743,1.79853230167605,0.357989270232934,5.02398382081618,5.06105025960515e-07,1.35253826132853e-06,"SPATA13-AS1",TRUE
11.5009155122271,5.1259498000582,0.455586107053373,11.2513303647727,2.2812495799685e-29,2.10022892217237e-28,"SPANXB1",TRUE
2.57789157756597,1.81810707840692,0.21978673187237,8.27214210302146,1.31573349047045e-16,6.61642147312334e-16,"AL672291.1",TRUE
1.32032445444271,2.51812308739827,0.548649132150414,4.58967842987114,4.43929380579442e-06,1.08993640513162e-05,"FAM155A-IT1",TRUE
2.35497970500846,-3.10256741109883,0.205880464638147,-15.069751355729,2.56074945590753e-51,5.32122997192917e-50,"LINC01985",TRUE
0.82386792900599,1.71870810602391,0.538361119048994,3.19248185875677,0.00141055804901211,0.00262152544440264,"AC110015.1",TRUE
2.49401281396891,-1.58012243772794,0.29864835842609,-5.29091285167399,1.21707353437284e-07,3.42855516895318e-07,"KRT16P2",TRUE
0.629453928944432,1.52236104326956,0.491354225582532,3.0982964305735,0.00194636636943419,0.00355021437345869,"AC010998.1",TRUE
2.17158491569372,1.8045502696033,0.370212630298294,4.87436170978096,1.09160821270296e-06,2.83306136261335e-06,"AC140076.1",TRUE
1.2160527870982,-1.68970660819007,0.238424441230336,-7.08696893435387,1.37081138587384e-12,5.52059526120324e-12,"AL139280.1",TRUE
0.555744648612068,-1.71332979344888,0.418594210495519,-4.09305659392826,4.25723760150073e-05,9.42268589132162e-05,"LINC00307",TRUE
3.87570713276829,1.65435673392068,0.190093278603149,8.70286811862726,3.23599893712242e-18,1.76501597530903e-17,"PPIAP2",TRUE
2.2193320590556,1.93262806082879,0.446819686782156,4.32529747009788,1.52326164768872e-05,3.53272287556396e-05,"RPL35AP2",TRUE
54.6311209661072,1.90973164200078,0.151401407499316,12.6136980728493,1.77466162254286e-36,2.18903674275364e-35,"HPN-AS1",TRUE
3.63823521938929,1.94679269810089,0.316753686814505,6.14607747009732,7.94225040712828e-10,2.65171754909613e-09,"AC114402.1",TRUE
1.14615621295138,1.99140183717504,0.620391531698297,3.20991137922798,0.00132775901226223,0.00247542457750488,"AC090018.1",TRUE
15.8264623164348,2.50173914325805,0.149766069281267,16.7043119664153,1.21926248176557e-62,3.51290845881187e-61,"ATP5MC1P4",TRUE
3.76346693291989,3.50963924850808,0.39150296077386,8.96452798612503,3.11612618291129e-19,1.78418686726521e-18,"AL450345.1",TRUE
1.65385177071453,1.66972476768285,0.249879257442666,6.6821263388217,2.35499856699489e-11,8.7253616749506e-11,"PSME2P6",TRUE
1.20928324219413,2.13660397906569,0.738594631370179,2.89279651965794,0.00381828576330486,0.00668684169382178,"PDE4B-AS1",TRUE
30.3988607887529,-3.60839700571344,0.141105808940645,-25.5722782272647,3.10409715766891e-144,6.47211755193188e-142,"LINC01537",TRUE
0.9131615474607,-2.22683680025837,0.369864615957248,-6.0206808226169,1.73684952189038e-09,5.65839563441946e-09,"AL355300.1",TRUE
1.05762710126594,-1.62606558066987,0.279305795885867,-5.82181109243551,5.8213326423464e-09,1.82368234625587e-08,"AC124861.1",TRUE
573.925615682875,2.08238307934805,0.179540607404065,11.5983960924313,4.19873547136994e-31,4.14780093715557e-30,"LTB",TRUE
5.07942179095029,-1.50000860586108,0.120378513869376,-12.4607669395949,1.22189832921075e-35,1.45843838187877e-34,"LINC01624",TRUE
0.52573964401092,-3.22080658667972,0.366897551805852,-8.77849026472667,1.65683623639571e-18,9.16900268788804e-18,"LINC01839",TRUE
0.851590068089938,1.81103655658327,0.629734489349849,2.87587322468715,0.0040291150026378,0.00703322966688968,"AC107890.1",TRUE
1.37952159971591,2.13454621819722,0.468759006780139,4.55361110362277,5.27328008404092e-06,1.28461234084329e-05,"TUBB4BP8",TRUE
1.05978830266689,2.19268237951891,0.601214375411968,3.64708907370425,0.000265228000293451,0.000538744375596073,"AC004986.1",TRUE
10.3815336361184,2.94716018565431,0.267759737068603,11.006733939611,3.54627376221646e-28,3.10030633546162e-27,"AL136114.1",TRUE
3.71493667192237,3.45022457188834,0.282237559960813,12.2245408172016,2.29876950385404e-34,2.61298108470741e-33,"TP73-AS3",TRUE
50.1129440796597,-4.37978543808503,0.188197738466444,-23.272253289409,8.46917817322785e-120,1.09440038909136e-117,"HSD11B1-AS1",TRUE
7.05671638081371,1.63462568978803,0.156641110266744,10.4354832968461,1.70742662997824e-25,1.32707605528293e-24,"CERS6-AS1",TRUE
1.21226927175776,1.54164219223643,0.401873430215326,3.83613863551618,0.000124983872941531,0.000263111108972611,"CLYBL-AS2",TRUE
0.989311995940466,1.66118397845973,0.355661038552209,4.67069428021105,3.00183420165895e-06,7.48507505595934e-06,"AL162734.1",TRUE
9.20684112784741,4.28323179246131,0.536424309105431,7.98478316466352,1.40769529033668e-15,6.74468569393106e-15,"LINC00355",TRUE
2.11711495424419,2.23465415786849,0.252158123036188,8.8621144976868,7.8510904230753e-19,4.40641173810052e-18,"AL713998.1",TRUE
2.33628785736046,1.51982859503781,0.271789076868043,5.59194141483362,2.2454459151152e-08,6.71983398255249e-08,"LINC01693",TRUE
2.95630657699607,2.55054225035258,0.323071588509038,7.89466589161626,2.91093973926614e-15,1.37052644427541e-14,"ASH1L-IT1",TRUE
17.3399357324478,2.16621129310623,0.144417813039744,14.999612911394,7.38487443771781e-51,1.51488203769915e-49,"AL358075.2",TRUE
8.41596651548397,2.85944789259542,0.413685857008045,6.91212388375127,4.77450605994277e-12,1.85496157662373e-11,"AC002383.1",TRUE
7.64712760508604,1.75470461572533,0.428402693837188,4.09592339396493,4.20488970298812e-05,9.31111998260568e-05,"GRAMD4P1",TRUE
1.37925345549561,1.66758791813379,0.286233403473379,5.82597243332881,5.67809888607326e-09,1.78074951259208e-08,"KRT8P44",TRUE
7.7442884966882,1.89644619312937,0.203064038150768,9.33915335477239,9.71074927187283e-21,6.01918624980657e-20,"LINC01655",TRUE
1.84381259994463,2.4871089843134,0.552636154978912,4.50044565833429,6.78111395099723e-06,1.63394862731711e-05,"SRGAP3-AS3",TRUE
3.76878819488355,3.58419495142821,0.733474329721595,4.88659903447291,1.02592732801597e-06,2.66966257549556e-06,"SELENOOLP",TRUE
1.14629672634029,1.67737161032235,0.318150913883158,5.27225142888753,1.34760287147959e-07,3.78440626801087e-07,"UQCRBP2",TRUE
2.78344067386776,2.13217080692073,0.539210686089934,3.9542443462723,7.67769160613407e-05,0.000165345626326404,"AC003989.1",TRUE
7.57837435614538,3.74020194561779,0.24774048481715,15.0972577145731,1.68809346895368e-51,3.5265302091017e-50,"LINC01429",TRUE
1.48891768835974,2.7281562048603,0.319912957007928,8.52780778364253,1.49147093236302e-17,7.8578961719712e-17,"AC098592.2",TRUE
2.07865813455993,2.37261929276933,0.362406157803364,6.54685148605196,5.87627471883587e-11,2.12234323736365e-10,"RPL7AP65",TRUE
2.9436213527472,-1.80080110477279,0.247382035481278,-7.2794336147706,3.3522457787274e-13,1.40128743641525e-12,"RAPGEF4-AS1",TRUE
1.72739816150475,1.56681307522143,0.348286914512784,4.4986274532112,6.83935888194655e-06,1.6471554564188e-05,"AC010967.1",TRUE
10.1516208160541,-4.05626334509271,0.288294263677696,-14.0698718501992,5.8174725347367e-45,9.72432666921906e-44,"NGF-AS1",TRUE
24.8484138967547,2.69597233495715,0.269410073973628,10.0069470127574,1.4206914414755e-23,1.01033189345992e-22,"AL160408.1",TRUE
1.53399897581722,1.71125536830029,0.290260683445182,5.89558099288176,3.73365313995288e-09,1.18698047672633e-08,"CFL1P3",TRUE
9.49710961240115,1.76742048821672,0.207838518724223,8.50381584253818,1.83458483299686e-17,9.61747618026778e-17,"AC131571.1",TRUE
2.22719508879685,2.10170715007747,0.482073745301486,4.35972124713632,1.30228227457672e-05,3.04444279984461e-05,"AL591719.1",TRUE
8.32406387976388,2.83015720791154,0.245370539479589,11.5342176526737,8.86897889801177e-31,8.65442299882858e-30,"LINC01649",TRUE
4.66755981761129,-2.10223579241003,0.139023477026118,-15.1214445026079,1.16948799038734e-51,2.46460457349208e-50,"LINC01402",TRUE
86.1847754815709,1.69329252678443,0.1656457028298,10.2223752132241,1.57435170932219e-24,1.17193894057167e-23,"CASP16P",TRUE
1.25684754130501,2.17430073236344,0.383226389069595,5.67367173654783,1.39768843848839e-08,4.2532773746851e-08,"AL161793.1",TRUE
1.48682124325613,2.62561903285188,0.432774456701705,6.06694547747215,1.30365788108041e-09,4.28463860397733e-09,"LINC01674",TRUE
12.1608340595089,-3.80981492892547,0.330671658693082,-11.5214437910496,1.02872636653822e-30,1.00157523076448e-29,"AC097713.1",TRUE
75.4836885520875,2.98354565809892,0.15130338375002,19.718961890689,1.48239863705967e-86,8.78850620542517e-85,"HNRNPA1P21",TRUE
0.961802200023127,-1.99229009155281,0.191800068212186,-10.3873273358212,2.831770787734e-25,2.18053928989473e-24,"AL590365.1",TRUE
7.62006132524256,3.29033270695147,0.386914180787005,8.50403751100242,1.8310833083233e-17,9.60028615005268e-17,"SNX19P1",TRUE
2.11540744850691,1.82566915217724,0.377183373623291,4.84026942820819,1.29663216528151e-06,3.34484754369434e-06,"LINC02843",TRUE
2.62170666390229,1.84306346336982,0.285117009228816,6.46423539709166,1.01812278975755e-10,3.6157475196195e-10,"PTPN2P1",TRUE
1.66920412719431,1.78497650752535,0.262197540148387,6.80775459035644,9.91337789163201e-12,3.7667170508217e-11,"AL355607.1",TRUE
405.647209556639,2.5171615510705,0.208612404016707,12.0662122798264,1.59299173064296e-33,1.75034427430117e-32,"LINC00578",TRUE
0.553331116549187,-2.85717254186618,0.303043759518683,-9.42825071337604,4.16984872041731e-21,2.62654218875089e-20,"AC073050.1",TRUE
416.506931313276,1.75265861879529,0.183714736374292,9.54010904832647,1.42682202874509e-21,9.18717570649531e-21,"GAPDHP1",TRUE
2.44185729072152,1.54222570109281,0.222467712584347,6.93235743370212,4.1388458296577e-12,1.61541495756942e-11,"UBBP2",TRUE
118.771101920299,3.96359595084662,0.279389556921685,14.1866288579914,1.1086137216683e-45,1.90249575456079e-44,"ORM2",TRUE
0.871521421814198,1.72926364901932,0.423540510937237,4.08287661832559,4.44816420536483e-05,9.81958810820653e-05,"AP000593.2",TRUE
352.403626161194,1.66695148300067,0.111302220839019,14.9768034315475,1.04105083855088e-50,2.12142371066363e-49,"PCAT6",TRUE
3.88243793408844,-1.86699394151966,0.165574269176405,-11.2758700419239,1.72663190520122e-29,1.59745837145734e-28,"TBX18-AS1",TRUE
2.27590389176467,2.81668530614826,0.517878016906588,5.43889721941281,5.36113699555292e-08,1.55428677858577e-07,"AL512604.1",TRUE
3.96323646855213,4.25413761667987,0.859138402093825,4.9516324800661,7.35934926446512e-07,1.93924851489294e-06,"LINC00392",TRUE
5.9191360372185,-1.64539092563338,0.124072378078577,-13.2615409740219,3.86863702560042e-40,5.41408476085974e-39,"AL355355.1",TRUE
1.32361351393364,2.52825372463802,0.751610315758819,3.36378262994637,0.00076882070720312,0.00147779022547816,"AC002381.1",TRUE
1.65723797516746,1.70375282462159,0.464569087821437,3.66738310680811,0.000245045512744504,0.000499511846694034,"RPS26P4",TRUE
4.90151815481856,3.74301917073421,0.320745630495495,11.66974329456,1.81971499745284e-31,1.82946422758128e-30,"LINC02263",TRUE
2.55089692529531,2.34678761534111,0.522986971085373,4.4872773990349,7.2139121217254e-06,1.73320222207564e-05,"AC106873.1",TRUE
2.46171426766876,2.14080644242784,0.397947704016885,5.37961752466098,7.4644252802454e-08,2.14105532727714e-07,"AL031668.1",TRUE
13.3834646410141,-1.70441620653028,0.117267435294664,-14.5344374782947,7.3313296501781e-48,1.35049162484715e-46,"AL590226.1",TRUE
30.2969107500434,-1.63558242418926,0.0790211351419816,-20.6980375724864,3.60763762666497e-95,2.6390786435061e-93,"AL139260.1",TRUE
1.1767703209097,1.64085570169366,0.454973223845996,3.60648850458302,0.000310368601583771,0.000625227950728381,"LINC02474",TRUE
0.698330704017969,1.55351046858746,0.387928139804103,4.00463464540612,6.21134046955216e-05,0.000134931273739617,"CSTP1",TRUE
2.56559602391211,2.13634953998747,0.458523154396784,4.65919663925799,3.17445846932236e-06,7.89862951319919e-06,"PRKCE-AS1",TRUE
1.44732421006557,1.99038870384804,0.475393951640051,4.18681957770274,2.82890520342035e-05,6.37941107579406e-05,"AC106875.1",TRUE
3.79383687858454,-3.55789032026832,0.27178770242454,-13.0906964830616,3.72179324879094e-39,5.06567633610271e-38,"AL845321.1",TRUE
1.72113312405894,-3.00506479572891,0.27700137961158,-10.8485553391203,2.02602206786723e-27,1.71524347683699e-26,"AC068057.1",TRUE
59.8351761039559,-1.61268410336579,0.175830612892375,-9.17180505053978,4.6516365939472e-20,2.78375811695453e-19,"LYPLAL1-AS1",TRUE
1.83925690129787,1.52356102970575,0.394361831454575,3.86335823648602,0.000111838808544731,0.000236685445561959,"ITPKB-AS1",TRUE
3.23468275684967,1.78294701694749,0.212197415718494,8.40230316147106,4.37805816795811e-17,2.25485668889107e-16,"SNRPGP9",TRUE
17.575062725515,2.6935128465705,0.235093065641134,11.4572194599823,2.16349378664267e-30,2.08243514343215e-29,"AL033519.4",TRUE
0.821461596523155,1.50304705166968,0.423426305946265,3.54972525457694,0.000385633390320258,0.000769128333004729,"AL513323.1",TRUE
21.9355444333421,2.84744759434085,0.267084147328039,10.6612377515748,1.54527043032033e-26,1.2545875051284e-25,"AC026355.2",TRUE
1.11287963280872,1.92343237409515,0.609168211750477,3.15747331688249,0.00159142800652786,0.00293881707863009,"RPS15AP13",TRUE
1.03491564600305,-1.50934167129956,0.28771624075329,-5.24593838480528,1.55488864332798e-07,4.33800865197385e-07,"AC010731.1",TRUE
8.76181668698409,1.83388769178679,0.243077413854584,7.54445944897155,4.54167320149069e-14,1.99044085475567e-13,"MIR4432HG",TRUE
1057.79069698318,1.75061158926664,0.106526431407504,16.4335889800897,1.09954264992064e-60,2.98467048871539e-59,"FNDC10",TRUE
6.17499644523966,4.11965720330529,0.328517372636001,12.5401502217354,4.5014144296324e-36,5.44967873163912e-35,"CLDN25",TRUE
1.76902523831122,2.57388857752125,0.445184139626053,5.78162685598654,7.39816619583966e-09,2.29980447286401e-08,"AL451047.1",TRUE
8.3677981238209,3.15815775649646,0.290508811152002,10.8711255399549,1.58236574977963e-27,1.34359444738321e-26,"AC245100.3",TRUE
363.129428519684,2.75483708755339,0.207411160280897,13.2820099160648,2.943848668593e-40,4.1426967243715e-39,"HOTAIR",TRUE
137.821705163911,-1.61045336906873,0.15641924676842,-10.2957494192068,7.36438705655683e-25,5.56162634052481e-24,"SNHG26",TRUE
2.62852222986887,1.50919418361859,0.199922043458275,7.54891335398723,4.38904733367811e-14,1.92726913136176e-13,"KRT18P1",TRUE
1.89918617825844,-2.65508449025144,0.148181076064838,-17.917837828966,8.55906937993371e-72,3.31904253762748e-70,"AL445307.1",TRUE
13.5196795619784,-2.20311862476933,0.294905316232346,-7.47059650506118,7.98320976191453e-14,3.45107505332763e-13,"CES1P1",TRUE
8.49654079479757,3.97135897540062,0.326247006671944,12.1728595027203,4.33620852390107e-34,4.86484949029296e-33,"LINC00659",TRUE
6.20831077229339,3.28204088668911,0.317736105097781,10.3294552744614,5.18542125988408e-25,3.9318830213738e-24,"AL691420.1",TRUE
13.0373265268364,4.43851837031063,0.388896151939266,11.4131197960627,3.59596073178312e-30,3.43214651003449e-29,"SRGAP3-AS2",TRUE
2.16753031806329,1.6643468441042,0.41111911911414,4.0483323852475,5.15838557421094e-05,0.000113036109556734,"AL627308.1",TRUE
2.35510803887624,3.18365804247047,0.287734804495219,11.0645566428978,1.86382277991556e-28,1.64942774617912e-27,"AC096543.2",TRUE
7.92642194850804,2.86694899876172,0.308040513964875,9.30705173115193,1.31429880701717e-20,8.08856930142035e-20,"LINC02577",TRUE
2.01911453883496,1.59475174362954,0.220912151488262,7.21894080015909,5.23940562648275e-13,2.16250116514292e-12,"KRT8P18",TRUE
2.43899871298429,2.56088221468729,0.258657824926363,9.90065626437688,4.13552294129992e-23,2.87792921874403e-22,"AL356310.1",TRUE
2.36444221867544,-2.77993191649547,0.232904228264322,-11.9359443888693,7.68813346994093e-33,8.17088994244399e-32,"MYLKP1",TRUE
0.628302598966724,-2.5988622876673,0.360480021499615,-7.20944888112219,5.61787822684561e-13,2.31450576814296e-12,"AC010745.2",TRUE
3.0408374049705,1.68904339552255,0.277041762267733,6.09671040819563,1.08273407021054e-09,3.5798071449584e-09,"RPL35AP6",TRUE
6.38325978189345,1.56110671348516,0.197564242286297,7.90176752341098,2.74975921045693e-15,1.29633651035851e-14,"NECTIN4-AS1",TRUE
41.3697164713554,3.56515545115638,0.212780699350915,16.7550697127693,5.19999232963221e-63,1.51234278266123e-61,"LINC01344",TRUE
1.1581602461774,1.66110277880059,0.342295084627834,4.85283854019303,1.21706775783782e-06,3.14750101433762e-06,"KPNA2P2",TRUE
8.38497828012135,2.05941343940173,0.322047532805913,6.39474993476466,1.60810310963129e-10,5.63221051786793e-10,"AC107419.1",TRUE
1.91773003239674,2.66887059558488,0.493264387045471,5.41062899669432,6.28037641753323e-08,1.81226881179872e-07,"HOMER2P1",TRUE
251.700003809504,-2.73419814109584,0.237182504992225,-11.5278238636761,9.55278779573613e-31,9.31326680063184e-30,"LINC02607",TRUE
2.12441753626133,1.70804003453218,0.485253367005277,3.51989321593641,0.000431720573452037,0.00085488438017021,"SUMO2P8",TRUE
1.98484970039622,2.06928114327861,0.406844161255869,5.08617633073814,3.65354394697105e-07,9.88261197989912e-07,"LINC01205",TRUE
1.41331098950421,-2.92134105715938,0.229018090825995,-12.7559401382792,2.88868550412996e-37,3.67557978650498e-36,"SLC47A1P1",TRUE
1.61565334805474,1.51907809673567,0.370294310991634,4.10235332178785,4.08969117043599e-05,9.0676600696608e-05,"MTND1P9",TRUE
0.444942312642464,-1.72975575250729,0.28273139531296,-6.11801795337443,9.47463947262257e-10,3.14654847367182e-09,"AL136452.1",TRUE
1.48757019504532,-2.81284145161758,0.268317594803177,-10.4832538234435,1.03133126967889e-25,8.10345122871669e-25,"AL161457.1",TRUE
3.93414114083972,1.66361163657594,0.231660706987414,7.1812421632052,6.90808654249402e-13,2.83200052406955e-12,"RAB1AP1",TRUE
10.3212736916354,1.69670555669298,0.190681066580996,8.89813334441502,5.67937607242777e-19,3.20798156374797e-18,"LINC01788",TRUE
2.45766559287459,1.85659957244419,0.315258369968702,5.88913649660914,3.88218708558048e-09,1.23184233652149e-08,"RPS3AP54",TRUE
1.958055774451,2.13980461816371,0.400087947254536,5.34833561682469,8.8766746688551e-08,2.5273255406543e-07,"ASTN2-AS1",TRUE
51.2612845947289,-3.55070883189512,0.200762834491279,-17.686086375959,5.36764604921419e-70,1.97668603655362e-68,"LINC02587",TRUE
10.190721232477,-1.99139617996347,0.15124259822336,-13.1669000887072,1.3607077806708e-39,1.87211182064877e-38,"AL137026.1",TRUE
0.958099473192842,1.57789068080444,0.53675252087872,2.93969868687579,0.00328531559822475,0.0058074304234674,"CYCSP4",TRUE
3.19778208529265,2.01197990269418,0.319720592918248,6.29293185130755,3.11525130633739e-10,1.07117787110836e-09,"KCNQ5-AS1",TRUE
11.9887428015985,-1.64616810477039,0.166808206868797,-9.86862778319523,5.69381741114482e-23,3.93318116941438e-22,"AC114488.1",TRUE
10.8815676949655,1.52494520155131,0.144373738900151,10.5624832685531,4.44738131497769e-26,3.54541886875576e-25,"AC233280.1",TRUE
6.46023657989481,1.63797025372487,0.261440047256978,6.26518496653594,3.72383121434047e-10,1.27293327428271e-09,"LINC00200",TRUE
0.797921678749609,-1.95893607688912,0.46582687008595,-4.20528784981355,2.60750078858504e-05,5.90542761375507e-05,"AL162408.1",TRUE
2.46923086642832,-3.37440610773369,0.198548206833113,-16.995399563442,8.88230612727498e-65,2.75204833060436e-63,"HNRNPA1P66",TRUE
2.37733715830096,-2.31007153971921,0.285895446629246,-8.08012707776682,6.4699316541906e-16,3.14426585063468e-15,"AC105398.1",TRUE
1.1893748048261,1.87733869426809,0.657129151530191,2.85687933627129,0.00427828444810053,0.00744349404522994,"RPL37P18",TRUE
4.39487398671768,-3.66504285710837,0.247583479709626,-14.8032609502332,1.39549737530804e-49,2.7464508307476e-48,"LINC00377",TRUE
1.02775460084987,1.5105826801515,0.299783304991382,5.03891529314791,4.6817761965667e-07,1.2551429321313e-06,"LPGAT1-AS1",TRUE
0.613834805114839,1.77978696744703,0.636853251418716,2.79465789564897,0.00519546625318011,0.00894138981665723,"BX284656.1",TRUE
6.12021827877206,-3.29055224381011,0.291618917105594,-11.283740699917,1.57886453520101e-29,1.46482788777462e-28,"AL353693.1",TRUE
172.443133694135,4.88927484810163,0.30894064102798,15.8259361145652,2.06110701365547e-56,4.98360665038487e-55,"ORM1",TRUE
1.62600722746673,2.48306828699044,0.569436736422379,4.36056918735328,1.29724554816471e-05,3.03332527136142e-05,"AL391839.1",TRUE
2.35233895149041,2.01732929238791,0.558837519114521,3.60986731095717,0.000306353678299934,0.000617601231044194,"PGBD4P8",TRUE
1.68023297602128,1.56140458720865,0.275904712163937,5.65921681787331,1.52065341635061e-08,4.61542907522448e-08,"LINC00452",TRUE
0.743997552838664,1.68325591401932,0.371871197993856,4.52644873574513,5.99831415803135e-06,1.45393260171084e-05,"HMGB1P16",TRUE
17.3754758091493,2.96304230671457,0.407523819667905,7.27084446040277,3.57247099877203e-13,1.49089004357958e-12,"LINC00858",TRUE
11.5822881587833,-3.78693715068018,0.243132279480237,-15.5756247536354,1.06606349487916e-54,2.45655635018603e-53,"AC073850.1",TRUE
2.38404227953066,-2.41035732944153,0.15792136955547,-15.2630219471019,1.348554800613e-52,2.91893807394468e-51,"LINC02766",TRUE
3.36004557658998,-1.78814494971729,0.162459221132514,-11.0067310261124,3.54638841014227e-28,3.10030633546162e-27,"AC136489.1",TRUE
1.24914187741853,1.63047723846481,0.369638695264116,4.41100257996472,1.02893092050805e-05,2.43455175314551e-05,"FO681548.1",TRUE
1.48037763188774,1.76471672425609,0.299966927428645,5.88303763812721,4.02804278411147e-09,1.27643411572872e-08,"AC005189.1",TRUE
1.66921389991358,-2.63285163854486,0.175682607262713,-14.9864103201049,9.00926448565342e-51,1.83935598486661e-49,"AC105053.1",TRUE
1.57295918202618,2.4728345353789,0.862855254862163,2.86587410975891,0.00415859583669458,0.0072478192663438,"LINC00404",TRUE
1.29740098491237,-1.55760039438141,0.305956896939666,-5.09091447181387,3.56340743561505e-07,9.64846153773e-07,"KRT16P4",TRUE
0.829154784751453,1.59758447212146,0.364831504723612,4.37896522486936,1.19244156123244e-05,2.79872629195671e-05,"AL136097.1",TRUE
3.12763342499621,2.38830801731725,0.347600275772653,6.87084615226058,6.38221958204461e-12,2.45877530269611e-11,"RABGAP1L-AS1",TRUE
4.03687761107451,-2.99370643381477,0.220317881495488,-13.5881228227772,4.71006145921315e-42,7.075748436465e-41,"SACS-AS1",TRUE
1.64128605855876,1.61906013897521,0.332723780162628,4.86607881824331,1.13834135348774e-06,2.95221805170837e-06,"AL137027.1",TRUE
2.4812457195745,2.15269729615131,0.385203874969816,5.588462204125,2.29089224076197e-08,6.85251293307136e-08,"LINC01501",TRUE
214.287013976908,-1.7197712930244,0.106774543322379,-16.1065665982947,2.294132841435e-58,5.85886233351092e-57,"MBNL1-AS1",TRUE
1.61466311152206,1.75523682353525,0.459546312783648,3.81949930770441,0.000133722834883326,0.000280400211512624,"MTND5P2",TRUE
2.09404625031474,2.61468237983273,0.50371266718373,5.19082117678614,2.09368633191908e-07,5.78252397041195e-07,"METTL21AP1",TRUE
3.54306902560424,2.58235529907624,0.256590721273866,10.0641024206016,7.9610174337959e-24,5.72662520737718e-23,"LINC01264",TRUE
5.61325035188772,4.93414356054604,0.423698845129659,11.6454024297284,2.42175777996383e-31,2.42231902162779e-30,"PRAC2",TRUE
0.724006340295674,1.68111407866702,0.349013389493428,4.81676098761441,1.45907285496461e-06,3.74664352809807e-06,"H2AL1RP",TRUE
6.54901218486355,-2.20807363890021,0.188933059711304,-11.6870686489396,1.48421324743657e-31,1.49669728409725e-30,"LINC00484",TRUE
1.77316769481018,2.03196547481778,0.51034849923794,3.98152532603101,6.84744233212572e-05,0.00014814557674798,"KARS1P1",TRUE
3.61522435592527,1.82340248841158,0.365357232197315,4.99073872835459,6.01488107437867e-07,1.59745410848676e-06,"LYPD9P",TRUE
5.45209761660658,2.12909790142976,0.18949557982453,11.2356072020322,2.72613096031445e-29,2.50340026057812e-28,"AL109924.1",TRUE
0.768653120635992,-2.65772108017282,0.34662418701502,-7.66744266480648,1.75459411045025e-14,7.8932959982315e-14,"U91324.1",TRUE
1.47038538498705,2.05779726447921,0.403119019528371,5.10468909873499,3.31338801768703e-07,8.99634039024738e-07,"AC092809.1",TRUE
164.516737233633,3.21928470056979,0.216504178746848,14.8693882917337,5.20870756959101e-50,1.03789389983171e-48,"CXCR2P1",TRUE
1.61455881758234,2.50501007595092,0.452404911542547,5.53709743647496,3.0752548536902e-08,9.1065522802929e-08,"AL022337.1",TRUE
1.35894731295555,1.87363658190717,0.476824026061342,3.92940892132422,8.51549222887658e-05,0.00018245973519253,"RPS15AP39",TRUE
10.4263443234717,1.89665376658206,0.209242328322761,9.06438855744537,1.2530505163464e-19,7.3251605425316e-19,"AL671883.1",TRUE
162.276902176597,-2.35757934646929,0.130436803529429,-18.0744949483324,5.06167187940219e-73,2.03788953652051e-71,"EMX2OS",TRUE
1.75818075467087,2.40686738724748,0.439005238726835,5.48254821338276,4.19242691643157e-08,1.22674675059788e-07,"CASC20",TRUE
1.08084345959819,2.16498284427894,0.437887402319141,4.94415421136289,7.64751507408876e-07,2.0132159231331e-06,"AL035666.1",TRUE
3.43367308487104,-2.35843611701258,0.177702930552381,-13.2717907897269,3.3741968159319e-40,4.73748648586925e-39,"RPS4XP5",TRUE
0.881177220515773,-1.665715215525,0.262829677269308,-6.33762226865357,2.33338025303868e-10,8.08775230654911e-10,"PDE11A-AS1",TRUE
2.66554870420095,1.70375573152924,0.39837250849085,4.27679042909754,1.89607143329618e-05,4.35081307145851e-05,"B3GALNT1P1",TRUE
1.28004775496927,2.03559530354924,0.655510476462126,3.10535891742815,0.0019004825921115,0.00347033460295872,"MTND2P2",TRUE
1.14380658949807,2.55132187960745,0.44891498098034,5.68330750298392,1.32114411767326e-08,4.02687712703235e-08,"AC080129.1",TRUE
5.5988284785979,4.93388616503926,0.891083000615632,5.53695465139671,3.07776200201664e-08,9.11272607580697e-08,"MAGEA4-AS1",TRUE
7.80736535365225,2.9519685588977,0.291248337800539,10.1355722102674,3.84117994918477e-24,2.80611588704831e-23,"AC007128.1",TRUE
1.41914832169069,2.95041489114249,0.69639350331258,4.23670651306777,2.26822301921653e-05,5.16986193015344e-05,"GTF3AP6",TRUE
2.1774486133113,1.6514845051204,0.236552457829251,6.98147260981949,2.92101861849646e-12,1.15133482716262e-11,"AL606468.1",TRUE
8.50482107117897,2.03683366381329,0.235432220059134,8.65146522129255,5.08423867830792e-18,2.74328967815689e-17,"MIR181A1HG",TRUE
4.46146488018806,1.52688178307398,0.193847288826853,7.87672498446866,3.36073505111392e-15,1.57491123567944e-14,"SNAP47-AS1",TRUE
5.42195470141147,3.47789252298197,0.517765684449785,6.71711669474161,1.85355528700188e-11,6.91642775976854e-11,"AC006357.1",TRUE
0.615606452090383,1.56986351763306,0.503853169579669,3.11571626897315,0.00183498736931576,0.00335841128231992,"CDK8P1",TRUE
2.3415715744224,1.85595774996115,0.363826986675321,5.10120969013605,3.37489391150352e-07,9.15182339912616e-07,"ANKRD66",TRUE
1.31753086426666,1.74964031892666,0.387835043781607,4.51130022152381,6.44314499268869e-06,1.55529159890629e-05,"AL360091.2",TRUE
0.598513823795174,-1.65397202151638,0.277515941606939,-5.95991715625112,2.52365839029538e-09,8.12722699038564e-09,"MTAPP2",TRUE
1.27442711006129,1.80949820973627,0.475949960424914,3.80186649899246,0.000143610107014932,0.000300213708164509,"AC108025.1",TRUE
29.2542685380362,2.49206376713383,0.173572359087003,14.3574920583103,9.56253977445493e-47,1.690086882332e-45,"AL022316.1",TRUE
1.75022922121641,1.55451803187778,0.31694021043493,4.90476746306362,9.35380855011106e-07,2.44243679002235e-06,"TPRG1-AS2",TRUE
11.3834047364135,1.65502965486569,0.17351201562722,9.53841524394155,1.45031549443034e-21,9.33705500292562e-21,"AC092569.1",TRUE
1.21983731474391,2.2573377549284,0.32722810144154,6.89836155569809,5.2605721666014e-12,2.03811754677304e-11,"ATP5MC1P1",TRUE
2.56093091712579,2.41552706035972,0.351756583348174,6.86704151310451,6.55470006396716e-12,2.52432278719392e-11,"SMYD3-IT1",TRUE
4.45184440549117,4.1642807671344,0.580122478641823,7.17827858848665,7.05946000456994e-13,2.89213378070468e-12,"ATXN8OS",TRUE
1.36678434729847,2.16806908676057,0.422824984388472,5.12758036258483,2.93489715202611e-07,8.00342206870833e-07,"PHBP4",TRUE
46.9468873175575,3.31806428784564,0.368105700034953,9.01388999825477,1.98874166140043e-19,1.14997441192447e-18,"NFE4",TRUE
0.809268865621151,-2.49983809682007,0.419231617183254,-5.96290450041925,2.47793259671506e-09,7.98712254475145e-09,"AC005208.1",TRUE
1.43006022699635,1.60442395347729,0.474369684321242,3.38222278215988,0.000719018077344719,0.00138749978620218,"NAALADL2-AS3",TRUE
13.7282817816641,2.69721866578051,0.289430218993544,9.31906376314033,1.17371379226128e-20,7.24092156575143e-20,"FEZF1-AS1",TRUE
44.594782165509,-1.94219647707204,0.142673774614047,-13.6128484882801,3.35892520786014e-42,5.07602282812478e-41,"AC004160.1",TRUE
1.64457080049319,1.85811432874114,0.331405841563898,5.60676396038382,2.06144488678175e-08,6.18591123642497e-08,"RPL23AP52",TRUE
21.4873484849664,-1.53416496124366,0.118508378516871,-12.9456244397543,2.48732488459299e-38,3.28296458773802e-37,"GOLGA6L5P",TRUE
3.49478025294577,1.79593177070641,0.170490408001647,10.5339167860344,6.02731710023281e-26,4.77231711697025e-25,"LINC01747",TRUE
1.12434965293148,1.5243052778726,0.323279894041604,4.71512551806401,2.41561789659444e-06,6.07422910842555e-06,"BZW1-AS1",TRUE
22.349146664419,1.58441399435001,0.154535667598192,10.2527398300672,1.15035677418302e-24,8.6181910039471e-24,"LINC00595",TRUE
7.3543401971888,2.18893887766196,0.248543782062133,8.80705547932294,1.28476113050514e-18,7.14381478904945e-18,"AL031770.1",TRUE
5.40584464594376,-2.30543021023428,0.180983778157649,-12.7383251344554,3.62084606384213e-37,4.58824768395262e-36,"AC004160.2",TRUE
8.1031328253753,-1.7902021236322,0.229861011958266,-7.78819386715846,6.79738308595088e-15,3.13334459029841e-14,"PROX1-AS1",TRUE
5.26737376329926,1.77862714119328,0.234367912196502,7.58903863811366,3.22287656377906e-14,1.42505227428239e-13,"VAV3-AS1",TRUE
1.47028557990694,2.03088790742184,0.574360928083866,3.53590888258559,0.000406374831272844,0.000807994550962177,"EEF1B2P8",TRUE
49.1636259832928,2.89921626392813,0.276043701442801,10.50274376403,8.39052011737401e-26,6.6083001508369e-25,"AL035409.1",TRUE
6.1930665064689,2.08359842229226,0.253610505244649,8.21574177411256,2.1085675870486e-16,1.0522115511275e-15,"COL6A4P1",TRUE
0.427609497943753,-1.50955439553035,0.419803351819502,-3.59586075000992,0.000323320726210415,0.000650075586659905,"LINC01799",TRUE
3.68998985314492,1.7545604987412,0.190984986749971,9.18690274350299,4.04315047141684e-20,2.42836591074799e-19,"AC073370.1",TRUE
16.3144296922908,2.09473963132268,0.265137030232588,7.90059249545449,2.77580764691289e-15,1.30847376628178e-14,"AL356234.2",TRUE
2.02268432472884,2.15706258087907,0.368453736145583,5.8543647933774,4.78836571630629e-09,1.50917090927252e-08,"AC114763.2",TRUE
2.22621310140936,2.81034170814752,0.423416332490975,6.63730114427607,3.19478525393181e-11,1.17310644512249e-10,"AL139095.3",TRUE
39.8301632873622,-2.21334789910363,0.136322673658299,-16.2360951388872,2.80202240723333e-59,7.32941133916305e-58,"LINC02580",TRUE
9.82463139100564,2.32397120404977,0.268557163022598,8.65354391554328,4.99244201961207e-18,2.69544405262018e-17,"AL160408.3",TRUE
1.30493825014137,1.58901987242564,0.381305763088725,4.167311449882,3.08213261467881e-05,6.92152784481698e-05,"AL353152.1",TRUE
1.00046981466315,1.71496737934851,0.382908338428982,4.47879350547647,7.50661046569599e-06,1.80001837712894e-05,"AL031597.1",TRUE
1.4712716715926,2.13066400195895,0.530485853004771,4.01643887370505,5.90841798827364e-05,0.00012872656253099,"PRB4",TRUE
0.990359272668347,2.09440481123685,0.625648670321916,3.34757334361346,0.000815224128124677,0.00156232287064789,"AL450003.1",TRUE
27.6032022086605,2.29543359127436,0.205750262823419,11.1564066056351,6.66306251210681e-29,6.01262192328249e-28,"AL645608.2",TRUE
0.892012294300192,-2.71174830892484,0.323019380401779,-8.39500188983062,4.65886755066237e-17,2.39548157596602e-16,"LINC00332",TRUE
11.8446528635315,1.91310402295664,0.168900801844456,11.3267906490963,9.6682695525726e-30,9.07530478227563e-29,"KRT8P7",TRUE
5.34834838489668,-1.54170776242134,0.144140748773968,-10.6958495466049,1.06439719269825e-26,8.71219094194126e-26,"AC021188.1",TRUE
4.14561657179378,-1.95879302518238,0.197404135115499,-9.92275579250814,3.31475382793768e-23,2.31834022385011e-22,"MEIS1-AS2",TRUE
2.94480619995933,-1.50980643145261,0.108697704952997,-13.8899568496454,7.28792122411946e-44,1.16714909103152e-42,"RHOQP3",TRUE
5.29971620902341,-2.40063501358887,0.150803456880673,-15.9189654086539,4.68052361765955e-57,1.15765844892943e-55,"PSAT1P3",TRUE
138.399081668052,4.43471483142488,0.212497528927178,20.8694889480085,1.01412064215057e-96,7.71947917375989e-95,"FOXD3-AS1",TRUE
1.51663980821369,2.06217787218686,0.477280888568344,4.32067975395493,1.55549284355894e-05,3.60263327759613e-05,"AL807757.1",TRUE
2.78373740873946,2.61445496829783,0.468391953549283,5.58176746736694,2.38086559578891e-08,7.11079919135349e-08,"AL390774.2",TRUE
0.502366651799541,-1.51414315852984,0.348603622704668,-4.34345216146133,1.40261031404171e-05,3.26536820508335e-05,"AC007349.2",TRUE
3.81283185423456,1.8708751984383,0.347265427434304,5.3874502056276,7.14642656877775e-08,2.05270711239483e-07,"AC068580.2",TRUE
12.6154994945821,1.78743666174573,0.231591082557317,7.71807205186041,1.18102437255446e-14,5.37406556873489e-14,"LINC01293",TRUE
303.865081326156,5.5605818005939,0.151919183937112,36.6022358499222,2.63518114613669e-293,1.89557363778766e-289,"LINC01614",TRUE
611.576684020852,2.36932793334522,0.201258952433964,11.7725343627764,5.40751737365649e-32,5.55554510466589e-31,"STMND1",TRUE
3.73343740711764,2.34912076988582,0.353965527150367,6.63658065461245,3.21043303528382e-11,1.17855141450072e-10,"AL133284.1",TRUE
7.70110520775351,-1.98685634759326,0.204018638619997,-9.73860212494583,2.06373588613133e-22,1.38158586699904e-21,"AL391807.1",TRUE
31.7248083410266,2.02056751398414,0.245789044371915,8.22073871985411,2.02253468052681e-16,1.00986345223898e-15,"MTCO1P53",TRUE
6.71272486063929,-1.50761885998497,0.149569947740152,-10.0796910259283,6.79394221705045e-24,4.89853902585863e-23,"DPP4-DT",TRUE
5.28051707956087,-2.2702426488658,0.253970852660185,-8.93898896305005,3.92747066681547e-19,2.2371602742478e-18,"AL139241.1",TRUE
1.40464679259939,2.40793595907753,0.411055498814569,5.85793394327946,4.68660980804294e-09,1.47785547830155e-08,"LINC01507",TRUE
1.44111796984883,2.09703631276009,0.354440537515514,5.91646860559311,3.28927221213285e-09,1.05026994655363e-08,"AL133387.2",TRUE
66.3671538105552,1.72015432834688,0.176313941103076,9.7562014528463,1.73533549662264e-22,1.16589477014684e-21,"LINC00160",TRUE
2.81820376063184,2.34933945304247,0.395958031410819,5.93330420567971,2.9689800931298e-09,9.51307949662081e-09,"RPL23AP11",TRUE
2.26016732601313,3.43415310851679,0.617618971711869,5.56031026540242,2.6929547335947e-08,8.01129902825662e-08,"AC092625.1",TRUE
25.7261508675137,-2.03460168817703,0.119983484303574,-16.9573479215624,1.69839074046914e-64,5.21726294367603e-63,"CDC20P1",TRUE
5.59380973200093,-2.94998388911873,0.207477982600766,-14.2182985015579,7.05474313789404e-46,1.21695728949443e-44,"SCTR-AS1",TRUE
2.72546473716734,-1.53136055773908,0.134665842747428,-11.3715588637515,5.79433910111586e-30,5.48910613705357e-29,"AC092431.1",TRUE
1.17595784870358,2.039538747428,0.36187760055429,5.63599057886983,1.74054895068956e-08,5.2580732632296e-08,"AL355303.1",TRUE
0.577399527431094,1.61509141749384,0.336451529715493,4.80036877484128,1.58373723344393e-06,4.05253447533289e-06,"AC093833.1",TRUE
24.3807291491709,2.93433892250767,0.16075026150038,18.2540227003036,1.92219690576799e-74,8.11761433003388e-73,"AC096637.2",TRUE
1.10770080659904,1.61498546170377,0.249390006067237,6.47574250135896,9.43468266937883e-11,3.35780410662481e-10,"GAPDHP64",TRUE
7.1019042613977,1.50903681908855,0.141978393044748,10.6286371237695,2.19293605751028e-26,1.76943578691613e-25,"AL590133.1",TRUE
23.5535312155375,1.52526478181708,0.242672238877189,6.28528746787961,3.27247576803737e-10,1.12309203362351e-09,"LINC01508",TRUE
13.5893497022477,4.53888373349298,0.23379074033471,19.4143006989705,5.84259445301293e-84,3.24956670866028e-82,"SPATA20P1",TRUE
38.1315572354764,2.67764327963402,0.183937582236567,14.5573473733618,5.2454003476777e-48,9.73726791422665e-47,"LNCAROD",TRUE
2.02413107668059,3.13770022934922,1.11961508075403,2.80248121277187,0.00507111699268449,0.00873765058103168,"AC022537.1",TRUE
15.9484690165236,2.44673762332547,0.255446459656702,9.57827963876921,9.86747997789418e-22,6.40132926267718e-21,"HAR1B",TRUE
1.1553045802737,1.64654765509521,0.521799714311938,3.1555165898594,0.00160214154642248,0.00295758892829744,"HMGB1P7",TRUE
1.12195086329955,2.28577074173896,0.302153056977957,7.56494329264958,3.8803384649097e-14,1.7089327361786e-13,"DNAH8-AS1",TRUE
1.71810240059483,-3.45333061241571,0.218424696764132,-15.8101655333637,2.64770244815319e-56,6.37694406597609e-55,"TRBV26OR9-2",TRUE
17.2665174977136,-2.36722032171008,0.121513463882444,-19.4811360492547,1.58718364049099e-84,8.9663410894753e-83,"AC002451.1",TRUE
0.764880661233501,1.63536923775173,0.410170630248067,3.98704616359947,6.69010122007608e-05,0.000144894002739103,"AC013448.1",TRUE
4.87431987258895,1.5869885988588,0.165205195943448,9.60616637870183,7.53004829259258e-22,4.91080212010118e-21,"KRT8P10",TRUE
0.485634616470851,-2.77066102170471,0.480042933507171,-5.77169421381207,7.84784366850512e-09,2.4359074630182e-08,"LINC01593",TRUE
33.9366655265964,1.52323656247879,0.16828187141484,9.05169730804685,1.40763041779447e-19,8.20658230879497e-19,"CFAP58-DT",TRUE
149.303893048585,-3.89445079854198,0.160951116211148,-24.1964820761663,2.42275460929894e-129,3.94589014857895e-127,"LINC02884",TRUE
4.81388471137011,-1.61751202182522,0.143753261463887,-11.2520022527041,2.26393554185611e-29,2.0847334752829e-28,"SBK3",TRUE
151.979441979347,-2.17612010727144,0.206119805604158,-10.5575497749622,4.6873734244211e-26,3.73191361368779e-25,"APCDD1L-DT",TRUE
4.25935689945148,-2.01866293359506,0.296898597770713,-6.79916627681084,1.05226313646302e-11,3.9908327741427e-11,"AC106799.1",TRUE
3.79293173288813,2.08872689317273,0.300830105541528,6.94321098419583,3.83286315242384e-12,1.49951390190911e-11,"TBL1XR1-AS1",TRUE
2.33049325223463,1.95010716317292,0.499314228018718,3.90557098865569,9.40031566150233e-05,0.00020039396619107,"RPL13AP17",TRUE
23.1906381160624,4.17395609327312,0.307655801545478,13.5669669556227,6.28702119535208e-42,9.3989551365222e-41,"AP000696.1",TRUE
1.1919333060848,1.63753842330416,0.40343696743356,4.05896969165037,4.92897098689939e-05,0.000108272795090888,"AC006028.1",TRUE
1.3351629960845,2.93458857068726,0.836503172332656,3.508161914681,0.000451214339523318,0.000891114253401044,"AL355516.1",TRUE
246.593002277331,-2.19903833891874,0.194273797005811,-11.3192739978874,1.05340671119268e-29,9.87297147775815e-29,"LINC02613",TRUE
1.47508665407141,2.58989870616109,0.641962616945938,4.03434505031186,5.47548077700196e-05,0.000119729329382615,"NDUFAF4P4",TRUE
3.18738482495701,1.60702323058586,0.267055418353773,6.01756459573873,1.77060668317206e-09,5.7627165708247e-09,"RNF2P1",TRUE
3.68492689599106,2.49166409005272,0.337608441242242,7.38033705817472,1.57889301481747e-13,6.71115053373272e-13,"AC023481.1",TRUE
12.517896503782,2.20019973189471,0.251541762816857,8.74685661440896,2.19378171421003e-18,1.20769921920032e-17,"WASF5P",TRUE
1.37805639364833,2.49174048804668,0.301530444525987,8.26364479369157,1.41290633557261e-16,7.09824670507669e-16,"AL008638.1",TRUE
4.94337387307031,-1.59224802783909,0.21991534982332,-7.24027690253679,4.47769586734436e-13,1.85574566578244e-12,"FILNC1",TRUE
1.72988964948123,3.18087416147819,0.649476525440832,4.8975968135556,9.70158388458218e-07,2.5297266823258e-06,"LINC01445",TRUE
54.7703853367491,1.84220290211795,0.161345894912099,11.4177240339557,3.41048499653687e-30,3.26016683168397e-29,"WASIR2",TRUE
0.923004767102463,1.83082645530594,0.46507041568207,3.9366650588188,8.26217982297124e-05,0.000177287302952888,"AL365204.1",TRUE
2.38953917216466,2.30437566779107,0.331844028392927,6.94415288697773,3.80737996587524e-12,1.49035479164861e-11,"AL022314.1",TRUE
0.423673212021481,-2.57457791151967,0.392371408201997,-6.56158389143954,5.32392088625782e-11,1.92919991379964e-10,"AL136369.2",TRUE
5.03107817835196,-1.72296998031431,0.467004677844152,-3.68940625663133,0.00022477803363869,0.00046011002759525,"LINC01249",TRUE
1.13570245112476,1.83409349016108,0.429319499091028,4.27209454507494,1.93645435955443e-05,4.44135243694171e-05,"FBXO36-IT1",TRUE
1.23164728162012,-1.52380519394844,0.154456204903133,-9.86561332970787,5.8674752259548e-23,4.05184369203535e-22,"RSL24D1P11",TRUE
1.34853694852666,2.33436120619175,0.4195624557883,5.56379908160705,2.63963849437354e-08,7.85593693402028e-08,"EIF4A1P11",TRUE
83.2710757748686,1.83278406374326,0.231653235958058,7.91175679529509,2.53781807316539e-15,1.19812106801376e-14,"LINC02015",TRUE
0.730812620819351,1.70517992309709,0.378074473512254,4.51016940460495,6.47758766493176e-06,1.56325589140268e-05,"LINC01363",TRUE
4.22267738119343,1.72746006859462,0.198520333459264,8.70167825377492,3.2701162565745e-18,1.78249832828689e-17,"AC104462.1",TRUE
10.832774442819,-3.21895223670709,0.164638741158953,-19.5516086557009,3.99716108304489e-85,2.28803013719121e-83,"LUARIS",TRUE
11.0284692497225,1.9037583560074,0.166716491742947,11.4191363799973,3.35551705272063e-30,3.20833221079801e-29,"DLG3-AS1",TRUE
2.07316283390407,-1.53017496487689,0.224984233418907,-6.80125421067974,1.03712225894821e-11,3.9341006060999e-11,"LINC01891",TRUE
2.09417340361021,1.75791751262998,0.399405443676951,4.4013358867783,1.07586426702954e-05,2.54016968079842e-05,"NANOGP5",TRUE
1.36350660587684,1.64616268884053,0.357811070725835,4.60064772591082,4.21179197229909e-06,1.03626121037754e-05,"AC020550.1",TRUE
1.93620588706401,1.79996937666694,0.235829933783798,7.63248900505182,2.30264099753767e-14,1.02826679207166e-13,"COX6CP2",TRUE
0.395633569255235,-2.30109517614104,0.671270176141426,-3.42797171381593,0.000608108817349272,0.00118369082022255,"LINC02789",TRUE
0.692630055631811,1.78385815143222,0.542968480532463,3.28538067197358,0.00101844671413301,0.00192705656212102,"AL353747.3",TRUE
2.10934168987185,1.67381275731492,0.338738579163945,4.9413112655964,7.75989097201443e-07,2.04142932068842e-06,"HMGN2P38",TRUE
1.26164257979395,1.63464534358643,0.376489242070489,4.34181156039614,1.41312710431035e-05,3.28825565139286e-05,"ARHGEF9-IT1",TRUE
1.61507000623047,-1.57508907284707,0.27083464286952,-5.81568537967981,6.03859495943738e-09,1.8888662012561e-08,"TSPAN19",TRUE
2.67840823169463,-1.75253226062177,0.305490752270322,-5.7367768012532,9.64952869189417e-09,2.97056817647755e-08,"ABCA9-AS1",TRUE
1.36082713786947,1.87158741831472,0.474604732214613,3.94346556466361,8.03125279431388e-05,0.000172589559152852,"AL449983.1",TRUE
2.41989206605988,1.88575876392797,0.407981437014904,4.62216805187408,3.79750175299174e-06,9.37858638470609e-06,"ARHGAP15-AS1",TRUE
0.378155826521178,-1.50652527784287,0.33167854629345,-4.54212458019515,5.56901128263187e-06,1.35397998511938e-05,"AL590426.1",TRUE
28.5562289174573,1.66448220650307,0.263293889225054,6.32176542874615,2.58591722126304e-10,8.93508824511352e-10,"DLX6-AS1",TRUE
47.4798402174551,-2.02113987461927,0.16126221618581,-12.5332512625925,4.91074353203711e-36,5.93691010763926e-35,"LINC01354",TRUE
4.49992687011296,1.58181460140783,0.34883439976021,4.53457171223703,5.77204888375457e-06,1.40105522649371e-05,"LINC01611",TRUE
2.53790933216392,1.68061763935595,0.342132521384845,4.91218324570065,9.00678155279924e-07,2.35581293145152e-06,"ITCH-IT1",TRUE
0.531945579762239,-1.62200378984672,0.267877585747831,-6.05501869564261,1.40401357325173e-09,4.60500234224064e-09,"DNAJB6P3",TRUE
136.551120236722,2.20471692881658,0.160219600707653,13.7605943285269,4.39895645874114e-43,6.87396671829354e-42,"PCAT7",TRUE
38.1179505103828,-1.71205169129361,0.360125350969469,-4.75404379804064,1.99387814079256e-06,5.05229733790917e-06,"LINC01198",TRUE
1.54225283974158,-3.38601635626588,0.288822835974485,-11.7235063662522,9.65896889419215e-32,9.83442079436974e-31,"AKAIN1",TRUE
1.44627473987247,1.82505605180256,0.474662488828586,3.84495529930455,0.000120574416179308,0.000254287407881696,"UBE2V2P4",TRUE
125.109469697596,2.29322324113384,0.173940825699001,13.183927533506,1.0858721325418e-39,1.49780253245458e-38,"CYP21A2",TRUE
1.67431361347813,-1.63280040763771,0.158969971456345,-10.2711247456322,9.50894957897924e-25,7.14868949362034e-24,"OR5K2",TRUE
18.7278218862357,2.09688747696334,0.19577699745291,10.7105916642107,9.07797621949042e-27,7.44452695483957e-26,"AL031848.1",TRUE
46.0215975145938,1.64970778066643,0.169752629452646,9.71830472367809,2.5194098055954e-22,1.68012557493043e-21,"AL109615.2",TRUE
4.75252169369724,3.1479908519669,0.42031942260022,7.48952030932212,6.91257876608849e-14,2.99906412891415e-13,"MYO3B-AS1",TRUE
2.0733259219051,2.47958854999112,0.514452625089182,4.81985790151479,1.43660509859587e-06,3.69180565974384e-06,"SETP10",TRUE
1.90585453144615,-1.80574808997588,0.199905996202817,-9.03298612485756,1.67049862842091e-19,9.70242508446327e-19,"AC006033.1",TRUE
0.609851095182862,-2.1578251282853,0.373369981255641,-5.77932141472261,7.50025194557423e-09,2.33086746810904e-08,"AC007402.1",TRUE
4.02090569929329,-3.58351973935132,0.182151679233752,-19.6732731448094,3.65413813386131e-86,2.14283426436759e-84,"PGM5P4-AS1",TRUE
1.78546578723254,1.7792815103203,0.626256144751806,2.84114020314396,0.0044952544741563,0.0078002325053104,"AF131215.1",TRUE
1.64209038973891,2.72894869404099,0.422651439231227,6.45673583651992,1.06985405122481e-10,3.79446962370472e-10,"AC011899.1",TRUE
0.680832413995385,1.66711303688833,0.554895487047993,3.00437303204115,0.00266128810329731,0.0047618753177029,"AL442224.1",TRUE
2.45815174185213,-1.56809106414815,0.151969148309065,-10.318482939439,5.81344226028168e-25,4.40189768339925e-24,"AL590399.4",TRUE
24.1737407347836,2.41928864349046,0.119353679366843,20.2699125517077,2.37077713712544e-91,1.60129485506e-89,"LEF1-AS1",TRUE
4.67715174593325,1.662357587366,0.280797886487711,5.92012143737684,3.21703985401228e-09,1.02773826868371e-08,"AC092168.2",TRUE
63.5678663563547,2.67009234077295,0.291377307739206,9.1636934992988,5.01507648314913e-20,2.99254391003341e-19,"SILC1",TRUE
2.01479068608557,-2.25319757815604,0.265206750893419,-8.49600385572973,1.96229482351164e-17,1.02794810757085e-16,"AC093390.1",TRUE
46.9526056054132,-4.22588835399408,0.214206062134474,-19.7281454683628,1.23622877899681e-86,7.34926089552372e-85,"LINC01697",TRUE
1.09404816534688,1.70900449847789,0.488152661156292,3.50096319137083,0.000463579867938049,0.000914363728187834,"LARGE-IT1",TRUE
1.35577160722043,1.93334800982186,0.683230656097102,2.8297149616587,0.00465894907471486,0.0080680593052479,"USP12-AS1",TRUE
0.742063378745524,1.7463306790308,0.469375558451398,3.7205402956908,0.00019879701801397,0.000409237780095532,"LINC01873",TRUE
2.33454621716014,1.71190209684912,0.350831376515664,4.8795581337426,1.06323780865639e-06,2.76292033365103e-06,"LINC02181",TRUE
4.4073227647474,3.89367847452247,0.391665562767548,9.94133476277401,2.75115744713203e-23,1.92978962161902e-22,"KIF26B-AS1",TRUE
0.77957863680436,2.05994521707638,0.539717764795463,3.81670819721311,0.000135243959200213,0.00028335579024666,"AL596442.1",TRUE
1.53411413104135,2.0281123621534,0.577941500649126,3.50920008318401,0.000449456647911409,0.000887805442739424,"MTND1P32",TRUE
45.1384682793245,-1.70256353730328,0.115230829770017,-14.7752432287552,2.11591970103802e-49,4.13788374702315e-48,"GNG12-AS1",TRUE
0.584094244149193,-2.13019559506779,0.487229408522448,-4.37205874236479,1.23080397145025e-05,2.88421649515652e-05,"AL121902.1",TRUE
0.870725004214454,1.82006297381284,0.389670425887754,4.67077523182916,3.00065134309545e-06,7.48255789045527e-06,"AL390856.1",TRUE
5.63387020253118,-1.72078269114353,0.225526564502438,-7.63006652870344,2.34632596584493e-14,1.04712468913109e-13,"LINC02518",TRUE
1.93250442151761,-2.98648097577368,0.206324597072764,-14.4746725215726,1.75157970214305e-47,3.18174158015547e-46,"AC084030.1",TRUE
1.37402004338573,1.80125448210908,0.487974882119749,3.69128524461029,0.000223123741467998,0.000456897123962556,"MTCYBP3",TRUE
58.3009968886995,1.59298387572525,0.234772585187876,6.78522100206234,1.15908940568791e-11,4.38711731557398e-11,"RAD17P1",TRUE
302.127978465131,2.05011311484424,0.106927975138902,19.1728414587584,6.2405267536314e-82,3.24507391188833e-80,"AJM1",TRUE
0.564291850460986,-3.321504211078,0.315320059918531,-10.533754851931,6.03769840800122e-26,4.77878348229108e-25,"AC010745.4",TRUE
78.4234206823642,1.53480350984618,0.143474142389683,10.6974224364246,1.04648759835574e-26,8.56884931607549e-26,"EMSLR",TRUE
0.730572226656021,-2.90376686600348,0.343344995648017,-8.45728611981955,2.73671859008417e-17,1.42172333110295e-16,"AC018467.1",TRUE
1.39332846779053,1.71254355331256,0.381440982035834,4.48966847812823,7.13341077822792e-06,1.71491120808955e-05,"LARS2-AS1",TRUE
1.58121066112987,2.36419761524219,0.400946380132555,5.89654310998038,3.71195811828939e-09,1.18034415667406e-08,"TMA16P2",TRUE
1.86897470954109,2.16013456474707,0.328922000662474,6.56731553497909,5.12304151445624e-11,1.85947751882879e-10,"NCKAP5-IT1",TRUE
2.66126234863704,1.81856008079523,0.262801970821899,6.91988753017255,4.52002357118663e-12,1.75814903868434e-11,"AL357134.1",TRUE
0.803137700585849,-1.69422036511455,0.329058539576349,-5.1486898571172,2.62312190396658e-07,7.18271420982093e-07,"NPM1P13",TRUE
3.55880187720078,1.65595543135442,0.283198458402314,5.8473320818786,4.99519662302978e-09,1.57240672635085e-08,"RPL12P11",TRUE
0.674033199501479,1.71141308975284,0.567868157601053,3.0137507568353,0.00258039699796915,0.00462576567670495,"MRPL45P1",TRUE
1.23687840101073,1.75794488037899,0.355850216822916,4.94012592172679,7.80721359535098e-07,2.05312782583078e-06,"AC074366.1",TRUE
12.0551486721755,-2.80307337629791,0.177276515412153,-15.8118709056358,2.57698877955497e-56,6.21009691376842e-55,"AL109809.1",TRUE
9.3281075432882,1.79272468157205,0.170661243585166,10.5045799732346,8.22882972792241e-26,6.48450412738965e-25,"AL365436.2",TRUE
1.13769591206372,2.01910637579877,0.352623956964391,5.72594781472169,1.02857838141177e-08,3.1592259423379e-08,"AC092810.2",TRUE
0.636333974394667,1.52198742252822,0.485843969486596,3.13266710737718,0.00173225787662526,0.00318226993935244,"LINC00945",TRUE
0.85105143182987,-1.70942841613349,0.343591835752183,-4.9751718121918,6.51897932221373e-07,1.72581210542075e-06,"AL008707.1",TRUE
11.8046281899115,1.52138296579283,0.118013520698061,12.8915988337075,5.01923201891149e-38,6.5546158528357e-37,"TONSL-AS1",TRUE
1.3259141608026,-2.3229259521378,0.178066059376813,-13.045304423917,6.758649219825e-39,9.08450016591863e-38,"LINC01412",TRUE
7.07666815822503,3.10171884176923,0.308487761762333,10.0545928436502,8.76831341306176e-24,6.29370375698895e-23,"LINC01517",TRUE
1.26231324419897,1.72609490309922,0.376220504644218,4.58798731539511,4.4753982437832e-06,1.09805120915061e-05,"AL731563.1",TRUE
0.592630117954943,-1.87994483901164,0.262753940524373,-7.15477315110808,8.38114025914775e-13,3.41899823804175e-12,"LINC01656",TRUE
0.348214617118575,-1.56905036979666,0.511931680245439,-3.06496048270425,0.00217698759425425,0.00394519585858303,"AC004862.1",TRUE
1.68743636230128,1.56404452579024,0.359786180772512,4.34715008350797,1.3791785056762e-05,3.2144585973099e-05,"AL121830.1",TRUE
43.1455522167985,5.77977377181212,0.223873955767993,25.8170886916469,5.70105757471499e-147,1.26183407653692e-144,"LINC01705",TRUE
7.53076306462848,-1.55069005301969,0.128742382331048,-12.0449072398881,2.06308356034714e-33,2.25253444129984e-32,"MARK2P9",TRUE
1.36026501583354,2.63066174754077,0.39572650298207,6.64767643237675,2.97755969371581e-11,1.09632721703442e-10,"LINC01022",TRUE
3.93981259524743,2.73532186684684,0.557624478694928,4.9053116772216,9.32791003711641e-07,2.43596900346067e-06,"MROH4P",TRUE
7.329174901681,1.86536072823498,0.210018251472023,8.88189819294572,6.57289793140838e-19,3.70250945862158e-18,"YWHAEP1",TRUE
11.9786061704904,-1.75087756670977,0.0919824714829068,-19.0349045691291,8.7652030229484e-81,4.42463347918658e-79,"RHOQP2",TRUE
0.712154033833121,-2.38024049705636,0.524464140051541,-4.53842372678225,5.66762882393044e-06,1.37679326864883e-05,"LINC02022",TRUE
11.4393015883814,3.43512976620032,0.283614989861488,12.1119471431252,9.13007081535382e-34,1.01351300512004e-32,"AC004990.1",TRUE
9.69985489254197,-1.53823461881655,0.141111453722458,-10.9008487846918,1.14187084679312e-27,9.7629052590315e-27,"AC002480.1",TRUE
0.959208961408045,1.8975233267786,0.44473178602737,4.26666900454427,1.98413199379778e-05,4.54635468530007e-05,"AL355483.2",TRUE
1.01707629409199,1.73634391148094,0.44748260905014,3.88024892222433,0.000104349615278096,0.000221438141205574,"AL158819.1",TRUE
1.99674219630381,2.13252276971662,0.358901350861024,5.94180758751836,2.81896189321298e-09,9.04851965722684e-09,"AC016825.1",TRUE
1.23173076488048,-1.83165780301479,0.232493935619424,-7.87830357009001,3.31855678543543e-15,1.55615939656012e-14,"GAPDHP74",TRUE
1.3673663308037,1.79093061318772,0.390261662621242,4.58905084644674,4.45265970962526e-06,1.09290714892758e-05,"FTH1P25",TRUE
0.720098620349376,1.55790902569671,0.407383945419838,3.82417874639409,0.000131208702591424,0.000275436167502231,"LINC01717",TRUE
4.13019155069766,-1.80524227063998,0.146061507874202,-12.3594662064887,4.33022560531379e-35,5.05661626421382e-34,"COL4A2-AS1",TRUE
12.7912441310872,-3.33419515469674,0.174887627031157,-19.0647858358942,4.95301320295739e-81,2.52685638108323e-79,"AC003986.2",TRUE
1.52897610323846,2.36033995614423,0.537245943965012,4.39340674910324,1.11588065947552e-05,2.62975916036711e-05,"PRR13P1",TRUE
1.40639853610352,2.91031571256546,0.778766698041591,3.73708290285679,0.000186167555354287,0.000384412577221847,"AC107057.1",TRUE
1.68121129599131,1.9266529174581,0.388171462938415,4.96340689981058,6.92672521312329e-07,1.82938110511811e-06,"HMGN2P35",TRUE
0.786621625882367,1.56486837728335,0.527120483666199,2.96871099828916,0.0029905171037745,0.00531395768450358,"AL117329.2",TRUE
1.68589990570077,2.30126287554777,0.319742063235292,7.19724784491153,6.14400255144479e-13,2.52595875519487e-12,"AC092685.1",TRUE
2.64698568525045,2.83218050084924,0.398643950313101,7.10453651340952,1.20727001133949e-12,4.88201758544106e-12,"RNF14P1",TRUE
1.71844642929538,2.16528868720459,0.349907712470128,6.18817079486192,6.08663617295514e-10,2.05169647941849e-09,"HMGN2P27",TRUE
2.52883422228766,1.58793410052829,0.199592509794371,7.9558802189734,1.77862413961317e-15,8.46552909855587e-15,"HSPE1P6",TRUE
0.624469834836758,-3.67624892182096,0.333967400933876,-11.0078076828488,3.50427069837862e-28,3.06534907462548e-27,"AC083864.2",TRUE
2.84067700767213,1.69566933757232,0.26479914690955,6.40360574179468,1.51749669433097e-10,5.3252424853504e-10,"RPL35AP20",TRUE
8.54825139353842,-1.72415533051981,0.144650492150308,-11.9194570643301,9.37172704003912e-33,9.92111206887635e-32,"AC002480.2",TRUE
2.03418844840423,1.50090080596095,0.352297786370353,4.26031858282279,2.04135720375792e-05,4.6730124596474e-05,"POLHP1",TRUE
0.875719195227759,-1.52059598758143,0.313793774259599,-4.84584498583283,1.26073928085502e-06,3.25517512333709e-06,"LINC01219",TRUE
1.28718163350861,-1.51778258257784,0.26248289233731,-5.78240573723708,7.36398340266596e-09,2.28950816639578e-08,"AC018742.1",TRUE
2.21866704402911,1.64406718259515,0.317712510502419,5.17470080103323,2.28276489540437e-07,6.28422840194237e-07,"TBC1D3P7",TRUE
10.3544846063267,1.88169103069056,0.170233494221142,11.0535887153097,2.10623272029938e-28,1.85937828202334e-27,"AL121832.1",TRUE
33.6145044408968,1.61128776667945,0.180617257632787,8.92100670665348,4.62068621247877e-19,2.62406338066558e-18,"AC006970.1",TRUE
44.5917891871522,2.08877813525718,0.150937925437173,13.8386567140584,1.48964331237475e-43,2.36197668486753e-42,"AC243772.2",TRUE
1.45107529842041,1.85580306764565,0.316668566881069,5.86039557359234,4.61765847582632e-09,1.45675125953267e-08,"FAM204BP",TRUE
112.546467835865,1.88246421277681,0.302286995917855,6.22740719315746,4.74217474089381e-10,1.61007128553317e-09,"PHGR1",TRUE
1.95367674808869,1.98782503275089,0.4792289813809,4.14796498121412,3.3544369218556e-05,7.50259094922981e-05,"AL049820.1",TRUE
7.6024069158232,2.40395344085283,0.39663104906274,6.06093105049011,1.35335842337283e-09,4.4442630718079e-09,"AL513304.1",TRUE
0.406429603458004,-2.42362904589409,0.243396157963262,-9.95754849285631,2.33755594243536e-23,1.64609095244755e-22,"AL353621.1",TRUE
3.99539049970227,2.86675786962324,0.287992894234051,9.95426598023434,2.41599127985929e-23,1.69938369685018e-22,"LINC01399",TRUE
132.860251102161,2.3911508932112,0.250302807946553,9.55303263606127,1.2595419514421e-21,8.12947968061027e-21,"HOXB-AS3",TRUE
0.955939886138115,1.71577216732388,0.425554209077244,4.03185335904514,5.53387139157381e-05,0.000120944849736847,"AL358075.3",TRUE
191.590907537277,-1.56282401145661,0.112690172181546,-13.8683257040273,9.8550383947067e-44,1.57149154156539e-42,"LINC00702",TRUE
1.43056931415908,-1.81645109345181,0.177320210400417,-10.2439033280526,1.26046159340722e-24,9.4283400990391e-24,"UBE2E2-AS1",TRUE
18.2961591298873,2.01430940309336,0.177178118324129,11.3688384443071,5.97777739792699e-30,5.66039650053815e-29,"AL138889.1",TRUE
28.4364979052359,2.04677525952842,0.147243358764809,13.900628705419,6.2787412841251e-44,1.00814908416235e-42,"RNF224",TRUE
0.421462370323585,-1.73408401473501,0.357277755803325,-4.8536019569312,1.21238964331328e-06,3.13634242420289e-06,"KCNJ6-AS1",TRUE
5.05423339867764,2.95825019571789,0.346449405254098,8.53876540370507,1.35663488742378e-17,7.16499776568899e-17,"MROH3P",TRUE
12.0403342474566,1.6965379182391,0.283115482873672,5.99238833927038,2.06781413194897e-09,6.69920867249044e-09,"AC133785.1",TRUE
1.23390932528653,1.92424285306736,0.335074451686024,5.74273222976258,9.31609837433922e-09,2.87119969891803e-08,"AMMECR1LP1",TRUE
1.99061886900091,-2.25661220354148,0.319937060524642,-7.05330042052966,1.74723051279008e-12,6.98827438902974e-12,"AL157944.1",TRUE
13.7326027181753,-1.63701208267073,0.250113746450663,-6.54507041656603,5.94673589267322e-11,2.14653442441897e-10,"AL122008.3",TRUE
2.38505645212926,1.86683321975685,0.30357625855092,6.14947041204052,7.77420866957635e-10,2.59701893327334e-09,"TLR8-AS1",TRUE
2.24690076883677,2.55811787796194,0.559502178985809,4.57213210965318,4.82786377766705e-06,1.18036934597015e-05,"AL139120.1",TRUE
2.50118098718159,2.76227715237431,0.396800645597875,6.96137262632795,3.36973151295478e-12,1.32348359358566e-11,"AL139393.2",TRUE
2.58371204259104,2.63031891427586,0.383471563590347,6.85922807326012,6.92336298986821e-12,2.66155114137981e-11,"AL121956.1",TRUE
1.5583216884634,1.77748491396116,0.516283472836066,3.44284682249661,0.000575625249697131,0.00112385713276614,"AL133480.1",TRUE
0.501636057319609,-2.20262906321758,0.461734790921503,-4.77033376415431,1.8392091587414e-06,4.67850929989267e-06,"MTND4P20",TRUE
1.28900224008867,2.28526161834813,0.292660201033095,7.80858350496964,5.78342716352827e-15,2.67537745313912e-14,"LINC01648",TRUE
2.35004660108401,2.14034793112248,0.34899684714186,6.13285749900334,8.63144586205555e-10,2.87404106932817e-09,"AC002069.2",TRUE
3.40184120321686,1.72103726581608,0.209992280745239,8.19571681258142,2.49104176765849e-16,1.2383478771267e-15,"PPIAP65",TRUE
2.22612294170673,2.29761034768752,0.528305491763188,4.34901848174885,1.36748188743831e-05,3.1878858302818e-05,"AL513128.1",TRUE
1.19560065708602,1.84773266827815,0.457255265475357,4.04092157661053,5.32415620858833e-05,0.000116526664281274,"RPL35AP31",TRUE
1.83909578254892,-1.78681484788788,0.194785075155409,-9.17326364179736,4.58910350818872e-20,2.74862208456044e-19,"RAD1P2",TRUE
5.73690885666023,1.53211972945338,0.262358137534002,5.8398025838052,5.22627144900556e-09,1.64310806919493e-08,"AC008163.1",TRUE
284.840182476859,1.93785469343239,0.127440536622698,15.205952083909,3.2290180586699e-52,6.90264583517547e-51,"TMEM238",TRUE
141.459745981865,1.6027585359834,0.263745211359774,6.07691994755153,1.22512883482119e-09,4.03514655913329e-09,"AL021395.1",TRUE
7.88933887380761,3.22074013008973,0.310090437701774,10.3864542033613,2.85780525782553e-25,2.19980158601301e-24,"LINC01518",TRUE
24.4420116018982,2.6018482720952,0.187826229173681,13.8524224414328,1.22993172182549e-43,1.9566477373383e-42,"LINC00460",TRUE
9.18190163359269,4.95925706935828,0.539842067377261,9.18649614219962,4.05845678786301e-20,2.43706438297283e-19,"MKNK2P1",TRUE
4.70549417301996,2.03198397891379,0.30618956892459,6.63635925302941,3.21525654068605e-11,1.18012137338218e-10,"AC011294.1",TRUE
13.9784399724039,2.71895936312693,0.13901524185745,19.5587140431337,3.47736876982343e-85,1.99313726567834e-83,"AL391845.2",TRUE
59.8973150755557,-1.67603300264377,0.0847031040108963,-19.7871497416218,3.84161786647853e-87,2.32544498060608e-85,"B4GALT1-AS1",TRUE
1.41289777604026,-2.9001914219825,0.253345864530538,-11.4475577778098,2.41863900388858e-30,2.32335765430294e-29,"AL020994.3",TRUE
1.92765463291023,1.62763633471431,0.378358379634105,4.30183768174589,1.69387382806675e-05,3.9049030242154e-05,"AL356273.1",TRUE
3.31213181082455,3.27565299913537,0.257158607241365,12.7378703527543,3.64201116517968e-37,4.61371299938818e-36,"AL138789.1",TRUE
322.243166421643,-2.28674870825655,0.125484028831119,-18.2234243637024,3.36427025199685e-74,1.40972722404062e-72,"TWIST2",TRUE
5.91331249397572,1.67640444457021,0.231836463009015,7.23097834918671,4.7952680448983e-13,1.98431226095696e-12,"DDX11L10",TRUE
3660.18761387119,2.79426939525791,0.229772307614873,12.1610363940873,5.0118772003683e-34,5.61413495893838e-33,"CYP2T1P",TRUE
1.94692543370692,1.91880550680801,0.336528130921601,5.70176853136542,1.18570764353226e-08,3.62687043903985e-08,"AC015923.1",TRUE
5.92717458765212,-1.64802375618482,0.313910207058607,-5.24998461065375,1.52111917737015e-07,4.24791353576808e-07,"PANTR1",TRUE
0.927362486863898,-1.76850116173954,0.305365308438068,-5.79142788283764,6.97905253095826e-09,2.17311815335227e-08,"ARHGEF7-IT1",TRUE
0.532898558766536,-2.19143000264405,0.378921492390782,-5.78333519383489,7.32339326694997e-09,2.27705247029437e-08,"CEACAMP1",TRUE
43.6778713770269,2.38316370236199,0.16748686410758,14.2289588802095,6.0576907141069e-46,1.04579972488342e-44,"AL356417.2",TRUE
6.74823901531806,2.34668391832588,0.283472582212813,8.27834529889079,1.24898619420901e-16,6.28717566387459e-16,"PBX1-AS1",TRUE
1.05962526393692,1.51780673799558,0.291228534448921,5.21173771954612,1.87079918156009e-07,5.18385289394797e-07,"AL512353.2",TRUE
7.52258172678101,2.20743201788735,0.239413804189698,9.22015347176183,2.96675283349412e-20,1.79284587361532e-19,"MYCNOS",TRUE
1.45303083621837,-2.31948925857163,0.257080913044858,-9.02240944728133,1.83997072452506e-19,1.0666640224379e-18,"AP001628.2",TRUE
27.3754861649813,-1.84758715581132,0.189308554294962,-9.75966016270242,1.67716277898287e-22,1.12733757266626e-21,"AC004947.1",TRUE
5.15260324575851,-3.04774994031827,0.282137933075777,-10.8023402138545,3.35540647139195e-27,2.80657642064489e-26,"CAVIN2-AS1",TRUE
19.2671663344799,1.87181622942771,0.147219398700073,12.7144672913733,4.91447184597604e-37,6.20563501674447e-36,"LINC01136",TRUE
3.37311323567616,-1.63353620700039,0.13669494826944,-11.9502309901059,6.47450327925778e-33,6.90315122363552e-32,"AL162727.1",TRUE
2.52736067303719,1.84153357538546,0.325411834330888,5.6590860598909,1.5218123319993e-08,4.61862177407283e-08,"ENOX1-AS1",TRUE
178.285958257036,1.65435584224676,0.121911479477097,13.5701399847055,6.02069432042423e-42,9.00392123594975e-41,"H2BC15",TRUE
45.5992830682432,2.81462246427409,0.25225241838256,11.1579602777306,6.54765853569143e-29,5.9133070182139e-28,"AL356311.1",TRUE
1.45224221766653,2.07055254563364,0.471093569301915,4.39520443614177,1.10668550537433e-05,2.60908649215908e-05,"AL513188.1",TRUE
5.49552543784915,3.00918264387092,0.458663680805834,6.5607606832615,5.35339784225303e-11,1.93933734154474e-10,"POU6F2-AS2",TRUE
1.6818754299329,2.27764727409747,0.699263516604681,3.25720879183963,0.00112513639234093,0.00211778834249606,"AL606517.1",TRUE
1.20062751980835,1.53775819796262,0.265764755832085,5.78616300399969,7.20123385456175e-09,2.24002201871511e-08,"RPSAP13",TRUE
4.82867699813486,-1.61479276625809,0.163936704721705,-9.85009896959516,6.84765134491699e-23,4.70837393733658e-22,"AL591368.1",TRUE
95.177444252738,1.68769915131484,0.150226186075133,11.2343872623563,2.76404813310101e-29,2.53713988567928e-28,"KRTAP5-AS1",TRUE
25.5587124435817,2.41855715250929,0.145347046546429,16.6398782085793,3.58346188712545e-62,1.01751457268641e-60,"UBE2SP1",TRUE
3.62659321994034,1.77592969516337,0.227054683843759,7.82159462689359,5.21583409719455e-15,2.41877511158179e-14,"LINC02574",TRUE
0.266171608127613,-1.79107894796826,0.464515744730087,-3.8557981473997,0.000115352643720753,0.000243858743288975,"LINC02590",TRUE
2.04285922075684,2.15631296197369,0.646781688776886,3.33391158004403,0.000856338748844826,0.00163697317743568,"DTD1-AS1",TRUE
6.32639870970771,1.62807453237853,0.227498665063558,7.1564135636738,8.28150559759372e-13,3.38027030066337e-12,"KDM3AP1",TRUE
3.78987584341792,1.69563354357269,0.281264076202446,6.02861754144607,1.65368106236434e-09,5.39477510594443e-09,"SETP5",TRUE
8.54893004940232,4.48090331901574,0.485580805414296,9.22792513429902,2.75924778277867e-20,1.67002011365485e-19,"PAGE2",TRUE
19.7774738479071,-1.54693234934742,0.135959504469278,-11.3778904636783,5.38874689028652e-30,5.11385918612063e-29,"TPRG1-AS1",TRUE
12.3595839367071,2.2765778123539,0.330496811056648,6.88835031441102,5.64430807748559e-12,2.18228376443858e-11,"LINC02433",TRUE
27.5896700597524,3.45369016924808,0.240923810490245,14.3351965180209,1.31872730373969e-46,2.31932642336613e-45,"AL138878.2",TRUE
1.71812257305181,1.78251357092763,0.290542870866875,6.13511378065912,8.5098265704928e-10,2.83529500372448e-09,"LINC01675",TRUE
0.827623717842106,1.71697999143076,0.475268532913567,3.61265236918812,0.000303080904822706,0.000611517547199664,"AKAP8P1",TRUE
1.14519189840333,1.70688530994626,0.266210595337613,6.41178578103385,1.43824841333767e-10,5.05742231706484e-10,"LINC01283",TRUE
14.8079259241285,4.03013611671681,0.282232285239549,14.2795007073559,2.93698094966599e-46,5.11335610276661e-45,"KCNH1-IT1",TRUE
7.12143452145544,-2.79221887495542,0.221525653171341,-12.6044944907385,1.99447255667517e-36,2.45666197334761e-35,"BOK-AS1",TRUE
49.5586476890335,1.9829733298056,0.128300785788533,15.4556600539763,6.91001093184485e-54,1.55088960904016e-52,"AL138720.1",TRUE
3.64205608025276,2.87239889322325,0.256340655279068,11.205397326055,3.83628547341223e-29,3.49533631058628e-28,"DEPDC1-AS1",TRUE
1.32215964741765,1.78066686261595,0.47195607532802,3.77295039878096,0.000161328370355868,0.000335385215767991,"COX7BP2",TRUE
0.626301575634291,-2.36595204181747,0.287331665873275,-8.23421962430326,1.80731860600069e-16,9.04183042019124e-16,"AL109809.2",TRUE
1.45987842175393,2.22412923738743,0.644273495395081,3.45215076094905,0.000556136896262953,0.0010882693345443,"BACH1-IT3",TRUE
0.922726421733431,2.01722625762399,0.605289412010784,3.33266404069869,0.000860187442791491,0.00164382067880809,"LINC01878",TRUE
17.4589854306037,1.54782851629696,0.178647192618753,8.66416367146692,4.54839545097049e-18,2.46247801886461e-17,"LINC01505",TRUE
4.7263473873806,-1.79278089759059,0.11917715567431,-15.0429911458026,3.83808527863463e-51,7.94492856718803e-50,"JAZF1-AS1",TRUE
10.3551060077104,1.71088043196991,0.145254545266791,11.7784984203249,5.03826012778596e-32,5.18605550000578e-31,"AC026462.1",TRUE
1.69261298674624,1.51248027309935,0.428704531605858,3.52802492531125,0.000418672731184704,0.00083045705583583,"AC003080.1",TRUE
1.64577717909369,1.75684401789695,0.531085727315876,3.30802340852972,0.000939569557174508,0.00178642388051329,"AL391863.2",TRUE
2.51129961642705,-1.81248486256866,0.189221555792599,-9.57863841134086,9.83326799580462e-22,6.38009390707949e-21,"AC015983.2",TRUE
2.11811331994378,2.47344597920988,0.466321946860169,5.30415948866237,1.13193317900621e-07,3.19475778223307e-07,"AL139042.1",TRUE
2.14377560352259,2.01347340059196,0.344871900606961,5.83832256860686,5.27289957761481e-09,1.65716409939456e-08,"AL022724.2",TRUE
833.338454109315,-2.21881854833976,0.0946794781614532,-23.4350525734426,1.87782624496739e-121,2.55668708936255e-119,"MAGI2-AS3",TRUE
1.29540013683948,2.06224883354807,0.4441194968029,4.64345485481646,3.42630886803149e-06,8.49442763767243e-06,"AL772337.3",TRUE
1.27064311169218,-3.4750540236211,0.316048155288211,-10.9953308237225,4.02435054406767e-28,3.51245641015088e-27,"AC147651.1",TRUE
15.5155592448679,2.79834706925876,0.332142623691618,8.4251368829341,3.60328754209346e-17,1.86182078674433e-16,"RHOXF1P1",TRUE
0.960104050254084,2.01236118887147,0.427295613761572,4.70952924406652,2.4828958921743e-06,6.23686338646507e-06,"HRAT17",TRUE
0.585452236211603,-2.1629036137967,0.249716689145413,-8.66142996368664,4.658827222141e-18,2.52068425357409e-17,"SYNE1-AS1",TRUE
2.23193548608464,2.79958016128323,0.328463194649913,8.52326898990041,1.55111982880698e-17,8.16319129512368e-17,"AL161449.1",TRUE
114.296144478893,2.73173033527184,0.211035630954354,12.9444033830605,2.52718900065429e-38,3.33252298405864e-37,"MCIDAS",TRUE
0.300642738762292,-1.51225433196367,0.537251381117656,-2.81479840743768,0.00488078404301562,0.00842922009109497,"AC053503.3",TRUE
1.6141356313315,-2.5073146616787,0.255533891721052,-9.81206306839232,9.99047851178519e-23,6.8096818156767e-22,"CHL1-AS1",TRUE
3.25216095400366,1.58533746840086,0.232882797969299,6.80744770427335,9.93454047285832e-12,3.7744257641599e-11,"ACTBP13",TRUE
1.69209785423272,-4.61154279951647,0.338577628799836,-13.6203411190016,3.03148455555563e-42,4.58922740855072e-41,"AL049749.1",TRUE
3.74339629262949,1.57907055285078,0.290048182356976,5.44416634511898,5.20485643330041e-08,1.50999263064627e-07,"AL355601.1",TRUE
6.79845436376656,2.53923762402744,0.267960947176389,9.47614811331424,2.63843042718987e-21,1.67635296978529e-20,"RIPOR3-AS1",TRUE
9.53022043045108,4.00915061941149,0.291799462710123,13.7394037061481,5.8959379451848e-43,9.1601397305319e-42,"AF015262.1",TRUE
0.853934313266415,2.04552468255483,0.738019365041215,2.77164093443618,0.00557745222438759,0.00955299325909096,"AC060834.2",TRUE
3.03205123403467,3.85979294368937,0.364013843705757,10.6034234972925,2.87267771354216e-26,2.30755202152391e-25,"LINC02676",TRUE
3.33831326186808,-1.96400876808697,0.177711658340544,-11.0516596740287,2.15199144039091e-28,1.8986089649892e-27,"LINC02817",TRUE
0.721991496741418,-1.68116270744858,0.250746945525554,-6.7046188894742,2.01932690248279e-11,7.51328871647907e-11,"LINC02621",TRUE
1.85494739766853,2.60158040158453,0.43231550826339,6.01778180948232,1.76823308801393e-09,5.75542534530023e-09,"PCMTD1P3",TRUE
2.22622633518124,1.93093530254593,0.249766768900321,7.73095360542757,1.06743923658566e-14,4.8674778078222e-14,"RPL26P29",TRUE
14.2617120584246,-2.32984316177202,0.222751465895071,-10.4593841948924,1.32715384425572e-25,1.03711678287302e-24,"AL603840.1",TRUE
1.2730094475231,1.76727929955443,0.298315465150777,5.92419604750024,3.13828884931822e-09,1.00384307964555e-08,"H2AC5P",TRUE
2.56835695174471,2.26321719057865,0.348603339628531,6.49224184997859,8.45683510701292e-11,3.01874950970703e-10,"AL353705.3",TRUE
45.4513593821837,-1.52955332255324,0.200046582036724,-7.64598578481313,2.07350575815158e-14,9.28634518229969e-14,"LINC01239",TRUE
1.98941461831113,-1.54173141970162,0.238173905609492,-6.47313321648857,9.59912495663407e-11,3.41407691082263e-10,"MTCO2P16",TRUE
123.662763657836,1.81485546332032,0.126409437965549,14.3569617310927,9.63597966807823e-47,1.70236955576855e-45,"AL021392.1",TRUE
4.93953485039315,-2.62338755985369,0.171527795632049,-15.2942416719517,8.35280738928642e-53,1.81798873888856e-51,"AL022329.1",TRUE
15.6841781312682,2.94062248724256,0.263154394292567,11.1745140914245,5.43469874703452e-29,4.92362716041163e-28,"OR7E62P",TRUE
1.87426377086889,1.98698256412543,0.344887640384611,5.76124607396657,8.34952051226866e-09,2.58530242707164e-08,"AL360091.3",TRUE
1.83385084430419,1.56758549245158,0.337080203479158,4.65048221839139,3.3115979850883e-06,8.22373814939073e-06,"CDC42P1",TRUE
1.90820761086214,-2.0250186289468,0.229827097041364,-8.8110525478305,1.23976231243029e-18,6.8971566646676e-18,"LINC02623",TRUE
11.2337537525629,-1.6833631784946,0.195794747069054,-8.59759111872855,8.14067401294799e-18,4.34303449195099e-17,"LINC01524",TRUE
140.542109084976,1.6837486990458,0.113832508010001,14.791457453418,1.6631310929923e-49,3.26424456450877e-48,"AC104667.2",TRUE
1.11460982222398,1.9394866844701,0.286181258247355,6.77712683335031,1.22589264051894e-11,4.63346408308936e-11,"LINC02539",TRUE
10.8439035382588,2.57913173838736,0.226685738472442,11.3775650632777,5.40888710646027e-30,5.13184364728128e-29,"SHISA8",TRUE
0.8837486376075,2.06399212707787,0.37415930628056,5.51634582497917,3.46120853062062e-08,1.02074315122368e-07,"AL357558.2",TRUE
9.41837701498356,4.0974766483903,0.442025225698748,9.26978011699007,1.86530057629621e-20,1.13902621495394e-19,"Z82185.1",TRUE
48.8729853394133,2.31991850448078,0.123844281798978,18.7325443757381,2.68758878478496e-78,1.26082969512303e-76,"ACTG1P25",TRUE
3.15709341262119,-2.14959037960933,0.367107387026902,-5.85548113596474,4.75631009543983e-09,1.4994509771666e-08,"LINC01883",TRUE
2.11721118047271,1.70194626115406,0.355535592711826,4.78699262758075,1.69299050606883e-06,4.32056943246989e-06,"AL137077.1",TRUE
17.7610179152467,1.95931129392311,0.426915651158376,4.58945763315725,4.44399181591597e-06,1.09096574014523e-05,"DPP10-AS1",TRUE
19.7105308245055,1.8776206001778,0.16831707041362,11.1552595085202,6.74955970983356e-29,6.08927669474115e-28,"AC068580.3",TRUE
13.1945327911716,2.41295457178571,0.244971511862582,9.84993950292173,6.85852459973967e-23,4.71509910361204e-22,"MNX1-AS2",TRUE
24.3812286244463,-2.06008305205688,0.137041913752148,-15.0325035286848,4.49684093871333e-51,9.29074461057287e-50,"DAAM2-AS1",TRUE
8.35637787247803,1.51546360801753,0.261712415090595,5.79056827507758,7.01486753898028e-09,2.18379748256195e-08,"C19orf81",TRUE
77.9106210932175,2.42240491619816,0.18564978628534,13.0482504971752,6.50234615234087e-39,8.75362632361298e-38,"LINC00940",TRUE
0.455450785301476,-1.76459959626629,0.40602111474233,-4.34607839886885,1.38593050817364e-05,3.22897493834139e-05,"MLIP-AS1",TRUE
2.22509228248563,2.6415880140329,0.376998087439043,7.00690030545584,2.43655749437604e-12,9.65230118928591e-12,"VDAC1P4",TRUE
5.4543794929818,2.34666167653346,0.230666764346678,10.1733844629934,2.60689835307245e-24,1.91970197779572e-23,"FNDC1-IT1",TRUE
3.40753478895786,2.43761373888204,0.379030693320636,6.43117769045677,1.26619034679702e-10,4.469150749735e-10,"AC118555.1",TRUE
867.227672989247,7.0206217731996,0.366811079842877,19.1396120755318,1.18146409311146e-81,6.11414751303247e-80,"DSCAM-AS1",TRUE
3.70619204380468,2.01072590344755,0.249196923036034,8.0688231578076,7.09789842542132e-16,3.44401681890033e-15,"KRT8P17",TRUE
1.88630285315941,-1.8095838139575,0.187461911710925,-9.6530745762796,4.77036048336083e-22,3.14046306378666e-21,"AC013474.1",TRUE
1.24611034897462,2.12984160864732,0.692756533860547,3.07444463465149,0.00210894861367203,0.00382945105667402,"COX6CP17",TRUE
42.4814033971314,2.16122274265264,0.220458677943916,9.80330083990818,1.08965406534829e-22,7.41205192441798e-22,"LINC02532",TRUE
9.44716875390945,-2.10979428097196,0.108766513651382,-19.3974616832371,8.10769873743475e-84,4.49201896672251e-82,"LINC01366",TRUE
1.46460725378846,1.52021277843719,0.262097907881832,5.80017135856952,6.62471870983708e-09,2.06546889775748e-08,"TUBBP6",TRUE
3.06639016295258,2.48249963768866,0.230371624666382,10.7760651568254,4.46582958528331e-27,3.71592837672696e-26,"FAM83C-AS1",TRUE
2.42370367963027,3.58437964359667,0.593058988202179,6.04388385455971,1.50447833427814e-09,4.92478459669658e-09,"LINC00383",TRUE
2.28789884164616,-2.47718879404704,0.288063739809704,-8.59944676023257,8.01012910761182e-18,4.27497430795754e-17,"AL928921.1",TRUE
6.9482295216025,3.92664876515055,0.463725005436127,8.46762352497595,2.50450265520713e-17,1.30359786057332e-16,"AF127577.3",TRUE
1.61419047689973,2.75848781376396,0.820106926941497,3.36357092367388,0.000769410636694141,0.00147885829791668,"AC069079.1",TRUE
3.46793288814177,1.87526082747832,0.322400172685945,5.8165627265499,6.00700077108903e-09,1.87939219485468e-08,"THRA1/BTR",TRUE
10.7784069626161,4.12959936514783,0.265809285614979,15.5359484737095,1.98119174546379e-54,4.51946277664997e-53,"LINC01281",TRUE
3.82230911185916,-5.10911080074381,0.351641071988079,-14.5293346191284,7.89839019039326e-48,1.45246919734714e-46,"GXYLT1P6",TRUE
0.712623023870418,1.66921926627085,0.534405666000007,3.12350592905358,0.00178710264613283,0.00327632954749354,"AC093083.1",TRUE
1.56515347321718,2.67039236315378,0.441244030944168,6.05196257825791,1.43091714863778e-09,4.68896698316046e-09,"DUSP5P2",TRUE
3.62344714613354,3.53897958827362,0.443002945124226,7.98861413275982,1.3646409381229e-15,6.54348437833401e-15,"LINC01665",TRUE
3.62687052252485,2.36524960276287,0.347510455245047,6.80626889655743,1.0016242265593e-11,3.80322218040151e-11,"Z84478.1",TRUE
0.845719946519461,2.17936188863116,0.604233423521939,3.60682114525899,0.000309971160254112,0.000624485612499065,"AL606490.8",TRUE
6.29921881113375,1.64190028333587,0.270806040869584,6.06301202906543,1.33595669188818e-09,4.38945575684331e-09,"LINC02154",TRUE
119.845292099756,-1.78030791770653,0.157762292840631,-11.2847492620113,1.56086015719391e-29,1.44937014596578e-28,"SPAAR",TRUE
0.512603926496696,-1.84888333253669,0.46281645243027,-3.99485222020117,6.47346182314456e-05,0.000140321737877012,"AL157896.1",TRUE
1.74947590891741,-2.80286366761416,0.317325022201886,-8.83278490982332,1.02101239506206e-18,5.70519095946122e-18,"AC006159.1",TRUE
1.09957318370214,-4.15915880877801,0.276151172716392,-15.0611665627416,2.91595895137599e-51,6.04480251399557e-50,"AL391883.1",TRUE
1.1466445529781,2.0034076084693,0.521759838058958,3.83971218620877,0.000123178629965643,0.000259449986302141,"LINC01967",TRUE
144.940351414165,-1.67325996016461,0.0974778099773771,-17.1655473235698,4.80928079268932e-66,1.55249483180607e-64,"CASP4LP",TRUE
0.448178598311495,-1.51817342919562,0.32446831700879,-4.67895738847897,2.8833735250235e-06,7.19759406246468e-06,"BX842568.3",TRUE
1.52253607165839,1.82226858581211,0.335254365777034,5.43548055396253,5.46489453755465e-08,1.58309180643573e-07,"AL355990.1",TRUE
38.0733983772599,2.74944150408588,0.156642981494257,17.552280209801,5.71392374285575e-69,2.02473685337975e-67,"AGAP1-IT1",TRUE
1.1183922271119,2.16264225229126,0.379506289522052,5.69856761798305,1.20818213597223e-08,3.69273712828847e-08,"AC007731.2",TRUE
2.35175132801582,3.06968702418691,0.505707513482974,6.07008387722967,1.27843460980834e-09,4.20494114916385e-09,"BARX1-DT",TRUE
23.7454743258907,1.62983333112897,0.22115797965538,7.36954340814952,1.71213411756235e-13,7.2683729142427e-13,"LINC00494",TRUE
1.47390194824536,2.82270235731488,0.425067480467455,6.64059822739368,3.12412551907359e-11,1.14774648794021e-10,"LINC01647",TRUE
5.54061015047112,2.04194605453849,0.169894067508169,12.0189367674083,2.82584112164466e-33,3.06671618833753e-32,"G3BP1P1",TRUE
2.02155775017542,2.75410132902039,0.503901595370097,5.46555389847021,4.61463543343674e-08,1.34481880693538e-07,"CHN2-AS1",TRUE
11.7382681553985,1.75482428498622,0.221489456578068,7.92283439626259,2.3215668558637e-15,1.09818967009072e-14,"AC004522.2",TRUE
5.73969769310483,2.25142814396077,0.205878587026584,10.9357081592466,7.77961956028685e-28,6.69661707662506e-27,"AC013268.3",TRUE
0.731092187019952,-1.571139819909,0.445921073469772,-3.52335853446834,0.000426114504313429,0.00084436444636002,"OR2AF1P",TRUE
3.3762909489499,1.93271289052006,0.318529109644679,6.06761778437146,1.29821405783234e-09,4.26739670495383e-09,"PHACTR2-AS1",TRUE
2.21656318908737,3.08158461548347,0.266902179144843,11.545745431367,7.75660581442449e-31,7.58267512911803e-30,"SEPTIN14P12",TRUE
75.2989626071438,1.75901394806069,0.151326202732186,11.6239878904102,3.11260378016989e-31,3.09396543418085e-30,"LINC00607",TRUE
1.32062936536405,1.84276420775037,0.548646246070037,3.35874750068941,0.000782965726693083,0.00150357289272852,"DPYD-AS2",TRUE
4.45290282842885,-1.83993155746108,0.211667783221553,-8.69254418153572,3.54411941529377e-18,1.92747220216833e-17,"AL031429.1",TRUE
1.36378491823536,-4.96603675003434,0.424178660284835,-11.7074176873953,1.16782387743746e-31,1.1848443476775e-30,"CNN2P3",TRUE
2.21946960253935,2.13167716829134,0.405016847690486,5.26318147120727,1.41583702891658e-07,3.96724833915729e-07,"Z93022.1",TRUE
1.16399455759776,1.6888370639061,0.427629766143825,3.94929726042057,7.83809654125212e-05,0.000168640202751965,"KIF3AP1",TRUE
3.29714418233712,-1.61380250806207,0.236945261846913,-6.81086633884549,9.70127354632712e-12,3.68937321578534e-11,"AC012363.2",TRUE
1.98448145138022,1.67274159400276,0.394272929045357,4.24259813640496,2.20946872085095e-05,5.04207000433178e-05,"Z99127.1",TRUE
2.01892406132683,-3.10851952677797,0.162025537914523,-19.1853677314614,4.90459383399631e-82,2.56273934473705e-80,"ARHGEF7-AS2",TRUE
1.30319987176405,1.74931504743049,0.577483218752824,3.02920498920894,0.0024519824791999,0.00440819610123163,"AL158832.1",TRUE
8.36823860297577,1.82856143464336,0.293174874813064,6.23710144264338,4.45752948735467e-10,1.51593233531028e-09,"AC108472.1",TRUE
19.8558195836708,-2.82124830926093,0.146602931831873,-19.2441465802089,1.58044788734623e-82,8.34909801932233e-81,"RBMS3-AS3",TRUE
2.05805409426844,2.27966055698706,0.452592949040727,5.03688924411839,4.73158373963527e-07,1.26818079986747e-06,"MACROD2-AS1",TRUE
1.01428547313837,-1.50129161149794,0.229579991237347,-6.53929640560815,6.18089195414061e-11,2.22584311006015e-10,"LINC01779",TRUE
4.05534140074056,2.77083096400258,0.302939126083835,9.14649421427256,5.88111301510776e-20,3.49722840633854e-19,"AC007405.2",TRUE
1.20334296342175,1.60619724358106,0.532557652699434,3.01600631488357,0.00256127925677969,0.00459263866732909,"MTND1P21",TRUE
1.89947247750178,2.32107037196318,0.527868043332061,4.39706551908672,1.09724231455892e-05,2.58795443993459e-05,"COX5BP3",TRUE
192.752019845877,3.0157208427194,0.218204305819558,13.8206293931396,1.91389102769879e-43,3.0257705771238e-42,"AC018816.1",TRUE
1.37111830626091,2.40872550896339,0.269512839162507,8.93733121007644,3.98682022259062e-19,2.26916999613624e-18,"RPL23AP20",TRUE
1.57435459371208,1.58732643882519,0.434922685578887,3.64967496858079,0.000262572340061376,0.000533601195830538,"AC007731.3",TRUE
1.81082758119176,2.12680391469668,0.406740711733569,5.22889362520913,1.70527441676268e-07,4.74255066869497e-07,"MTCO1P46",TRUE
5.02223315443956,-3.56900291107176,0.228888908441572,-15.5927298328779,8.15719743448707e-55,1.88471435370697e-53,"LINC00445",TRUE
38.6821381340288,2.31156579716015,0.206711856946762,11.1825505866143,4.96423902820765e-29,4.50592127144988e-28,"AC019117.1",TRUE
0.61471342542793,-1.57624448474602,0.308221375534659,-5.11400120128518,3.15405348387751e-07,8.57613232307397e-07,"GSTM5P1",TRUE
7.96340464026145,1.80304138826047,0.234400084981519,7.69215330447779,1.44679111252935e-14,6.5516214895359e-14,"AL109946.1",TRUE
12.8544926435191,1.75153988531417,0.285442406851423,6.1362286866712,8.45034890699062e-10,2.81569565989126e-09,"AL136987.1",TRUE
33.2091069706695,3.7392914983703,0.293193028868218,12.753684877177,2.97350590191611e-37,3.78127621469356e-36,"ELFN1-AS1",TRUE
0.514650045433325,-1.50936048903257,0.343826217282181,-4.3898935368091,1.13406169106235e-05,2.66939913755732e-05,"LINC00545",TRUE
9.08138628692916,3.18110449733631,0.56953298934024,5.5854613461836,2.33080627581634e-08,6.96755775482984e-08,"LINC01639",TRUE
2.37827539984755,-2.05547748913087,0.204146550503579,-10.0686368888454,7.60243963722783e-24,5.47507583418577e-23,"ADORA2BP1",TRUE
5.22636948027421,-1.84296339554756,0.156414981733909,-11.7825247627671,4.80324347118133e-32,4.95089032527117e-31,"AL021408.1",TRUE
1.48773200792861,2.68351120679989,0.855512015324624,3.13673117236306,0.00170842694577266,0.00314076359754432,"GJA6P",TRUE
1.75926667576412,3.39249269509728,0.773913294695997,4.38355655387713,1.16757320577391e-05,2.74408949908528e-05,"LINC01953",TRUE
16.1982502310699,2.67644906339088,0.321321077868576,8.32951601290714,8.1173517504354e-17,4.12996465341025e-16,"AC009262.1",TRUE
0.884550780285497,1.81857892957946,0.490720203110556,3.70593857365547,0.00021060934267419,0.000432337656590632,"AC073127.1",TRUE
1.38601910457131,1.6550213384345,0.533360178055533,3.10300882317124,0.0019156392909233,0.00349682760092411,"MYO16-AS1",TRUE
3.05495143181728,1.69098632960695,0.315802716620276,5.35456549488839,8.57622527909968e-08,2.44468584007623e-07,"SHANK2-AS2",TRUE
10.406530945626,3.54166126353015,0.367011659275477,9.64999659826013,4.91573602953773e-22,3.23419461943366e-21,"SCUBE1-AS2",TRUE
2.30995223715324,2.2204675663424,0.423713785712053,5.24048931429242,1.60151362023073e-07,4.46203136331795e-07,"AC004865.1",TRUE
3.83704333333689,2.41406192211326,0.375276833813775,6.43274965198412,1.25315962714633e-10,4.42532887478609e-10,"NDP-AS1",TRUE
8.03694334172795,1.92043940184352,0.248489958463741,7.7284386609278,1.08873621090048e-14,4.96144597850964e-14,"GACAT3",TRUE
2.16558510539281,1.51058024425468,0.341594400837836,4.42214579791017,9.77254730675709e-06,2.31736246228029e-05,"LINC02646",TRUE
24.6033304279935,-1.91068224721918,0.123902170082118,-15.420894129238,1.18452935315016e-53,2.63935399493861e-52,"AP001189.1",TRUE
11.4725032307885,5.63765300735875,0.36758278059904,15.3370976686427,4.32086058235767e-53,9.48567358771907e-52,"TLX1NB",TRUE
6.42624021429801,3.45557247955942,0.405983578093659,8.51160654277063,1.71539807988586e-17,9.00250256905078e-17,"AC019117.2",TRUE
2.68791972456658,-3.52147959644464,0.18943899518281,-18.5889900495216,3.94536911935288e-77,1.80002252844895e-75,"AC105021.1",TRUE
1.89725401655628,2.44684200607079,0.457424867536174,5.34916699927183,8.83599800558516e-08,2.51607622828433e-07,"AL831737.1",TRUE
247.069504964669,-5.52901311736052,0.243909713669909,-22.6682776760712,9.2128536918944e-114,1.04638622458464e-111,"TRHDE-AS1",TRUE
2.1106009360008,2.95019699404762,0.579740169691388,5.08882625059101,3.60286521764142e-07,9.75041778238047e-07,"AL513123.1",TRUE
5.37924346243044,2.39904192011145,0.394825086122154,6.07621451735521,1.23052772337598e-09,4.05169183253792e-09,"AL359313.1",TRUE
1.99427832252418,1.85726318976722,0.455903426515946,4.07380835884606,4.62505442212153e-05,0.000101923588899038,"POU5F1P5",TRUE
7.4691314633289,3.59179697489626,0.281231471713149,12.7716750654415,2.36019887674017e-37,3.01468433027836e-36,"AC026355.3",TRUE
1.47009008693212,1.67943388964382,0.385460558167772,4.35695391929787,1.31885020268726e-05,3.08117217429804e-05,"AC092800.1",TRUE
0.899920446015697,-3.43501906209027,0.211312209336157,-16.2556582645246,2.03669029176754e-59,5.36979554017637e-58,"AL353611.1",TRUE
64.5429078894009,-1.90195296326825,0.153450467735968,-12.3945726026773,2.79632639733296e-35,3.2939259636706e-34,"VLDLR-AS1",TRUE
9.90150431419973,-1.50914302885736,0.112611853514348,-13.4012804315051,5.94289243846699e-41,8.5755679586839e-40,"NDUFAF4P3",TRUE
5.09019003649368,2.44075179220674,0.321489640684238,7.59200759007972,3.1498656314875e-14,1.39376871698791e-13,"CHCHD3P1",TRUE
13.0135575475935,-1.69861469284958,0.0786145955558382,-21.6068616882101,1.54820415408838e-103,1.39791822783377e-101,"UBE2L5",TRUE
30.9901194597539,2.74021424836133,0.261511218078496,10.4783812659953,1.08586363508835e-25,8.51951908569592e-25,"AC010894.2",TRUE
1.84291409730281,2.01086889279953,0.3910053550165,5.14281675941414,2.70649574255747e-07,7.40021262266584e-07,"AC067956.1",TRUE
11.0709194056049,2.91522385340211,0.33371714043624,8.73561318903574,2.42337908913987e-18,1.33053099462252e-17,"AC123023.1",TRUE
2.67015649299177,-2.47999961356095,0.180215700888462,-13.761284956497,4.3571317420411e-43,6.81107591403454e-42,"AL035670.1",TRUE
5.02170793755539,2.50844648055752,0.235548356422525,10.649390718133,1.75510004775371e-26,1.4214696577416e-25,"LINC02195",TRUE
4.7414156350013,2.74671703623536,0.392338031972648,7.00089415860364,2.54334032946864e-12,1.00586977567916e-11,"SIX3-AS1",TRUE
2.34743364839797,1.99862107107695,0.220207833129586,9.0760671074803,1.12568964406117e-19,6.59312865214819e-19,"ARF4P2",TRUE
2.34739846279286,2.18057051555422,0.42570426979322,5.12226601958539,3.01885581439972e-07,8.22458129967756e-07,"RC3H1-IT1",TRUE
2.4557857941674,-1.62592472928131,0.231203269333723,-7.03244696308522,2.0294245956306e-12,8.07950978206961e-12,"AC003986.3",TRUE
3.29120525856837,2.49328716281659,0.435055027061024,5.73096966528526,9.98581255978471e-09,3.07102515377161e-08,"RPS27AP7",TRUE
2.79212720951095,2.33860923837571,0.366400522411971,6.38265803493108,1.74040265307556e-10,6.08126445164679e-10,"YWHAQP5",TRUE
0.776047750797808,1.87789876073234,0.350977046282863,5.35048881578108,8.77169740214443e-08,2.49859068028349e-07,"HNRNPA1P73",TRUE
2.1959804157315,1.89599144568694,0.493256449811638,3.84382494422724,0.000121131426654283,0.000255387249005855,"AC241520.1",TRUE
4.35759998427586,2.51076195599399,0.304217673565622,8.25317584795874,1.54239842706633e-16,7.74068792002126e-16,"AP004290.1",TRUE
3.98603655710513,1.87552196908571,0.186824055900366,10.0389746922417,1.02736444931989e-23,7.34731559778729e-23,"UST-AS2",TRUE
7.01402603994806,1.82620489521381,0.252486072074145,7.23289360166182,4.7280982829287e-13,1.95820671616162e-12,"BAK1P2",TRUE
1.83314633902423,2.36427196214612,0.382537556111919,6.1804963313312,6.39003814359484e-10,2.14960285485232e-09,"LAMTOR5P1",TRUE
5.62598105728132,2.92937056908102,0.302006962567935,9.6996789218794,3.02448895704944e-22,2.00949728119233e-21,"DLX2-DT",TRUE
3.61450055278961,2.53563383463183,0.312153365504235,8.12303859205844,4.54654671004145e-16,2.22936782555543e-15,"FRGCA",TRUE
4.10090209395441,-1.88411864102439,0.193746807163683,-9.72464356242334,2.36733035747655e-22,1.57992853299347e-21,"SDK1-AS1",TRUE
1.92540237951184,2.1002816637497,0.568439539692856,3.69481979540787,0.000220042790620789,0.000450887662877713,"DAPK1-IT1",TRUE
2.45255180266427,-1.66292719119864,0.177210108903682,-9.38392962730176,6.35587067664191e-21,3.97506706859679e-20,"SMAD9-IT1",TRUE
8.30284687480966,-1.611921979629,0.181983774248636,-8.85750384222006,8.18259937797946e-19,4.58829399965692e-18,"LINC01844",TRUE
9.64077466711252,-2.86246527693365,0.234323227199439,-12.215883637081,2.55707954882786e-34,2.89820255586687e-33,"LINC01186",TRUE
0.573417865004864,-1.6610354192682,0.337261166852712,-4.92507167299699,8.43294386921333e-07,2.21148291040981e-06,"MTUS2-AS2",TRUE
1.09618292636271,1.62352651338076,0.352557711359437,4.60499504356481,4.12475684713079e-06,1.01583170055444e-05,"AC019118.2",TRUE
4.98743365089115,1.56626540784162,0.192118539783516,8.15259896107126,3.56185263828824e-16,1.75490365146713e-15,"AL359979.2",TRUE
2.6769795056571,-2.96261282895327,0.190910222723828,-15.5183561502571,2.60642886972796e-54,5.9238267518409e-53,"LINC01474",TRUE
2.23137965798039,2.74857125252551,0.457712834793421,6.00501240863394,1.91317272255068e-09,6.21360032397378e-09,"RPL23AP23",TRUE
0.822670541749114,-1.80964012711416,0.26998330901119,-6.7027851971366,2.0448394882135e-11,7.60427988206916e-11,"AL160287.1",TRUE
1.19550123128698,2.20120038185148,0.622393079063011,3.53667233119833,0.000405202048789705,0.000805811197795866,"TIMM9P1",TRUE
3.64632609665411,-2.34638732986068,0.168695035704515,-13.9090478866882,5.58175250042127e-44,8.99247621941702e-43,"CLCA4-AS1",TRUE
0.759116779220214,1.68833791464599,0.441349999140805,3.82539462542823,0.000130562772843469,0.000274160225548513,"AL157937.1",TRUE
6.11647477813008,1.60370937487179,0.251699680969292,6.37151929909455,1.87164734367787e-10,6.52822849144473e-10,"AL162411.1",TRUE
0.984598757237668,-4.24913295041556,0.345764885690922,-12.2890817612227,1.03676983888612e-34,1.19388970774613e-33,"AL136131.2",TRUE
0.550757278182254,-1.70806887507974,0.35872055231525,-4.76155844446476,1.92103645984092e-06,4.87602526503964e-06,"OR52N3P",TRUE
1.30598097816191,2.09188984813438,0.350089015261081,5.9753084414098,2.29655252171906e-09,7.41780841709192e-09,"AL451164.1",TRUE
3.48300728043976,1.61870873869183,0.232836241944439,6.95213393402088,3.5980155355844e-12,1.41044823356787e-11,"GAPDHP21",TRUE
2.01193344183561,1.67761641580035,0.351761439151037,4.7691879469484,1.84970027874049e-06,4.70371248651348e-06,"GLIS3-AS1",TRUE
3.74119308635765,1.58945076368594,0.26247020132137,6.05573796828773,1.3977537178327e-09,4.58551614941161e-09,"AL121601.2",TRUE
1.8938066568149,1.78551995127163,0.426870254265164,4.18281651961278,2.87919753837601e-05,6.486745128446e-05,"AL163193.1",TRUE
104.394374726136,-1.78382047370698,0.122637291379209,-14.5454979773745,6.23752789838096e-48,1.15392929315955e-46,"HAND2-AS1",TRUE
6.20017502281128,2.37269506306086,0.285668818474151,8.30575445977684,9.9187160564669e-17,5.0192494430427e-16,"C4orf51",TRUE
1.46841269191017,2.08829854687836,0.349652663786389,5.9724943155421,2.33653289945137e-09,7.54148668414007e-09,"HUNK-AS1",TRUE
1.16348226577182,1.88388082177431,0.401687922013172,4.68991154210639,2.73323182760438e-06,6.83827304829068e-06,"DNAJC19P1",TRUE
2.24686017141472,-1.56022658969036,0.144917039147549,-10.7663432738354,4.96324139422014e-27,4.11711509849205e-26,"MCFD2P1",TRUE
6.62509542504713,-2.92753492643875,0.26748115397579,-10.944826889388,7.03519893251499e-28,6.06914223320701e-27,"CNTFR-AS1",TRUE
1.41774685255718,1.56942728931559,0.396090859950819,3.96229110035626,7.42339513621374e-05,0.000160068811989901,"AC128709.3",TRUE
3.12797595794867,1.89750210728575,0.303855001840922,6.24476179687558,4.24446458000681e-10,1.44575085844127e-09,"AL157832.2",TRUE
14.1546154911133,-1.79551317452277,0.183515486615907,-9.78398721346463,1.31909248244888e-22,8.93471932556399e-22,"Z99289.1",TRUE
28.7937842848231,-2.72354699492823,0.152144097771978,-17.9011018817837,1.15611708796606e-71,4.45517977826922e-70,"BMS1P10",TRUE
2.45611591931314,1.57802324015777,0.398618935037165,3.95872624568284,7.53505426105581e-05,0.000162395356989498,"CREB3L2-AS1",TRUE
1.56638479359737,1.63805105040302,0.428033968870106,3.8269183511931,0.000129757531301113,0.000272641792072247,"Z99127.2",TRUE
4.25039349563601,1.71271372794601,0.282261494444449,6.0678263300384,1.29652992324841e-09,4.26218535207566e-09,"MAPK6P3",TRUE
3.50934751077123,2.19902261743104,0.360005469489919,6.10830335590947,1.00695824968079e-09,3.33719711711762e-09,"BX276092.7",TRUE
2.20896379327439,1.8914917988346,0.272738262013335,6.93519048215584,4.05674171103275e-12,1.58437220385643e-11,"CATIP-AS2",TRUE
295.405089708494,1.62336507925973,0.173721993622529,9.34461460756116,9.22247227499979e-21,5.72557398430654e-20,"CKMT1B",TRUE
1.1599585154929,1.73834489349561,0.455252193674104,3.81842178390473,0.000134308153104945,0.000281518622711943,"AL022400.1",TRUE
2.98466860094498,1.59500153296574,0.344013155319477,4.63645505499492,3.54435218808113e-06,8.77447748294033e-06,"RAI1-AS1",TRUE
1.84464530426804,1.68674164615089,0.398673423906951,4.23088559458271,2.32773047183204e-05,5.29933786075908e-05,"AL356320.2",TRUE
208.090653938464,1.58747464343513,0.140141937756196,11.3276201888749,9.57715754794299e-30,8.99369277130591e-29,"RNF223",TRUE
1.54945902292379,2.23611856958643,0.512375949479264,4.36421454180086,1.27580323311526e-05,2.98496598586517e-05,"AL445489.1",TRUE
1.08655681499401,1.79624672107272,0.333138877163501,5.3918856194954,6.97221452341334e-08,2.00466843535087e-07,"AL080313.2",TRUE
2.11329612131018,1.67604398224373,0.239820954448175,6.98873034718873,2.77384963948999e-12,1.09472705230786e-11,"AC004461.1",TRUE
2.51115202130015,1.63575150654166,0.280163238806248,5.83856580724673,5.26520860665924e-09,1.65486748808195e-08,"PATE4",TRUE
16.4096084657044,1.72235919961839,0.139114860553236,12.3808426559813,3.31840244828735e-35,3.90038806285627e-34,"UNQ6494",TRUE
6.0798416224411,1.51560330665343,0.212244368774951,7.14084107579066,9.27615521657408e-13,3.77518961949399e-12,"HLA-DPA3",TRUE
1.22654730508326,2.35103368723702,0.455635618734562,5.15989881073509,2.47083352015782e-07,6.77732282999754e-07,"PRSS56",TRUE
131.724651898134,4.71809614194508,0.234804175127467,20.0937489266696,8.36974743946846e-90,5.4733075679918e-88,"LINC01522",TRUE
0.745767964570232,-2.41217706633432,0.370446255596551,-6.51154392814647,7.43822686081566e-11,2.66506617393993e-10,"LINC02790",TRUE
182.750054637478,6.47038282666958,0.344778260512301,18.7667946843729,1.4114901533334e-78,6.70186083804946e-77,"HNRNPA1P57",TRUE
8.19435827454203,2.74891072744322,0.381716188829023,7.20145177985759,5.95747957966502e-13,2.45114221790603e-12,"LINC01351",TRUE
1.82517764640456,1.77241568521863,0.465671177152999,3.80615286532173,0.000141145163796648,0.000295232396503991,"RPS27AP8",TRUE
14.5225834930582,2.902530046238,0.241060770610185,12.0406569633499,2.17218835066381e-33,2.36926078379201e-32,"VN1R48P",TRUE
21.3162145296737,1.82954294307449,0.156375736290354,11.6996599758766,1.27965213290809e-31,1.29647385108716e-30,"UNC5B-AS1",TRUE
476.826146360168,2.11312365735448,0.199354941983591,10.5998057350813,2.98599834397577e-26,2.39813339274273e-25,"SHISA9",TRUE
2.71745036066303,2.42934878812713,0.287021977416348,8.46398178284158,2.58400203082431e-17,1.34400491263409e-16,"AC012668.3",TRUE
3.70731070117269,2.79118191789978,0.299499513381524,9.31948732198497,1.16903799351149e-20,7.21310647604804e-20,"AL031681.1",TRUE
5.07347353767164,-3.93282491078247,0.286207598659072,-13.7411617623305,5.75449226198732e-43,8.95004994693235e-42,"LINC01497",TRUE
0.836115497421934,-2.33008769971664,0.220716323432778,-10.5569341835575,4.71820600263975e-26,3.75507599251211e-25,"LINC01888",TRUE
8.64996163150451,1.88855123734061,0.179538556388935,10.518917358617,7.06810575561315e-26,5.58205753727838e-25,"AL590666.3",TRUE
40.5494553207519,2.60735461137733,0.145575142580027,17.9107130871879,9.7281264723579e-72,3.75887142835244e-70,"AP000251.1",TRUE
0.345703361142069,-2.7730377480613,0.393191484662388,-7.05263937860292,1.75555415926299e-12,7.02026475621151e-12,"AP002856.4",TRUE
0.76996334033101,1.72906170577227,0.456968161445883,3.78376843651729,0.000154471551439092,0.000321657362865404,"AC013410.2",TRUE
2003.95004115396,3.17203413609637,0.109355314214671,29.0066757054849,5.42014250161241e-185,3.16126149148097e-182,"KIFC1",TRUE
1.95625713706828,-2.33200891583178,0.47589619961081,-4.90024698188157,9.57162523676661e-07,2.49689540778995e-06,"OR11Q1P",TRUE
2.6859797921722,3.41420317638212,0.547114400875049,6.24038257980685,4.36501958370044e-10,1.48575903180214e-09,"AP004289.2",TRUE
2.45080562144195,3.0802145920321,0.399420106567465,7.71171641433587,1.24136732393472e-14,5.63854069680305e-14,"AL161646.1",TRUE
3.07167954864352,-1.57233580338242,0.144593290146484,-10.8741961801238,1.52998384605678e-27,1.30065201488696e-26,"LINC00211",TRUE
0.761297216997195,1.90793744792251,0.363085278645767,5.25479153282866,1.4819223163863e-07,4.14569400928395e-07,"AC104852.1",TRUE
7.81407024881334,-3.07138093740258,0.178965216413024,-17.1618876503595,5.12214319658839e-66,1.6497888086922e-64,"AC002066.1",TRUE
0.891503718209944,1.75260383714763,0.528565748686322,3.31577261959082,0.000913901541757099,0.00173999693600231,"RPL21P109",TRUE
0.742742411322447,1.56071782018042,0.341280886278376,4.57311816433627,4.8051896114627e-06,1.17509198045629e-05,"AL139161.1",TRUE
4.51357021351145,1.55820395387726,0.303404155067148,5.13573702882351,2.81040414102185e-07,7.67493106823424e-07,"NFIA-AS1",TRUE
4.78421442278468,1.77959438399968,0.195383563182949,9.10820928336404,8.37528794779141e-20,4.93686735627803e-19,"AL513325.1",TRUE
0.728864158986449,1.57770830979222,0.497204557256319,3.17315737912451,0.00150790761655079,0.0027928289374901,"Z94160.1",TRUE
3.05212933867529,1.69305408786606,0.289544907375052,5.84729361401967,4.99635151695054e-09,1.57265556790829e-08,"POU5F1P4",TRUE
4.338851281439,-1.75945508845662,0.185987066786222,-9.46009375199715,3.07667228332123e-21,1.94791221575685e-20,"RPL23AP32",TRUE
3.86723948911507,2.25053400343009,0.47539566272066,4.73402300422858,2.20112762748435e-06,5.5533213539618e-06,"LINC02570",TRUE
0.852798745515063,1.85331866911077,0.417254914732392,4.44169404283568,8.92534084497972e-06,2.12299647764852e-05,"LINC02702",TRUE
947.792343984765,3.02839718270293,0.224786440724621,13.4723303280242,2.27568617350833e-41,3.32268657809945e-40,"LINC01238",TRUE
11.3470216024515,-2.37825753310525,0.225603901536694,-10.5417393799745,5.5463458559151e-26,4.39956418197566e-25,"LINC00844",TRUE
42.3930513198376,2.41724665078439,0.263744856419848,9.16509494667241,4.95033759319271e-20,2.95595698010787e-19,"KCNMB2-AS1",TRUE
0.909547531923976,-2.28150786949707,0.339540189923215,-6.71940446877003,1.82468765470117e-11,6.81435659573439e-11,"AL606970.4",TRUE
802.306648698777,1.70020117044328,0.196963006448617,8.63208376587625,6.02442376686134e-18,3.23763080286061e-17,"OR2I1P",TRUE
1.35590862581619,1.71867702579896,0.427921788712509,4.01633445908411,5.91103509034554e-05,0.000128777080661912,"AL365318.1",TRUE
1.29492357187298,1.94006868406799,0.393771641035023,4.92688777426568,8.35497096222326e-07,2.19196733772753e-06,"AL161908.2",TRUE
49.5014088927422,-2.5252037221763,0.131108505090568,-19.2604112176546,1.15457998163923e-82,6.14447250401347e-81,"AC093110.1",TRUE
2.27017514690841,1.88284770254241,0.398571590992107,4.72398872648126,2.31263242289303e-06,5.82476747035849e-06,"ZDHHC4P1",TRUE
15.0032695733397,1.90904945336095,0.184050381197372,10.3724286846965,3.31003337180419e-25,2.53884912612527e-24,"LINC02257",TRUE
0.180173337402839,-1.75431900283841,0.588477240418808,-2.98111614578313,0.00287199844731775,0.00511388477190619,"NMNAT1P3",TRUE
17.499459603105,-1.80046559491035,0.119529508279685,-15.0629381884303,2.83884650965641e-51,5.88777584607259e-50,"LINC01352",TRUE
1.00939078935412,2.13748942167202,0.452454651694412,4.72420697558809,2.31015045731553e-06,5.81885577693249e-06,"FMO8P",TRUE
6.47435486775898,1.86176927503862,0.248691686590977,7.48625456909893,7.08668779759372e-14,3.07151481566725e-13,"LINC02037",TRUE
15.8162591105918,-2.9906604429915,0.179269143936556,-16.6825164516316,1.75660705370281e-62,5.02753053301148e-61,"LINC01625",TRUE
123.144525643071,1.9553769215074,0.268281517769233,7.28852638737996,3.13363525168436e-13,1.31155641449474e-12,"AP000844.2",TRUE
39.8249846849413,4.30233540995183,0.394976775604199,10.8926288219618,1.2497967606994e-27,1.06687555759071e-26,"SLC25A24P2",TRUE
8.69825519492833,-2.44598195381188,0.145595769162586,-16.7998147740163,2.44807282307612e-63,7.21220635112392e-62,"LINC01589",TRUE
3.22272085776626,2.69327823223292,0.32255472468017,8.34983345819364,6.83592866077468e-17,3.4907558092645e-16,"AL359258.1",TRUE
2.28189875502488,2.8735481298704,0.537877109887808,5.34238783738124,9.17301305083981e-08,2.60842827298884e-07,"SLC9A3P2",TRUE
0.619742641138696,1.78292033606386,0.358054505293089,4.97946628154961,6.3759859732246e-07,1.68951101795416e-06,"Z99755.1",TRUE
4.69366534732369,4.50122254931468,0.561030940549494,8.02312711114653,1.03086579320334e-15,4.9723030436585e-15,"AL390061.1",TRUE
0.752780784948937,1.77491267212841,0.496057082592872,3.57804118600829,0.000346178910977388,0.00069412691278904,"ENOX1-AS2",TRUE
26.2674191177654,-1.77414316318788,0.120472776681014,-14.7265067848932,4.35650022848214e-49,8.43168385028202e-48,"LRIG2-DT",TRUE
5.59619605439487,2.96524385850491,0.328693605479684,9.0213007161412,1.85869107548621e-19,1.0770825297796e-18,"MKRN4P",TRUE
1.0878050062461,1.75495873097583,0.462652180121907,3.79325723811223,0.0001486839868233,0.000310204518359047,"AC104462.2",TRUE
1.95646332460134,1.85921362956303,0.257247239442977,7.22734142293936,4.92540737752257e-13,2.03679776194188e-12,"CRIP1P2",TRUE
0.85734751233289,-1.84432337424878,0.522820381134174,-3.52764245771716,0.000419278078668756,0.000831543142879491,"AL356364.1",TRUE
3.71281066645015,2.35244554147745,0.243968551302956,9.64241304427893,5.29288847970699e-22,3.4754460183197e-21,"ST6GAL2-IT1",TRUE
1.51114717911142,1.68926133301471,0.428080406450582,3.94613093138548,7.94241932651146e-05,0.000170765576433314,"PHF5GP",TRUE
4.72624287023299,2.6436625910838,0.350283993964311,7.54719780702613,4.44722882278253e-14,1.95103065654903e-13,"PAGE2B",TRUE
0.559443334669505,1.6317888914583,0.463226156202426,3.52266138172306,0.000427236842111423,0.000846432963301768,"HOMER2P2",TRUE
1.1714155946436,1.67822593415255,0.355272000368068,4.72377764758799,2.31503528302361e-06,5.83006268966323e-06,"TBC1D3P1",TRUE
0.63879091256887,1.55681245178369,0.483239842477166,3.2216144343629,0.00127470547043963,0.00238227626674349,"LINC01448",TRUE
5.84955439906642,1.54407008579079,0.314752843913006,4.90565888649303,9.31142284414853e-07,2.43181054068408e-06,"AC004969.1",TRUE
11.9599670815564,5.64272217234938,0.778067847450727,7.252223814205,4.09983659352688e-13,1.70339764513496e-12,"RNU1-88P",TRUE
45.1090190264986,3.22464185741822,0.301055518901491,10.7111202252146,9.02628991226936e-27,7.4035475601206e-26,"SCARNA7",TRUE
7.4456040316892,-1.74575647604111,0.184193985188144,-9.47781478454855,2.59663672962425e-21,1.65028480710621e-20,"LINC02006",TRUE
1.8376171912507,2.21037092598372,0.477854646847669,4.62561354287373,3.73491130660266e-06,9.23140373341948e-06,"RNVU1-2",TRUE
2.16341696590989,1.61106726171175,0.5009415019315,3.21607863493021,0.00129955218071074,0.00242514147870442,"SNORD13",TRUE
2.35311689009423,1.93398999504904,0.353930986349312,5.46431386242145,4.64700700227856e-08,1.35397841232932e-07,"GAPDHP39",TRUE
1.58447985580619,1.68085799609518,0.381338029411907,4.40779011389808,1.04430668995454e-05,2.46957847451855e-05,"RPL6P7",TRUE
1.84929570186652,2.9778696829965,0.519483259271504,5.73236890669492,9.90375746409687e-09,3.04622414588384e-08,"RN7SL546P",TRUE
9.90835159847852,3.06291823854064,0.243159385493675,12.5963397724589,2.21172279304006e-36,2.71418697036136e-35,"CLRN1-AS1",TRUE
0.572065067972857,-1.84090719134308,0.402290423442711,-4.57606516105706,4.73803023371149e-06,1.15952248178152e-05,"RPS29P2",TRUE
7.5641455958341,4.98107413482206,0.923466592049665,5.39388666325915,6.89497181389966e-08,1.98325213920633e-07,"AC092916.1",TRUE
23.3598472912129,2.7565147095777,0.423413022297783,6.51022657408742,7.50375367992312e-11,2.68787458565426e-10,"CYP4F62P",TRUE
6.18649204914444,2.68348001741929,0.290148102093917,9.24865611063237,2.27332844816565e-20,1.38270653639839e-19,"RN7SL752P",TRUE
1.68663398848615,1.82737096335821,0.30350464680554,6.0208994576911,1.73450480109322e-09,5.65118345400344e-09,"RN7SL569P",TRUE
0.698977990694565,1.72587246905466,0.500858840684489,3.44582610680493,0.000569316583910772,0.00111229476988769,"AC019211.1",TRUE
0.53471436619259,-1.58634672791149,0.337579533062964,-4.69917922309471,2.61209151200584e-06,6.54653444388665e-06,"GOLGA2P2Y",TRUE
1.36532198012604,1.94452133567851,0.512004473154572,3.79786005324893,0.000145950682787943,0.000304826105450164,"COX6CP14",TRUE
1.32226110328949,2.65599222000221,0.444517458629631,5.97500091040331,2.30088898263307e-09,7.43088659760874e-09,"PRR20G",TRUE
2.69431536484902,-2.08323660469365,0.1742023687125,-11.9587157171885,5.84590429843657e-33,6.25611776643993e-32,"AC005165.2",TRUE
2.24146350630321,1.89498716220773,0.528779672104208,3.58369896230481,0.000338762498953785,0.000679793074895173,"RPL12P20",TRUE
1476.52972942308,1.95294465789867,0.104880847148287,18.6206033894585,2.18735538688417e-77,1.01077364558802e-75,"NME1",TRUE
1.81391928289481,2.22111934705418,0.430191746290253,5.16309149631052,2.42904333469681e-07,6.66820444762207e-07,"AL158801.1",TRUE
0.471981704026341,-1.6806401112253,0.389421377467658,-4.31573665049982,1.59071531962049e-05,3.67918814370294e-05,"AC093627.2",TRUE
1.31137160901663,2.11305041772718,0.467528289140207,4.51962045251448,6.19505932471293e-06,1.4991157223975e-05,"RN7SL672P",TRUE
1.56500615559947,1.60855827894912,0.223615023370182,7.19342669694532,6.31850825327589e-13,2.59646592603435e-12,"AC002310.2",TRUE
1.6488021482588,3.00729651060959,0.812320886559389,3.70210413196082,0.000213818821198166,0.00043865483044552,"RN7SL255P",TRUE
1.59014404520139,1.50419794334,0.290721256449291,5.17402119718195,2.29108815284537e-07,6.30673924847287e-07,"RN7SL213P",TRUE
3.46968838453974,3.23308775116245,0.465338171903854,6.94782406939627,3.7096320262344e-12,1.45341065951595e-11,"AC092910.1",TRUE
1.130334427434,1.79469635777434,0.359740220216925,4.98886767982777,6.07342274153338e-07,1.6121090130663e-06,"RN7SL225P",TRUE
13.4164297613288,1.76143224905406,0.248003633207876,7.10244534029725,1.22568513578168e-12,4.95509277447897e-12,"RN7SL674P",TRUE
1.23186668270333,1.52905159568635,0.355249121348279,4.30416714299851,1.67615088159156e-05,3.86631778362951e-05,"RN7SL394P",TRUE
2.01137223919643,1.54983247822472,0.242725251071621,6.38513080687846,1.71251021865609e-10,5.98768154870356e-10,"TRBV8-2",TRUE
1.85309062867932,2.83522899729913,0.742725563818822,3.81733056651696,0.000134903369231083,0.000282669648316028,"ZBTB20-AS3",TRUE
1.23968055030722,1.75412928196865,0.605998241128922,2.89461117692498,0.00379628448462392,0.00665101028440707,"YBX1P3",TRUE
3.64289301280405,1.67370399875394,0.257822504299274,6.49169087587148,8.48782819150121e-11,3.02881078747575e-10,"TEX35",TRUE
1.5075752459514,2.30941789003275,0.454512560073723,5.08108706535669,3.7528105293479e-07,1.01403181898613e-06,"RPL9P30",TRUE
36.3398144635708,1.84116598897121,0.28071534650486,6.55883624424265,5.42293127753572e-11,1.96370260876283e-10,"AC092969.1",TRUE
3.07717120613084,1.53375183656757,0.334741631370178,4.58189747803268,4.6077579321736e-06,1.12879346323426e-05,"AC132825.1",TRUE
1.17239742292737,2.74943110966775,0.636520155059799,4.31947219237613,1.56402813993749e-05,3.62104143974369e-05,"RN7SL826P",TRUE
1.65309712544554,2.77679800884181,0.583681932075776,4.7573821566937,1.96119675916095e-06,4.97503538999569e-06,"ARHGEF3-AS1",TRUE
197.168640217421,2.00052904534275,0.124529501225095,16.0646997350986,4.51043201181529e-58,1.14511909194087e-56,"SMKR1",TRUE
53.5269700506482,2.49837349791162,0.314680609995314,7.93939447984682,2.03170647993216e-15,9.63821187886039e-15,"FAR2P3",TRUE
69.206308805649,3.32604402215668,0.278145856469092,11.95791324875,5.90266334961236e-33,6.31372862873035e-32,"TCAM1P",TRUE
1.28577929356999,1.55675038010195,0.441811202994725,3.52356474790554,0.00042578305174642,0.000843785137672781,"AC091805.1",TRUE
5.07365517606069,2.42702224248867,0.18877440079844,12.8567339227318,7.88379982750388e-38,1.02396870464962e-36,"SOCAR",TRUE
1.14548597803099,2.22433373900185,0.693171484024677,3.2089227417247,0.00133233287382021,0.00248363006237119,"RN7SL503P",TRUE
2.48576934391769,-2.48701821008494,0.206110892086677,-12.0664084508405,1.58919998861252e-33,1.7466226510954e-32,"LINC00636",TRUE
2.52365092752333,1.56772350681255,0.483215047749742,3.24435986443963,0.00117714923711623,0.00221009922889927,"RPS26P34",TRUE
1.36609575557788,2.44764945751899,0.658872134144041,3.7149081448084,0.000203277522248058,0.00041804249584153,"RN7SL116P",TRUE
2.01358558014221,1.81363604089042,0.38060449608723,4.76514612816018,1.88716830729372e-06,4.79400730681558e-06,"RN7SL277P",TRUE
114.111907760579,2.10691304702785,0.131183566379921,16.0608001838128,4.80314724645818e-58,1.21800138165179e-56,"CDKN2B-AS1",TRUE
66.7469695303737,4.47390655317697,0.44273762560016,10.1050967762505,5.24437656004333e-24,3.80991907644286e-23,"AC092979.1",TRUE
0.959259292749552,1.54332504162464,0.513961808185938,3.00280101953859,0.00267507272896143,0.00478534998060163,"AL031428.1",TRUE
1.46077884978623,1.95787937464172,0.386088874807653,5.07105877012677,3.95608569592404e-07,1.06662080607247e-06,"AC006529.1",TRUE
8596.43493755462,-2.10414980849965,0.10502740618995,-20.0342928082421,2.76742198933399e-89,1.77740971814963e-87,"AQP1",TRUE
1.24983914619272,1.8653360142566,0.368280840240609,5.06498250910342,4.08437850395779e-07,1.09976777235522e-06,"KCNAB1-AS2",TRUE
7.23167315255064,-2.10750381900622,0.209485780670667,-10.0603669244712,8.26895790972599e-24,5.9441742735472e-23,"AADACP1",TRUE
13.1526474137746,-3.58503809639754,0.154252046515098,-23.2414297080113,1.73677167303641e-119,2.21118187044989e-117,"C1QTNF9",TRUE
1.64143483738125,-3.19768513330993,0.292284767304941,-10.9403071627533,7.39489422704303e-28,6.37258756497433e-27,"MME-AS1",TRUE
2.231108983084,1.67143897830989,0.371289644317892,4.50171181418361,6.74083411417704e-06,1.62460576484186e-05,"LINC01168",TRUE
7.72297920398378,3.1905068947132,0.297069934861315,10.7399185185221,6.61027008910637e-27,5.45713957624007e-26,"RN7SL128P",TRUE
1.14280951236564,1.72724235633208,0.494135311177499,3.49548457125265,0.000473201809640694,0.000932489731718215,"RPL19P14",TRUE
1.51000847292825,1.85218935847186,0.446392724757993,4.1492373323871,3.33584818349441e-05,7.46217516324343e-05,"RPS29P22",TRUE
6.30768812306224,1.68752938274461,0.17992380820212,9.37913330985577,6.65172319458794e-21,4.15768824154114e-20,"RN7SL521P",TRUE
1.7109425086752,2.45362971383665,0.546162985021723,4.49248627447547,7.03964568093789e-06,1.69340713180961e-05,"LSAMP-AS1",TRUE
2.0240388270195,1.63138038998812,0.339010101066461,4.81218814677235,1.49286709891926e-06,3.82909276694332e-06,"RN7SL751P",TRUE
5.13529982599803,2.38830666806339,0.251388024493626,9.50047908158783,2.0892686498139e-21,1.33431244341473e-20,"AC108860.1",TRUE
1.42243290867604,2.35153494623593,0.269207727349133,8.73502023657089,2.43612513817915e-18,1.3371888714716e-17,"AL035454.1",TRUE
1.60677030512103,-2.72489684943721,0.390647180157265,-6.97533986637312,3.05132258073229e-12,1.20148784403253e-11,"LINC02066",TRUE
72.2347739084587,-2.54710029382833,0.177045775959123,-14.3866764402016,6.2739211058982e-47,1.11847350239804e-45,"ADAMTS9-AS1",TRUE
0.783618746362437,1.63740192608077,0.583784667286065,2.80480461005054,0.0050347089704696,0.00868081012965275,"AC128685.1",TRUE
1.84339180425563,1.76471532747122,0.478018405726781,3.69173091732344,0.000222733044230832,0.000456162009537948,"FO393419.2",TRUE
2.06748284236978,1.83954683685747,0.479860418058639,3.83350400997792,0.000126330740625995,0.000265777955906309,"RN7SL494P",TRUE
7.35667559283623,-1.67257106859388,0.181828962624902,-9.1985954517282,3.62658918408787e-20,2.18151343812171e-19,"TDGF1",TRUE
2.06417514308654,-1.84275174112075,0.204252952756313,-9.0219099222486,1.84838177181095e-19,1.0713961492259e-18,"AC078788.1",TRUE
1.44531854496721,2.74534941408436,0.664563375967713,4.13105734285565,3.61098483906828e-05,8.05218835723002e-05,"RN7SL836P",TRUE
1.55753983007598,1.70176250160526,0.326521620261715,5.2117911832033,1.87025999476415e-07,5.1826915809965e-07,"RPL12P31",TRUE
1.6902583980277,2.8101590939282,0.881465692432304,3.1880527149887,0.00143234421176878,0.00265983892005595,"RN7SL801P",TRUE
1.86811836614902,1.55372853597382,0.402703297902206,3.85824636666157,0.000114203498965436,0.000241488560842105,"AC068308.1",TRUE
8.02618333321484,2.49732035878901,0.337598258539648,7.39731410224594,1.38966575081514e-13,5.92843469459141e-13,"AC106712.1",TRUE
19.3278280722914,2.05706963749028,0.220462604684968,9.33069642549924,1.05177520170311e-20,6.50539090076042e-20,"SYNPR-AS1",TRUE
246.250628947155,4.33069334819773,0.308090939081093,14.056542399833,7.02348258368644e-45,1.16949655984532e-43,"SLC25A24P1",TRUE
291.332805815603,-1.76098904371817,0.10324661305984,-17.0561434562268,3.14654812791655e-65,9.86238323898898e-64,"CD302",TRUE
0.810569826527489,1.54295540859749,0.449770323833475,3.43054071564037,0.000602379563979058,0.00117317368265584,"RN7SL505P",TRUE
10.4925404170917,2.73324252123533,0.306759656824264,8.91004556965304,5.10115926765922e-19,2.88818095227826e-18,"AL160408.4",TRUE
3.50593960484041,1.75672668160176,0.29766878249801,5.90161543598718,3.5995942899498e-09,1.14596510698704e-08,"CBX5P1",TRUE
1.43524849803647,2.89734956248677,0.854298584679619,3.39149521542675,0.000695123767917002,0.00134409488030544,"AC092910.2",TRUE
1.71225074935352,-1.90242671993081,0.181508501109043,-10.4811989978801,1.05398922061451e-25,8.27394957470396e-25,"AC099542.1",TRUE
315.477739453975,-2.53791199977637,0.135441014882632,-18.7381348402891,2.41961506195762e-78,1.13635022931546e-76,"INMT",TRUE
3.0868629595912,-1.51478255467457,0.174813405597788,-8.66513954976537,4.50960275039594e-18,2.44178214411101e-17,"AC018450.1",TRUE
74.2974718963226,-3.12090639946779,0.151289406801938,-20.6287172739963,1.51618721262448e-94,1.09980907725836e-92,"ADAMTS9-AS2",TRUE
1.1800669316608,1.67564509798117,0.369988503606647,4.52891125439572,5.92883924448222e-06,1.43781930545515e-05,"RN7SL265P",TRUE
2.05049320197469,2.26484162410383,0.538793804420068,4.20354058551507,2.62772009848951e-05,5.94809878065806e-05,"AC063938.1",TRUE
1.5895965712927,1.65836853890986,0.258212795093384,6.42248784886941,1.34064955030233e-10,4.72539277999579e-10,"SCG5-AS1",TRUE
0.847575990853806,1.55617355778611,0.280937295132321,5.53922026284603,3.03821325258641e-08,9.0005686033104e-08,"RPL7P42",TRUE
1.20349836808031,1.65021691053757,0.487724805759648,3.38350006202228,0.000715681913341509,0.00138155610429464,"AC114401.1",TRUE
0.918740915172929,-1.6121349369976,0.229186160253532,-7.03417228690514,2.00447323415739e-12,7.98459296596519e-12,"AC078788.2",TRUE
1.06112406473032,1.70046903560002,0.520048321646009,3.26982890785581,0.0010761255093228,0.00202969789723253,"RPS29P21",TRUE
45.5325903723254,-1.86332874892444,0.165091429839186,-11.2866473489235,1.52752713099862e-29,1.41872328327739e-28,"HOGA1",TRUE
0.935602256285456,1.90076230631713,0.689013879948583,2.75867056039419,0.0058037010054821,0.00992086087548687,"RN7SL655P",TRUE
2.51374305459693,1.96313851204299,0.400921984630978,4.89655989768167,9.75289297403718e-07,2.54172369276882e-06,"AC112493.1",TRUE
6.24812907295326,1.81359093399392,0.218313786173814,8.30726710291216,9.79313397604445e-17,4.95744384712736e-16,"AC093583.1",TRUE
9.34232257590369,2.15534249094296,0.145151628115266,14.8489033084175,7.07160527650154e-50,1.4006906091501e-48,"AC084864.1",TRUE
2.04744768326769,2.19903046371971,0.437478108085787,5.0266068703225,4.99234318508503e-07,1.33492058650808e-06,"RPL36AP41",TRUE
2.2650604502417,1.99222834141421,0.37388354420187,5.32847292240963,9.90419591779621e-08,2.80709939461574e-07,"RPL5P13",TRUE
16.3208883922609,2.34852856347524,0.251783678023671,9.32756476475989,1.08331248000102e-20,6.69565611296634e-20,"AC093904.2",TRUE
46.6705780187261,1.55151757190785,0.144402384870564,10.744404071294,6.29672312597812e-27,5.20426216233657e-26,"LASTR",TRUE
2.18738177141818,2.79220720303498,0.43480929895338,6.42168235535911,1.34776431388309e-10,4.74891891478441e-10,"RN7SL329P",TRUE
3.49624555654152,2.73177171386546,0.363305844948162,7.51920661847661,5.51096340362395e-14,2.4028000858714e-13,"HOXB-AS4",TRUE
1.1071349505805,1.69374213473747,0.344910367185511,4.91067331074592,9.07641946971789e-07,2.37316450180544e-06,"RN7SL594P",TRUE
1.35574593978212,2.17640599262348,0.472695228812816,4.60424785350502,4.13959222370628e-06,1.01931081911891e-05,"RN7SL306P",TRUE
1.71121160464017,2.794136498476,0.646605427158294,4.3212388593082,1.55155602737501e-05,3.59467272218076e-05,"RN7SL57P",TRUE
4.25604731901717,-3.72916073557679,0.20048298424122,-18.6008840086393,3.16052801989003e-77,1.44961093877209e-75,"LINC02082",TRUE
3.534856783303,1.66616778720822,0.414577020445234,4.0189583721231,5.84559966227008e-05,0.000127396526673186,"ZBTB20-AS5",TRUE
2.64318532997228,-2.19556879939599,0.373756517423494,-5.87432913419473,4.24559118519366e-09,1.34310426997697e-08,"AC121764.1",TRUE
0.987652092869209,1.54079018329582,0.500060794272423,3.08120572727089,0.00206164150139599,0.00374796542690918,"AC058823.1",TRUE
2.00163082062019,-1.78310109515092,0.196506130927391,-9.0740227123487,1.1470219255944e-19,6.71442646258706e-19,"RPL12P30",TRUE
0.934688590340481,-2.53476217080408,0.366544160587411,-6.91529819147017,4.66880247345937e-12,1.81487449116911e-11,"KCNAB1-AS1",TRUE
1.23231747683822,1.69487199031081,0.229420510652013,7.38762190657664,1.49478067065582e-13,6.36365493642781e-13,"AC096536.2",TRUE
0.716427373878923,1.75621938535928,0.390269577821956,4.50001610466416,6.79483144254963e-06,1.63707114581021e-05,"AC091179.1",TRUE
1.86855691345148,2.94407107221055,0.443844097998217,6.63311979474012,3.28664850561657e-11,1.20560725397256e-10,"CFAP20DC-AS1",TRUE
3.90071679104189,3.22199564983756,0.415948227632994,7.74614588015612,9.4723681520395e-15,4.33217557954885e-14,"LINC02046",TRUE
1.69855882525517,1.52594864679643,0.378121951063259,4.03559920947607,5.44631195413985e-05,0.000119115650116893,"AF107885.1",TRUE
1.14668696361187,2.121146433722,0.481345059181947,4.40670656789729,1.04954215168593e-05,2.48127953915233e-05,"RN7SL37P",TRUE
1.48923353359056,2.40665642344046,0.557039169203497,4.32044379730371,1.55715713580011e-05,3.60590739248485e-05,"NDUFB4P1",TRUE
6.82854328177314,2.7983356046021,0.291117514218086,9.61239179345897,7.08829746947135e-22,4.62830436887116e-21,"AC010729.2",TRUE
1.5441375359705,2.26947699002833,0.520107274458627,4.36347865426532,1.28010436396729e-05,2.99470455573897e-05,"RN7SL144P",TRUE
2.14744169100061,2.56046358830086,0.40612117138842,6.30467892020335,2.88791941034852e-10,9.95229972458017e-10,"TUBAP13",TRUE
2.20635629324268,2.64158933869503,0.443987917750089,5.94968744212972,2.68655018700412e-09,8.63441105600549e-09,"RPL26P26",TRUE
1.92422514484651,3.52089751296725,0.896643377744354,3.92675349013854,8.61001439972357e-05,0.000184347763415056,"CSAG4",TRUE
17.1509293376848,-1.99890108464823,0.178840217394498,-11.1770222255933,5.28331000629365e-29,4.78949086056782e-28,"AC093627.6",TRUE
1.93751560076922,1.50333397212698,0.329337868530987,4.56471640759869,5.00170011790625e-06,1.2214177723709e-05,"RPS24P16",TRUE
1.76668575287123,2.03621531385057,0.359828243440503,5.65885349738327,1.5238756672833e-08,4.62423355128647e-08,"RN7SL862P",TRUE
2.97289584774238,1.83609124265223,0.195027784093897,9.41451112303175,4.75289005180553e-21,2.98768911500039e-20,"KRT8P35",TRUE
4.02054442286578,1.74857907760624,0.272392339322905,6.41934013986129,1.36866294597271e-10,4.81980195399658e-10,"RN7SL180P",TRUE
4.16550050601774,2.9150481236547,0.336242958805525,8.66946964186301,4.34137771816415e-18,2.35276070210905e-17,"AL133368.1",TRUE
2.49482410542295,1.51387261178897,0.252476800716674,5.99608600668152,2.02129996495494e-09,6.55244903766376e-09,"RN7SL449P",TRUE
0.691908782720696,-1.63922991794625,0.247203221703234,-6.63110256675431,3.33188602811375e-11,1.22199355007979e-10,"AL591242.1",TRUE
0.530103943292932,-2.03375336003843,0.223067624519735,-9.11720544125174,7.70863673247417e-20,4.55074218812181e-19,"AP000870.1",TRUE
3.39076405893276,1.60028994977085,0.238223700261801,6.71759337132356,1.84750383208775e-11,6.89598420763705e-11,"RN7SL239P",TRUE
1.59950442708092,1.86637500622388,0.536955260531545,3.47584825666166,0.000509240334924568,0.00100081111312528,"RN7SL16P",TRUE
1.40795225827233,1.79359945242788,0.373538031769585,4.80165150501798,1.57362382317946e-06,4.02808873782253e-06,"RN7SL269P",TRUE
221.186649745618,5.48068697154677,0.324820357247672,16.8729787073284,7.11178837839599e-64,2.13304229611933e-62,"ABCC13",TRUE
8.40145145097652,1.57749565653028,0.175228101148293,9.00252668489096,2.20581556461578e-19,1.27293755540603e-18,"LINC00870",TRUE
2.56051650420721,2.59933902255953,0.29708709773882,8.7494174009694,2.14457033569692e-18,1.18121051159621e-17,"AC020636.1",TRUE
1.03200236248467,1.5543764832873,0.304307180506273,5.10791917792179,3.25725911523089e-07,8.8495092165029e-07,"VSIG8",TRUE
1.84770982403564,1.86568439976679,0.468342463297374,3.9835900990728,6.78819183925383e-05,0.000146952078939758,"RN7SL285P",TRUE
1.55287091844793,2.19058594587414,0.492520833571961,4.44770210020786,8.67937851256341e-06,2.06722574141734e-05,"AC106707.2",TRUE
3.30396087862943,2.43408890148411,0.302279607420829,8.05244165245792,8.11584318375455e-16,3.93131079473453e-15,"LINC01998",TRUE
1.52033846628444,2.70218737779527,0.604764013879438,4.46816827023369,7.88922378291517e-06,1.8863159851012e-05,"RN7SL173P",TRUE
2.59254610367846,2.41580642785019,0.737224855424514,3.27689226709415,0.00104956408088324,0.00198211191611625,"RN7SL141P",TRUE
3.19134993712417,2.10319868138456,0.33225174230855,6.33013589867469,2.44945366272828e-10,8.47442245157134e-10,"AC022973.2",TRUE
1.37951045664952,2.33070800984982,0.610279829480948,3.81908084989818,0.000133949857974573,0.000280821677280933,"RN7SL370P",TRUE
198.575967567032,1.99574753083778,0.144412980970993,13.8197239432281,1.93811661127693e-43,3.06182697447703e-42,"C4orf48",TRUE
80.9593838719815,2.88189168052474,0.220233272912468,13.0856325314211,3.97834522513441e-39,5.40804346194649e-38,"MNX1-AS1",TRUE
2.37703476489072,2.06338489264127,0.39059796680143,5.28263090957214,1.2734177933397e-07,3.58283650329474e-07,"DNAJB6P7",TRUE
3.96633589638173,2.30498730798005,0.271626671231971,8.485865167532,2.14119605881055e-17,1.11962711289391e-16,"KC877373.1",TRUE
3.40654417541841,1.50873425362964,0.337627701086552,4.46863290178572,7.87210961029044e-06,1.88264116351823e-05,"WFDC6",TRUE
4.11941906251817,1.80539758264981,0.246466414045641,7.32512618256981,2.38674032505128e-13,1.00499231638257e-12,"LINC01214",TRUE
1.8108867932407,1.59040334900292,0.337399795260822,4.71370573231524,2.43251884305028e-06,6.11453364480882e-06,"RPS2P44",TRUE
2.01647978517445,2.17371073702,0.355807698885161,6.10922906904714,1.00113550012288e-09,3.31866422314157e-09,"AC092957.1",TRUE
1.68415785268458,2.58025873385586,0.641011226209895,4.02529414205762,5.69041418535558e-05,0.000124221473997242,"AC003989.2",TRUE
5.09870139153244,3.04667747915293,0.304653796957125,10.0004579282552,1.51693956767014e-23,1.07665041507389e-22,"AC091804.1",TRUE
432.823106953172,2.14818562035048,0.155184653031171,13.8427710368949,1.40677141411372e-43,2.23303619835042e-42,"CFB",TRUE
1.0795730687987,1.9900061159144,0.569447896615121,3.49462370085706,0.000474730560930975,0.000935416864946169,"RN7SL105P",TRUE
0.913659078698281,1.8566199867464,0.474146018007804,3.91571354863903,9.01372193877081e-05,0.000192571150815438,"CACNA2D3-AS1",TRUE
237.365308131637,2.69763458124625,0.105788523695472,25.5002573720736,1.95833262247e-143,4.02483980884788e-141,"RPLP0P2",TRUE
0.898968818850666,2.04487607466899,0.377438842056326,5.41776798468406,6.03476568477304e-08,1.74396040813394e-07,"PEX5L-AS1",TRUE
0.528016521558427,-2.0431271805421,0.404180390143259,-5.0549883922323,4.30416946465388e-07,1.15692815653274e-06,"AC021074.3",TRUE
3.61817405080924,1.61939252881142,0.380438033350077,4.25665256060576,2.07510453145962e-05,4.7482510644575e-05,"AC073522.1",TRUE
57.7411501642726,-2.33755575830864,0.146384615720079,-15.9685889586825,2.11516911977458e-57,5.28608565196703e-56,"WDR86-AS1",TRUE
1.03271293026031,1.66914804351693,0.514433747867561,3.24463169540471,0.00117602622702136,0.00220818289211876,"RN7SL30P",TRUE
18.0896047935393,2.68936312025853,0.25443294224947,10.570027200415,4.10375591974472e-26,3.27703917470086e-25,"TUBA4B",TRUE
1.34649387063736,2.51966680920325,0.687316602602135,3.66594783199469,0.000246424161009112,0.000502132420053504,"RN7SL430P",TRUE
1.971380628232,2.13801368251844,0.400411400226051,5.33954248383397,9.31814329616625e-08,2.64760411232742e-07,"AC117386.2",TRUE
1.26787443170479,2.6992808634177,0.899493169203417,3.00089089704612,0.00269190996623123,0.00481267694555071,"RN7SL308P",TRUE
1.5853314185102,-3.28131145805708,0.30255450430778,-10.8453564939132,2.09816284439898e-27,1.77457786330119e-26,"AC073359.1",TRUE
1.35475462842418,2.51794827346226,0.592760411804749,4.24783474624424,2.15846510363319e-05,4.93010975194794e-05,"RN7SL743P",TRUE
4.4493037648387,3.22538323625166,0.361955625020254,8.91099077703565,5.0578524380262e-19,2.86441295401142e-18,"NBPF5P",TRUE
2.44924374832382,1.65859449599873,0.223045194722307,7.43613642097825,1.03672774061134e-13,4.45136980549002e-13,"AC087752.1",TRUE
2.02321030725255,1.92090769514503,0.442102485368097,4.34493756248775,1.39315283328109e-05,3.24457566827173e-05,"ENO1P3",TRUE
1.01398872753717,-2.47588965812637,0.329511987482922,-7.51380754624196,5.74319964279119e-14,2.50203388092124e-13,"AC080128.1",TRUE
2.99522089209183,-2.73855907508169,0.420063834010419,-6.51938789620666,7.0594876974642e-11,2.53294113411385e-10,"SPRR2F",TRUE
1.53749157088159,3.08172368550111,0.828666532071074,3.71889483432981,0.000200096332491276,0.000411755397650591,"RN7SL508P",TRUE
24.0046659416035,3.30908023175161,0.39597273586342,8.3568385700499,6.44213592614996e-17,3.29161343166369e-16,"AC078882.1",TRUE
12.2033401792149,1.97039774300063,0.177961618419987,11.0720376702269,1.71456964882607e-28,1.51890037034756e-27,"AL512328.1",TRUE
0.311467853005475,-2.10947316209071,0.528900168456628,-3.98841461564725,6.6516335306277e-05,0.000144082561195429,"ATP6V0CP2",TRUE
4.30877510134287,1.96698876175031,0.197750203256751,9.94683560044918,2.60329616787789e-23,1.82874776376318e-22,"AP003733.1",TRUE
1.48117794155623,1.72196315563635,0.298233777419445,5.77387031923793,7.74710697767204e-09,2.40550458385846e-08,"RPS4XP10",TRUE
8.59591546991318,-2.16483843333395,0.158313271458566,-13.6743964254478,1.44400473642601e-42,2.21239774313619e-41,"LRRC77P",TRUE
2.71462562340264,3.74508967551946,0.778338388269267,4.811647134413,1.49691472530035e-06,3.839018334064e-06,"RN7SL151P",TRUE
1.3674537492681,1.66322675986597,0.436302705982045,3.81209361542309,0.000137794664873497,0.000288503819537213,"RN7SL698P",TRUE
76.6170277933899,2.05781006490469,0.158095748194769,13.0162264855443,9.89408187732147e-39,1.32166070512286e-37,"SIAH2-AS1",TRUE
1.23338162453744,1.57266489380513,0.278307430947925,5.65081891075842,1.59685249884183e-08,4.83921877896455e-08,"PGBD4P1",TRUE
0.702410508584354,1.70935881997767,0.588735415908629,2.90344146757252,0.00369085955799212,0.00647682449778166,"PEX5L-AS2",TRUE
1.52324130219501,1.92748884273794,0.294356609453988,6.54814188243745,5.82573595680265e-11,2.10444228235355e-10,"AL138759.1",TRUE
2.67806090885236,2.34024935040232,0.279538166732858,8.37184194829037,5.67244937524732e-17,2.90590997074984e-16,"AC104435.2",TRUE
3.91865721585371,1.70532822012441,0.320799648191521,5.31586686499829,1.0615074448213e-07,3.00335430785527e-07,"RN7SL359P",TRUE
3.14125311779358,4.20336140102297,0.998261364783586,4.21068224145309,2.54600644934473e-05,5.77100143656943e-05,"LINC02077",TRUE
1.43712381897112,1.68609248219696,0.236631583780048,7.12539068226921,1.03785876768125e-12,4.21352501299247e-12,"HDAC11-AS1",TRUE
2.43449216525982,2.30458837306356,0.337711914971387,6.82412515193257,8.84627376794715e-12,3.37343325520939e-11,"RN7SL28P",TRUE
29.3507307599334,1.73846676913111,0.171137693826338,10.1582926020683,3.04359596718283e-24,2.23366097506565e-23,"LINC01213",TRUE
2.87064478646281,3.58004492704764,0.2479849046237,14.4365437585006,3.04745102196429e-47,5.50096135959761e-46,"PRICKLE2-DT",TRUE
7.31723724375717,2.43370015234768,0.342930799879209,7.09676749129826,1.27708640981208e-12,5.15564956014304e-12,"RAD21L1",TRUE
6.00571217027708,3.57755706220423,0.363729465199401,9.83576367738856,7.89661987695551e-23,5.41410824288165e-22,"RN7SL396P",TRUE
24.077764492256,3.74485416178279,0.221765718028607,16.8865332075344,5.65284875985425e-64,1.70256072906706e-62,"LINC02086",TRUE
10.581173316665,1.62442160042775,0.254201281094604,6.39029667133424,1.65564221342325e-10,5.79353964093946e-10,"AL109761.1",TRUE
1.09813536398449,-3.03255587208559,0.242137176622511,-12.5241233683554,5.50967399001606e-36,6.64238908963948e-35,"MTHFD2P1",TRUE
1.50786038671045,2.20600541935126,0.515411844618611,4.28008289367824,1.86823715779666e-05,4.2908213990264e-05,"AC139451.1",TRUE
1785.28741923595,-4.94585230678267,0.17621063325448,-28.0678425327487,2.41970985438128e-173,9.94615974429484e-171,"HBB",TRUE
0.913781194005463,-2.4642421932021,0.279748892631071,-8.80876478196433,1.26532381526853e-18,7.03664165274963e-18,"AC026316.3",TRUE
3.17058641856354,-1.92227346096426,0.191407883941035,-10.0428123512219,9.88158903078581e-24,7.07279241407489e-23,"RPL15P21",TRUE
11.6925652409666,-1.63742455305211,0.149766110451605,-10.9332114462653,7.99672681997851e-28,6.88212820638629e-27,"AC087521.1",TRUE
93.4805089329526,-1.94244474965967,0.0835461861722963,-23.2499511785468,1.42415025703589e-119,1.81853032821506e-117,"AC107959.1",TRUE
33.5512144813108,2.75800060322715,0.175906681065689,15.6787711900336,2.11302530374457e-55,4.98350667265659e-54,"MIR3150BHG",TRUE
22.6402332861716,-2.0492424357704,0.137510102193607,-14.9024864579416,3.17539078063037e-50,6.36257502748406e-49,"CYP2U1-AS1",TRUE
26.9858594045063,3.30655737299029,0.30530605901004,10.8303038063242,2.47333340753598e-27,2.08412865812677e-26,"LINC00461",TRUE
56.7856843032331,1.518410899611,0.101427820593385,14.9703591256108,1.1470020043797e-50,2.33402199476793e-49,"DDX11-AS1",TRUE
511.501940385624,1.72775912694874,0.173856103389688,9.93786869291593,2.84856413102051e-23,1.99746592842965e-22,"DRAIC",TRUE
46.6175624355382,-3.2115528566946,0.114763615993329,-27.9840681987685,2.53932906502841e-172,1.00548112336354e-169,"LINC02202",TRUE
5.12528034335178,1.84749488163073,0.27728234175195,6.66286525841394,2.68539846658669e-11,9.91144799669674e-11,"MIR4300HG",TRUE
618.674199735572,-2.21679047826463,0.104105455685836,-21.2937013114313,1.29855932452943e-100,1.09464493059941e-98,"CEBPA",TRUE
1.93825884870746,1.67440349253068,0.287798694868774,5.81796763635134,5.9567431000932e-09,1.86393846298864e-08,"SDAD1-AS1",TRUE
3.31085226988337,1.80227253169349,0.275366363655654,6.54499884360324,5.94958460658612e-11,2.14738310436743e-10,"LINC01513",TRUE
17.26543811638,-5.08475586900926,0.241395452797315,-21.0640084976191,1.70150590953881e-98,1.36499990809842e-96,"ALDH1L1-AS2",TRUE
81.0350843861265,-1.63296680270702,0.104916510730931,-15.5644406331329,1.26975315167728e-54,2.91968812074542e-53,"AP002026.1",TRUE
12.6028044212265,2.42361614482171,0.218042979519358,11.1153138255779,1.05678413678884e-28,9.44909951187205e-28,"LINC01096",TRUE
9.26446926650979,-1.61482568216447,0.183062590174847,-8.8211670151838,1.13272919326053e-18,6.3130929727692e-18,"LINC02458",TRUE
54.7417217519827,-3.80844800913513,0.181189681899315,-21.0191218904587,4.38470288172293e-98,3.49803653188839e-96,"LINC00968",TRUE
71.8712614107295,2.54211188030329,0.147268268924962,17.2617760693485,9.12602671788976e-67,2.99755946076196e-65,"AC138904.1",TRUE
5.87615923005988,2.04960938658094,0.252086244750732,8.13058796051182,4.27213172886758e-16,2.09814753547935e-15,"AC079089.1",TRUE
2.47266752520741,3.14428154623071,0.608485203715147,5.16739195469847,2.37383109491163e-07,6.52161362548605e-07,"LINC02466",TRUE
206.561885432813,1.62384284916103,0.126117642687202,12.875620052529,6.17412419910151e-38,8.04574880535088e-37,"MIR210HG",TRUE
1.77190449601376,1.76119621520617,0.399015249616946,4.41385690621328,1.01545090725696e-05,2.40357909165353e-05,"AC092343.1",TRUE
1.46639081360378,2.02006266122757,0.423566012017867,4.76918025505399,1.84977089975888e-06,4.70371248651348e-06,"HMGN1P12",TRUE
5.58714933593776,4.46609776957473,0.815123839593983,5.47904202114775,4.27634803746569e-08,1.25037044439414e-07,"LINC01194",TRUE
3.26625528110945,1.97103739492141,0.384678587320428,5.12385523886616,2.99350845074162e-07,8.15706955830596e-07,"AC097515.1",TRUE
160.775622139025,-3.37232393587793,0.214462251684904,-15.7245571627807,1.02666115331144e-55,2.44136062682764e-54,"ADH1C",TRUE
2.66620749572826,2.35136190818646,0.662191899013475,3.55087688582341,0.000383949974196954,0.000765983215602317,"ANK2-AS1",TRUE
1.03344194304076,1.6844996195331,0.598141490610615,2.81622265964775,0.00485919768286543,0.00839475622334953,"CR545473.1",TRUE
1.42424687702408,2.81043262276856,0.904567870052825,3.1069339469292,0.00189038632266284,0.00345321342896382,"ATG10-AS1",TRUE
0.920825984443042,1.8673554387876,0.430925483274159,4.33336043299063,1.46850391021145e-05,3.41251433611836e-05,"TRPC7-AS1",TRUE
1.54202543475124,2.23118807659922,0.618424584521016,3.60785798696429,0.000308735390124274,0.000622170212343637,"KCTD9P5",TRUE
1.92370435964882,2.05373195699379,0.444585681671503,4.61942892373952,3.84797663900289e-06,9.49726492476495e-06,"STX18-IT1",TRUE
3.93965423958783,3.66998209308615,0.453436638723111,8.09370434515594,5.78770718591626e-16,2.82225106930455e-15,"LINC02438",TRUE
3.20141378633342,1.86072109179525,0.212899859042839,8.73988879166353,2.3334000642308e-18,1.28227077632036e-17,"AC010307.2",TRUE
72.6750666919588,1.95637180255474,0.162431431956173,12.0442932688213,2.07850122428602e-33,2.26879395144625e-32,"FLJ12825",TRUE
0.325042828414244,-1.89813713445717,0.629926254930769,-3.01326880662528,0.00258449881040378,0.00463229094848603,"DDX43P1",TRUE
27.0510252740747,-2.07667850496228,0.120721077520186,-17.2022860267714,2.55259121337784e-66,8.30217307983327e-65,"MEF2C-AS1",TRUE
96.6273384600458,-1.61930766161844,0.0890048330891701,-18.1934801225472,5.81292630542299e-74,2.42636266288256e-72,"WHAMMP2",TRUE
2.01671064763002,2.40218735748352,0.412799687466589,5.81925672528023,5.91098867016486e-09,1.85042627840948e-08,"AC096733.1",TRUE
0.907746004846477,-3.27146223394352,0.370047022191375,-8.8406662876796,9.5149458924716e-19,5.32225330118033e-18,"LINC02504",TRUE
0.700777717235306,-1.77813249242383,0.332055015689707,-5.35493339478849,8.55879385865501e-08,2.44003925582634e-07,"AC092435.1",TRUE
3.76471566642437,3.45904313568675,0.365884056630729,9.45393239470344,3.26335013964542e-21,2.06277375552279e-20,"AC120036.1",TRUE
8.64316450410839,2.20622071407287,0.197929385794938,11.1465041191943,7.44751642713922e-29,6.70214364043638e-28,"AL645924.1",TRUE
0.7939393877247,-2.07970123822189,0.275992465299453,-7.53535512632711,4.87007609683293e-14,2.13004138973763e-13,"AC010395.1",TRUE
51.4690280313998,3.55879161892451,0.399443698790795,8.9093697802663,5.13234646502e-19,2.90469542919307e-18,"AC021134.1",TRUE
62.9582131550941,-2.02897967156336,0.110489532423927,-18.3635465464597,2.57244922566302e-75,1.11472799778731e-73,"LINC01197",TRUE
0.847093235129848,1.82843034576688,0.537333429899929,3.40278539175833,0.000667026515766062,0.00129202335609296,"LINC02122",TRUE
10.2314250334082,2.79491778410203,0.473740875620918,5.89967623215711,3.64215564339914e-09,1.15917290442524e-08,"ASNSP1",TRUE
1.47248002110928,2.65213571081779,0.467524752575561,5.67271721167138,1.40550137768606e-08,4.27614827724026e-08,"LINC02380",TRUE
0.934885419013923,1.65112716778956,0.528342466978698,3.12510780598701,0.00177739907295069,0.00326006306525654,"LINC02267",TRUE
12.9869688392764,2.21106129425777,0.322387926094233,6.8583874124724,6.96421852242067e-12,2.67678040277564e-11,"AC024230.1",TRUE
7.54316524101128,2.18814086244803,0.351943434387461,6.21730837586548,5.05755212541281e-10,1.71391292189712e-09,"LINC02437",TRUE
1.59493934560243,2.31984068279604,0.407700534019009,5.69006044688642,1.2699440852952e-08,3.87656741787544e-08,"AC092612.1",TRUE
93.2668472342071,1.8402833974937,0.232443083964596,7.91713552455706,2.43044789386451e-15,1.14856160187443e-14,"AC022784.1",TRUE
21.7528889387857,1.82898075833462,0.17652918424255,10.3607840606209,3.7388452015824e-25,2.86165204646739e-24,"KRT8P48",TRUE
1.07566029694517,-1.68818483180375,0.226049730580389,-7.46820103465414,8.12985754552306e-14,3.51271049819577e-13,"AC119751.3",TRUE
1.94094339117528,1.501001392437,0.331402326497213,4.52924217008967,5.91956204497006e-06,1.43581149747616e-05,"AC084024.2",TRUE
3.06182877453566,2.16372179055813,0.381639358913505,5.66954571121297,1.43176648213995e-08,4.35268305762909e-08,"GLDCP1",TRUE
1.87905181930872,1.94383841082027,0.332357298852071,5.84864065731093,4.95606450147815e-09,1.56088546325012e-08,"AC133963.1",TRUE
55.0251798718016,2.58089985618747,0.279270774449162,9.24156801325909,2.42911016319827e-20,1.47496334614009e-19,"LINC00992",TRUE
17.8880606934203,-2.42882989448687,0.115715728472754,-20.9896262724454,8.15847142632866e-98,6.43728750932989e-96,"OXCT1-AS1",TRUE
2.32282662445915,3.45223649141913,0.930415792353641,3.71042336102886,0.000206912930543686,0.000425133870430614,"LINC02484",TRUE
1.55589333591989,1.53887849057077,0.449063491526411,3.42686172358384,0.000610599913940517,0.00118821823732687,"AC011406.1",TRUE
1.14204427112672,2.03336060976046,0.63899149529194,3.18214033323161,0.00146190965044068,0.00271205761930023,"THUMPD3P1",TRUE
9.68879220562,2.3015062467362,0.30914451307656,7.44475851708299,9.71219091257972e-14,4.17591312798307e-13,"C4orf54",TRUE
0.586332150349028,1.5490401377794,0.441113750609855,3.51165688133232,0.000445322539662492,0.000880001868588122,"AC104063.1",TRUE
4.47521412776906,-1.53562823464142,0.22120775714614,-6.94201801262746,3.86537913812732e-12,1.51209792079738e-11,"AC116362.1",TRUE
287.304401845244,4.45930825330028,0.36253550814225,12.3003351482762,9.01991003960508e-35,1.04090726553304e-33,"AC093297.1",TRUE
1.71892988215392,3.35901253119032,0.953710209730495,3.52204736503716,0.000428227625610377,0.000848279067438217,"AC106771.1",TRUE
0.819028173925915,1.86933853938879,0.611001431292685,3.05946671095985,0.00221731428073127,0.00401288512061227,"AC092349.1",TRUE
0.772650336710296,1.60284927037414,0.435957389707085,3.67661911053068,0.000236345525843919,0.000482757827516495,"PMPCAP1",TRUE
0.811956482737395,-1.50066240131321,0.44646383654049,-3.36121826336793,0.000775994780697089,0.00149071681732703,"APOBEC3AP1",TRUE
1.09691254609793,1.79732686730985,0.59327436991321,3.02950364697666,0.00244955946279145,0.00440402342806294,"MARK2P5",TRUE
1.26735082307885,2.10143191513491,0.474843468916768,4.42552557357224,9.62077577769073e-06,2.28350573342022e-05,"AL645949.2",TRUE
1.94286540760043,3.08800165580997,0.588884422521622,5.24381616784334,1.57288918283561e-07,4.38596053309116e-07,"LINC01574",TRUE
16.3112406765894,-3.82571692578486,0.221018618473584,-17.3094780530542,3.99015567103894e-67,1.3267728718185e-65,"LINC02511",TRUE
1.5691876844759,2.79338864974279,0.362086106629441,7.71470818293934,1.21259354551537e-14,5.51190494201616e-14,"AC026782.2",TRUE
20.9425569718203,1.52680218940852,0.32012219063613,4.76943565322523,1.84742741604724e-06,4.69858381123153e-06,"C5orf17",TRUE
22.4547629278179,-1.67988762572207,0.0966086905944262,-17.3885766941447,1.00704096907689e-67,3.40893240983203e-66,"AC105001.1",TRUE
1.32828954472391,2.09176383759405,0.499921319672911,4.18418610145023,2.86189593358753e-05,6.44976390233604e-05,"CHP1P1",TRUE
0.853792279155027,1.66748361684805,0.269711429381768,6.18247295144389,6.3105126359261e-10,2.12450643811678e-09,"AC122719.1",TRUE
1.29095981236049,1.75641712735995,0.464875695116832,3.77825114500454,0.000157933564894392,0.000328660205440788,"AC022493.2",TRUE
2.74344970898209,1.71954926553303,0.195731982568569,8.7852237685818,1.56053574396898e-18,8.64715916159984e-18,"AC012640.1",TRUE
0.462833452477627,-1.74880313895249,0.489064990199803,-3.57580929732475,0.00034914610713547,0.000699783875915616,"AL133372.2",TRUE
7.82909751237197,1.5595925947807,0.156771685038967,9.94817778729015,2.56842959123624e-23,1.80454861073996e-22,"PSME2P3",TRUE
2.15676475452767,1.96360063431459,0.337670644548327,5.81513574252547,6.05847026356555e-09,1.89467123089261e-08,"AC097375.1",TRUE
125.285263289687,-1.94837413693226,0.156369564779463,-12.4600598567897,1.23278056364079e-35,1.47102043480057e-34,"AC124852.1",TRUE
28.3436493658392,5.13836314453466,0.248753669254161,20.6564315611545,8.54505948782641e-95,6.21930467950401e-93,"AC093895.1",TRUE
2.56871290824174,1.9850962524074,0.378941316563915,5.23853210414595,1.61858822654637e-07,4.50727581506815e-07,"AC108471.1",TRUE
3.39683358056999,1.90701191026909,0.330445768596363,5.77102838498893,7.8789200096009e-09,2.44520160792676e-08,"AC004672.1",TRUE
1.04744775558316,2.19091097224257,0.543363920231922,4.03212449458815,5.52748907978145e-05,0.000120823716729991,"MAST4-IT1",TRUE
42.5322167350514,6.0379543597453,0.314110120054905,19.2224126961905,2.40330803168025e-82,1.26341991044238e-80,"C5orf66-AS1",TRUE
1.25548282926398,2.0742199528263,0.3275668267166,6.33220394634419,2.41683726187286e-10,8.36560239172608e-10,"AC027627.1",TRUE
1.21881534738368,2.09405315868712,0.662604429145909,3.16033679609769,0.00157586862438058,0.00291207783131811,"AIG1P1",TRUE
2.03971994600785,2.84600444294507,0.56752425840293,5.01477144070285,5.30965448976171e-07,1.41678323201308e-06,"AC055733.1",TRUE
1.54156034017865,-1.86179892863771,0.195638623525574,-9.51652028156052,1.79075031350152e-21,1.14808056343918e-20,"AC093821.1",TRUE
1.13807045014019,1.87334468130923,0.283277821214774,6.61310043008592,3.76352933265621e-11,1.37690875644182e-10,"AC027801.3",TRUE
2.5926241105487,3.21172961351603,0.48127602037848,6.6733630547192,2.50006876753775e-11,9.2469764338786e-11,"AC026785.3",TRUE
1.9978489864904,-1.84193040816234,0.22417911351193,-8.21633371328465,2.0981906930451e-16,1.04715437455859e-15,"CTD-3080P12.3",TRUE
336.847946967942,5.25943774810279,0.341622369366483,15.3954723686744,1.7553792719783e-53,3.89122595678395e-52,"LINC02224",TRUE
28.2497547147853,3.47367042415105,0.283149584668458,12.2679693428419,1.34586468459019e-34,1.54282921080778e-33,"CASC16",TRUE
179.068851033005,2.64901955718693,0.263101272633874,10.0684406831937,7.6176187826012e-24,5.48417725866668e-23,"LINC01411",TRUE
44.4877140976275,-2.12733623857896,0.146340858316048,-14.5368577378753,7.07672968725518e-48,1.3047059090215e-46,"LINC01088",TRUE
2.01887980686819,3.14464860616138,0.337160975608628,9.32684632462224,1.0906783548506e-20,6.73925236869749e-20,"ARL2BPP4",TRUE
8.82929162436971,4.09142323956451,0.495203153047638,8.26211063961242,1.43118952072346e-16,7.18926207104571e-16,"LINC02149",TRUE
0.723579768386706,1.69442081980018,0.437204802460725,3.87557686984098,0.000106372391504077,0.000225514904082718,"AC096588.1",TRUE
19.1813251188148,2.09354915830646,0.374969191114268,5.5832564592446,2.36056253674659e-08,7.05260134888433e-08,"CASC9",TRUE
3.2470003330927,3.41306868530179,0.482504646954951,7.07364935621118,1.5091133045811e-12,6.05947811198439e-12,"AC116049.1",TRUE
13.53333088731,2.25415943505352,0.2450235078375,9.19976803429198,3.58723306120543e-20,2.15874203739022e-19,"ADAMTS19-AS1",TRUE
5.76479789681067,-2.3170070802805,0.326949410592659,-7.08674493732984,1.37303100749149e-12,5.52901831342908e-12,"LINCR-0003",TRUE
2.20454577986137,2.31625485866497,0.370897958495937,6.24499220232388,4.238212585162e-10,1.44373524211201e-09,"LINC01470",TRUE
2.27804263738435,-3.30998234649556,0.213631016566821,-15.4939221826913,3.81301591652856e-54,8.62073163736891e-53,"LINC01586",TRUE
1.75402621373606,1.79985607028327,0.292604972172332,6.15114656774606,7.69247880057925e-10,2.57071145979869e-09,"ANKRD20A18P",TRUE
0.957155553510373,1.98011589276015,0.486924649469552,4.06657558806534,4.77090153318735e-05,0.000104967544258843,"LINC01179",TRUE
1.52385871492897,1.99419078651377,0.411520488264292,4.8459088754605,1.26033358059035e-06,3.2543223056105e-06,"AC108673.1",TRUE
4.12725998479784,2.25506246238301,0.344175391943056,6.55207349268049,5.6743601740712e-11,2.05147750974127e-10,"ZEB2P1",TRUE
5.47349477666186,-1.8114030722738,0.337439875449872,-5.36807651988034,7.95807910942215e-08,2.27644945892537e-07,"NEUROG2-AS1",TRUE
13.939780938137,2.26471054076449,0.291203280939106,7.7770776945266,7.42190281511935e-15,3.41466075578884e-14,"LINC01234",TRUE
1.27671598180918,1.64546954063458,0.505259670810197,3.25668094189277,0.00112723060125993,0.00212117512863528,"RCC2P4",TRUE
15.1355592025172,-2.08075642026897,0.205957303369687,-10.1028532915586,5.36578333206143e-24,3.89484037355821e-23,"AC226118.1",TRUE
68.6080112039746,4.37286324217736,0.320796448299171,13.6312707492923,2.60995693218832e-42,3.96221390057151e-41,"BMPR1B-DT",TRUE
0.266556297533309,-2.75378597206801,0.647973311102258,-4.24984474651214,2.13918734087231e-05,4.88918267485962e-05,"AC106806.2",TRUE
35.8228803793394,1.52478627153722,0.111624869584617,13.6599153684239,1.76188398682569e-42,2.69083201951157e-41,"AL589765.4",TRUE
1.11642169811729,1.74464523894662,0.262029113891411,6.65821142176448,2.77179869132899e-11,1.02222363084473e-10,"HMGN1P13",TRUE
1.78877892648655,3.09565239163938,0.445961426320382,6.941525004038,3.87889556460613e-12,1.51724789349647e-11,"C5orf66-AS2",TRUE
815.127740421045,1.90256221404754,0.211011431969978,9.01639402323108,1.9438230113684e-19,1.12445250195229e-18,"TNRC18P1",TRUE
978.494902602591,-2.8661436652727,0.150625206893964,-19.0283135497393,9.94004769088496e-81,5.01182778432938e-79,"CARMN",TRUE
52.9563696760327,-2.42760079947611,0.125920212834787,-19.2788810058734,8.08056696430064e-83,4.33238844943125e-81,"AC106897.1",TRUE
104.451845048876,1.63134621557381,0.131502954183397,12.4053959525404,2.44302087173266e-35,2.8840476155356e-34,"AC106795.2",TRUE
4.04407593848902,3.23029010607986,0.430082818786939,7.51085596767383,5.87419946859817e-14,2.55755522107028e-13,"AC110813.1",TRUE
1.41722983144227,2.08837456190738,0.614364446869659,3.39924384060336,0.000675724436921673,0.00130810794786003,"AC026117.1",TRUE
6.03129197299397,-2.05341915260264,0.200184568068279,-10.2576296086033,1.09358184422567e-24,8.19996393272754e-24,"AC026369.1",TRUE
2.42886135407423,1.80920213241789,0.314837877059692,5.74645639627048,9.11331178602852e-09,2.81131110488879e-08,"AC026725.1",TRUE
1.40866597606616,-2.54340625806901,0.341889671847444,-7.43926028629467,1.0125065072185e-13,4.34996823129111e-13,"LINC02242",TRUE
1.34633476472229,-2.7338871853617,0.214430168585108,-12.7495454739459,3.13568143706971e-37,3.98515932932652e-36,"AC110772.1",TRUE
63.8533932034302,-1.54405409056422,0.101874444418207,-15.1564418278021,6.86912421307185e-52,1.45329118154991e-50,"ECSCR",TRUE
1.48028580299467,-2.60048339796189,0.211176198455812,-12.3142826557986,7.5886924140807e-35,8.78562136780373e-34,"AC108156.1",TRUE
1.81202777038081,2.58831029502435,0.348123387187742,7.43503708823929,1.04538627779715e-13,4.48631517845531e-13,"LINC02112",TRUE
7.64924764827049,-2.04073881861163,0.150653745557651,-13.5458883618045,8.37939916130438e-42,1.24622628463783e-40,"AC092490.1",TRUE
3.30595531448204,-1.7035654679067,0.236309295785218,-7.20904974239807,5.63436784750555e-13,2.32107775411224e-12,"LINC02147",TRUE
1.84376273179426,2.79000853463279,0.441513756924191,6.31918822658982,2.62940852772314e-10,9.08172791745604e-10,"AC004704.1",TRUE
17.600282725471,2.55205169456239,0.28766465399994,8.87162068428096,7.20889668313068e-19,4.0517773257445e-18,"HS3ST5",TRUE
1393.45520443663,1.70303389514969,0.117073212515813,14.5467426625853,6.12509223483906e-48,1.13410116197192e-46,"PVT1",TRUE
15.3280933387878,2.74838726908147,0.231423551689572,11.876005052278,1.57726907606936e-32,1.65551880649693e-31,"LINC02495",TRUE
2.33430241287185,-2.02002812803239,0.179477656410103,-11.2550395878619,2.18727871812614e-29,2.01543444650565e-28,"AC006487.1",TRUE
3.99722002839316,3.40865792872728,0.474760453401449,7.17974276144053,6.98427041525263e-13,2.86187326613789e-12,"AC119150.1",TRUE
57.424725149315,2.65447140447984,0.183824796057605,14.4402249392297,2.88897751905154e-47,5.2214518309156e-46,"LINC00536",TRUE
2.78698282809897,-1.61201829692297,0.138793764467283,-11.614486451248,3.47872248559942e-31,3.44994628856781e-30,"AC007663.2",TRUE
3.4084579392875,-1.59411586276512,0.126603973809213,-12.591357244184,2.35587393395428e-36,2.88452536140331e-35,"GOLGA8K",TRUE
9.72800737676988,-3.70232588265787,0.314445958477961,-11.7741245604763,5.30651326816968e-32,5.45697194792003e-31,"AC084866.1",TRUE
617.962203318922,1.68819533724748,0.166940082890202,10.1125823590121,4.85864283983359e-24,3.53564365144525e-23,"TMEM158",TRUE
6.13637060179836,1.82154522655275,0.235169285708153,7.74567657110335,9.50742326431869e-15,4.34728666265488e-14,"SLC7A11-AS1",TRUE
1.22557818750638,1.90412556971613,0.490234111594868,3.8841148028673,0.000102703374802536,0.000218111383972713,"CBX3P3",TRUE
1.9802322744431,-2.26138791499408,0.25784469326894,-8.77034887289839,1.78113548407679e-18,9.84551837765806e-18,"LINC00603",TRUE
1.57105347737748,2.72231518168294,0.538104495034009,5.05908277445421,4.21277975725212e-07,1.13278658228772e-06,"AC122710.1",TRUE
6.75873904623201,2.46275974550776,0.18362127950509,13.4121696142494,5.13153203397636e-41,7.42712684729777e-40,"AC025176.1",TRUE
2.58243065258069,1.78821393851355,0.224141398420153,7.97806184452168,1.48648914869768e-15,7.10800705271348e-15,"AC106795.3",TRUE
4.60820963790912,4.49685833248913,0.810676458952075,5.54704442546909,2.90538939930727e-08,8.6201008093835e-08,"LINC02377",TRUE
1.68464308164628,2.15774401328208,0.348367613521558,6.19387086953924,5.8704327115072e-10,1.9812939930298e-09,"AC122694.1",TRUE
0.94373000406663,-1.67736203049256,0.230382625082072,-7.28076620315882,3.31929501071704e-13,1.38764793357756e-12,"AC116563.1",TRUE
2.02696266534995,2.17343312483304,0.518905172566433,4.18849770582077,2.80807148901255e-05,6.33607096747082e-05,"RASA2-IT1",TRUE
6.30592900221697,1.55001632674019,0.14747722610639,10.5102080345748,7.75223518478514e-26,6.11451883361343e-25,"KRT8P32",TRUE
9.45597806757144,1.99209814815208,0.334103073373742,5.96252566022832,2.4836863265055e-09,8.00392002500044e-09,"AC105383.1",TRUE
8.62606315458161,4.40159460572328,0.285617242546285,15.410815420256,1.38453706966814e-53,3.07865120694883e-52,"AC010307.4",TRUE
3.61305999464914,2.83008820997139,0.484758507495317,5.83814036517705,5.2786678333138e-09,1.65885615032637e-08,"CTD-2350J17.1",TRUE
8.45028055139752,-2.84123100296668,0.305245994209371,-9.3080042223842,1.30256820659725e-20,8.01980653305813e-20,"LINC01612",TRUE
2.21874528031283,2.65909152276787,0.492434935009979,5.39988399221511,6.66840041580941e-08,1.91987300344429e-07,"AC021237.1",TRUE
4.72895162067722,1.91425418061981,0.166369968200881,11.5060079731967,1.23043334134907e-30,1.1955313600321e-29,"AC034199.1",TRUE
2.51226080557208,-2.92803678597187,0.173006741204443,-16.9244086420412,2.97318138252504e-64,9.03162684362997e-63,"AC002401.2",TRUE
0.980674794296706,1.51050151476721,0.511044361394211,2.95571505895558,0.00311945135244369,0.00552895241967351,"AC109439.1",TRUE
412.92146282373,-1.95580970325158,0.148697752292019,-13.152920424854,1.63726387046911e-39,2.24973921201678e-38,"TRMT9B",TRUE
1.8405836330608,1.58978360348767,0.296606930960868,5.3599003851242,8.32678533948646e-08,2.37719311583699e-07,"AC006487.2",TRUE
0.771381636531288,2.05332008141591,0.443304365010378,4.63185171065899,3.62409699041598e-06,8.96726630203255e-06,"LINC02229",TRUE
10.5484460230439,-1.90317756893543,0.114649272848366,-16.5999968569583,6.9694579684262e-62,1.95962088545456e-60,"RPSAP70",TRUE
23.80519459911,-1.9157061845155,0.118592383341376,-16.1537033875186,1.0694365407961e-58,2.76388509585388e-57,"LINC00989",TRUE
2.08842994937429,-2.70562515130191,0.209329467094419,-12.9251996331769,3.24453398443459e-38,4.26543060518419e-37,"STK32A-AS1",TRUE
1.33969341386369,1.97525554018972,0.270661100758926,7.29789221521364,2.92310646967321e-13,1.22534261102463e-12,"KRT18P21",TRUE
14.3121751660057,3.42941705361453,0.420881133695002,8.14818431871006,3.69428978247698e-16,1.81828654363903e-15,"LINC02197",TRUE
21.7257372154639,6.53087978523956,0.558302764568656,11.6977385743116,1.30895366972003e-31,1.3246058706944e-30,"AC093292.1",TRUE
8.78728683628609,2.59565595082454,0.301973189731828,8.59565033945448,8.27945504232835e-18,4.41489102578319e-17,"AACSP1",TRUE
2.57465122280519,3.6297795657373,0.810307448113199,4.47950907299352,7.48149102301451e-06,1.79429402396814e-05,"AC008825.1",TRUE
8.80136738732697,1.75105468608627,0.150348549422586,11.6466350544199,2.38699231269816e-31,2.38865263658829e-30,"GMPSP1",TRUE
5.98310479619142,4.43245164372507,0.44786214193318,9.89691074265078,4.29332255696566e-23,2.98581697645243e-22,"AC017037.2",TRUE
10.3085495501867,1.64919802198902,0.404972747209514,4.07236791451502,4.65375920055289e-05,0.00010252998830825,"LINC02233",TRUE
4.7130597560091,1.65224570187338,0.341504133851101,4.83814261116315,1.31058095152751e-06,3.37901277586186e-06,"AC034213.1",TRUE
27.0411051252782,2.00930286761879,0.217168502587824,9.25227573831163,2.19762922229371e-20,1.33760650450143e-19,"STK19B",TRUE
39.9632779459871,-3.41287718758131,0.433055432668163,-7.88092454250884,3.24967518531036e-15,1.5245215325869e-14,"AC104407.1",TRUE
13.0868374853173,4.0112573196251,0.381965779071922,10.5016143838106,8.4915294815662e-26,6.68663405262538e-25,"AC079160.1",TRUE
3.12251075796167,3.51644702140813,0.485577964165135,7.24177635913532,4.42845671358359e-13,1.8360441091092e-12,"KNOP1P5",TRUE
0.762811959626307,-4.4260183842156,0.445147735819374,-9.94280780979088,2.71076604443485e-23,1.90176629515293e-22,"AC108516.1",TRUE
5.27366376654601,1.93243421180839,0.36800402750377,5.25112245351335,1.5117513258511e-07,4.22366566699466e-07,"LINC02492",TRUE
23.6630648383174,-1.80072585920417,0.127484602260221,-14.1250459057678,2.66226318439694e-45,4.51663832698789e-44,"AC093535.1",TRUE
57.133082830717,2.05496343796873,0.738389126149206,2.78303588879434,0.00538528487980523,0.00924611724927973,"AC114786.2",TRUE
27.6802881836042,-1.58067701886468,0.23061028208433,-6.85432151844234,7.16517670297019e-12,2.75157066020281e-11,"LINC02515",TRUE
0.713264040177412,-3.35782693883364,0.334114947697669,-10.0499153419261,9.19463759972097e-24,6.58765867868454e-23,"AC093909.4",TRUE
28.842267005578,2.58330170267466,0.22195685321647,11.6387562052667,2.61805651595786e-31,2.61321274812075e-30,"AC083906.3",TRUE
5.93045683220964,2.07339926378828,0.424549133157388,4.88376751206233,1.04077782836526e-06,2.70749027016122e-06,"LINC00491",TRUE
1.86516632863354,-2.20204274491211,0.215934747517706,-10.1977230169107,2.02975270897892e-24,1.50315935002625e-23,"AC009123.1",TRUE
0.872745284636451,-3.11507159524186,0.291993187113951,-10.668302319075,1.43219135729799e-26,1.16497133398005e-25,"AC008667.2",TRUE
2.96692848920842,2.02867425906914,0.420652423977842,4.82268529415631,1.41638349205267e-06,3.64070701667519e-06,"AC131182.1",TRUE
0.646922934564867,-1.81459222113126,0.21097704012101,-8.60089903664618,7.90940430640587e-18,4.22226208861444e-17,"AP000892.1",TRUE
2.41594357181955,2.0101814602159,0.400285093242168,5.02187439440759,5.11696435190688e-07,1.36697314575576e-06,"LINC02269",TRUE
2.39080449140259,2.46557896780767,0.380652366440148,6.47724586836462,9.34119146828705e-11,3.32562751605435e-10,"C8orf17",TRUE
2.30413795215843,3.02295776229687,0.48983987912337,6.17131820240287,6.77229700130323e-10,2.27471532018693e-09,"AC119751.4",TRUE
1.22310637302295,2.46890128434828,0.798456551856145,3.09209221041384,0.00198751100181338,0.00362006139594301,"AC093730.1",TRUE
7.40318114558654,2.30428755505835,0.301736522356308,7.63675387077374,2.22766771536472e-14,9.95713945682906e-14,"AC010255.2",TRUE
1.31472233802589,2.27146570707506,0.320736157984013,7.08203815046098,1.42049535620579e-12,5.71268911422305e-12,"AC138965.1",TRUE
0.624577413845765,-4.01812969681542,0.382433152339464,-10.5067504536028,8.04168350427658e-26,6.33934356245803e-25,"EXOC1L",TRUE
0.737370287126873,-1.75012553113261,0.285000351840776,-6.14078375633152,8.21153065826154e-10,2.73823428270546e-09,"AC074131.1",TRUE
5.92154544270055,4.54991277389716,0.567506712500866,8.01737261194107,1.08031027754254e-15,5.20672156099787e-15,"AC010595.1",TRUE
7.73303748930286,1.67800784084171,0.184756587797239,9.08226256420819,1.06340874238713e-19,6.23596757084626e-19,"AC010368.1",TRUE
0.909605336319078,-2.62162845108286,0.363133531554022,-7.21946122646307,5.21939473278979e-13,2.15444794058155e-12,"LINC02063",TRUE
1.83118882642193,-1.66492652820037,0.207885220224945,-8.00887396611849,1.15763468656763e-15,5.57006834696309e-15,"MESTP3",TRUE
2.20815504759672,1.82220258186755,0.362269905318684,5.0299584787883,4.90586063103218e-07,1.31285308057632e-06,"LNX1-AS1",TRUE
2.12297504529616,1.97729112313731,0.32111063485814,6.15766314937166,7.38261737208996e-10,2.47156194368137e-09,"GAPDHP66",TRUE
9.89350547346735,-3.73774684863682,0.18584905109418,-20.1117349086851,5.82503976520965e-90,3.82080115906457e-88,"AC016924.1",TRUE
24.7834014742323,-3.45040529379363,0.237277324425279,-14.5416562756304,6.59767774188681e-48,1.21951079802927e-46,"AC025470.2",TRUE
0.324792914362747,-3.60086537065809,0.632689295408506,-5.69136446086563,1.26028175662546e-08,3.84843360803416e-08,"LINC02382",TRUE
1.34226123357016,-1.50310380806579,0.198071842310736,-7.5886798978106,3.23181044757752e-14,1.42870981171203e-13,"AC097658.2",TRUE
10.3005677112947,-2.72580579112804,0.161612242291775,-16.8663323549887,7.95870802298054e-64,2.38209319189903e-62,"AC110772.2",TRUE
2.48076734117944,2.10226745596275,0.395743344619243,5.31219914256654,1.08310147858453e-07,3.06133987005294e-07,"LINC02196",TRUE
1.1972045143786,1.62082743477044,0.26856055119396,6.03524020026249,1.58726405763597e-09,5.18398159118943e-09,"AC005355.1",TRUE
1.9655954950967,2.597099448667,0.517708962972467,5.01652402105527,5.2614700810115e-07,1.40444708204871e-06,"TMEM108-AS1",TRUE
2.71367712761915,1.53582481532768,0.215009933427001,7.14304121139184,9.12882413815971e-13,3.71834871611754e-12,"GAPDHP62",TRUE
8.84589812301481,3.65303892224094,0.425625562496865,8.58275264486223,9.26293979083951e-18,4.92593003169829e-17,"LINC02163",TRUE
1.52441675848236,2.10133151736329,0.428686578159205,4.90178984932647,9.49673987092516e-07,2.47795957214878e-06,"SLC25A48-AS1",TRUE
0.274195247710923,-2.37307238406001,0.600540601456042,-3.95156027470311,7.76433103826192e-05,0.000167128087183375,"LINC02512",TRUE
1.36989994931856,2.47341746299842,0.625860567291752,3.95202636539555,7.7492200228156e-05,0.000166819897895822,"AC024132.2",TRUE
1.69532391474907,3.20821689420857,0.577945056763855,5.55107593128776,2.83916724305723e-08,8.42999850098722e-08,"AC104663.1",TRUE
6.88008153274886,1.94381988553131,0.250019800600122,7.77466377009166,7.56480644358487e-15,3.47855365549886e-14,"ALG1L3P",TRUE
21.1378694167257,2.91435344022719,0.399790328766699,7.28970470400719,3.1063512097776e-13,1.30051526058785e-12,"LINC02506",TRUE
10.0680188113394,3.55688778909226,0.425576274964424,8.35781503419005,6.38905142143102e-17,3.26526298814639e-16,"LINC02882",TRUE
3846.61862604189,3.23665840333753,0.236797537654039,13.6684630904662,1.56669289874296e-42,2.3969679372473e-41,"MRPS30-DT",TRUE
3.18299627268656,2.3003789673874,0.278087576836732,8.2721385599256,1.3157726020347e-16,6.61642147312334e-16,"AC113346.1",TRUE
69.6815428190763,3.58809609537527,0.213952118164846,16.7705565439213,4.00737685149063e-63,1.16942788986028e-61,"HOXC-AS3",TRUE
2.46406896430592,1.98784056771374,0.52574783523846,3.78097718046166,0.000156213994015579,0.000325160163091988,"F11-AS1",TRUE
0.850523137775509,1.50405263716437,0.280623116030548,5.35968903217739,8.3365323826547e-08,2.37981835859102e-07,"AC025174.1",TRUE
2.22470669788811,2.12657343400274,0.434807996573178,4.89083331208891,1.00409970803137e-06,2.61414107604825e-06,"AC096741.1",TRUE
0.705458082022922,1.68604034858096,0.544978790177866,3.09377241641034,0.00197629023558392,0.00360190391317098,"AC025244.1",TRUE
2.54578661759092,-2.0152729802035,0.172694436129656,-11.6695883513611,1.8230321268439e-31,1.8323723007588e-30,"AC010425.1",TRUE
17.1906341410074,1.97173126001004,0.224024693714258,8.80140143177685,1.35118088746561e-18,7.5063672419894e-18,"LINC00589",TRUE
18.4796183221733,1.52892274567008,0.111886118127457,13.6649905391157,1.64325135345851e-42,2.51231769094117e-41,"AC136632.2",TRUE
1.23573803370835,2.47513483469797,0.510131880643702,4.85195089468777,1.22252896510812e-06,3.161056202616e-06,"PSMA2P2",TRUE
10.2318836856009,-2.46294298076839,0.139430366366074,-17.6643226648486,7.89548485887617e-70,2.89277696527246e-68,"AC010457.1",TRUE
1.28967688664111,1.96380248323136,0.271006275400669,7.24633582867402,4.28197634944714e-13,1.77753293490563e-12,"CAB39P1",TRUE
0.506000604558093,-1.58842559214246,0.444308154006753,-3.57505388505276,0.000350155770579642,0.00070157945583851,"PCAT4",TRUE
1.27445474191199,-4.08741008313969,0.414811591242319,-9.85365445285246,6.60960389870343e-23,4.54831798896748e-22,"AC024132.3",TRUE
22.0968255241732,3.34995888780765,0.342757945750338,9.77354115153827,1.46249012226036e-22,9.87192268951474e-22,"LINC02475",TRUE
3.50718449055696,1.63148388491839,0.308421515689755,5.28978622412166,1.2245940545827e-07,3.44839038270954e-07,"AC024451.1",TRUE
37.3371199137268,1.78736452936859,0.12560828912122,14.2296702062686,5.99638907231697e-46,1.03563086178952e-44,"LINC02236",TRUE
1.18075797408722,1.65357125897882,0.328277553809257,5.03711338101299,4.72604861014464e-07,1.26677591612124e-06,"AC113615.1",TRUE
1.49915580991634,2.39380014730556,0.50766112528155,4.71535051256477,2.41294996053669e-06,6.06858110231125e-06,"AC016576.1",TRUE
0.681093778288189,-1.90471360538255,0.268800562425112,-7.08597328888849,1.38070442454299e-12,5.55884659036381e-12,"LINC02160",TRUE
1.18974927463014,1.8957919094784,0.341362579075537,5.55360202226178,2.79842211384815e-08,8.31244999543606e-08,"AC021151.1",TRUE
2.45129318485622,-3.70294495770369,0.212073200068237,-17.4606926123255,2.85449786506416e-68,9.84813172311503e-67,"AC063919.1",TRUE
12.3937164379192,2.82076656940922,0.302911816174218,9.31217079952694,1.25245910700856e-20,7.71679301334611e-20,"AC013724.1",TRUE
2.32417800136609,1.50069368041415,0.198454710743703,7.56189497739987,3.97239070706046e-14,1.74804631848215e-13,"FKBP4P1",TRUE
0.970249121260608,2.34391909643541,0.768660165599401,3.04935679164228,0.00229331941379526,0.00414019600532912,"AC115622.1",TRUE
1.17155061692708,-1.72829512407792,0.266050292959573,-6.49612186046544,8.24169072011712e-11,2.94463055861138e-10,"OR7E28P",TRUE
48.1752815298761,3.03816902667643,0.235640175210291,12.893255676648,4.91253056739954e-38,6.42694208211471e-37,"FOXD1",TRUE
2.13355288902554,1.81802722160106,0.326831272057288,5.56258649962475,2.65805203263538e-08,7.91019276898179e-08,"AC096734.1",TRUE
16.4213012233509,1.76065301958358,0.191974480659858,9.17128679568158,4.67405754808297e-20,2.79640038501887e-19,"LINC00605",TRUE
4.2706436516764,2.68793019602261,0.268179677149508,10.0228705791309,1.20938366678864e-23,8.62332712020447e-23,"LINC02201",TRUE
1.00837216359304,1.64534316569346,0.370462170887216,4.44132571418302,8.94063444817605e-06,2.1262826911135e-05,"AC091133.5",TRUE
2.861285996184,2.444032799149,0.36433271954689,6.70824405282229,1.96980294407668e-11,7.33724821492618e-11,"AC099520.1",TRUE
3.10143891601874,-2.0745291137002,0.178489050265777,-11.622724814834,3.15897591213366e-31,3.13861418894312e-30,"LINC01267",TRUE
1.80151796054085,2.61771691622526,0.543115447385735,4.81981672372889,1.43690164457535e-06,3.69234787924935e-06,"AC055733.3",TRUE
4.03285783604347,3.98197352354756,0.436244717634018,9.12784353044749,6.98772799000404e-20,4.13874488882358e-19,"LINC01385",TRUE
1.95710390076349,1.85227533619982,0.406821318899654,4.55304392899011,5.287522658864e-06,1.2879365537365e-05,"HSPA8P19",TRUE
2.35331097558519,-2.16426704708849,0.151205763033963,-14.3133899374085,1.80496070736981e-46,3.16161136891563e-45,"LINC02172",TRUE
10.2294659855281,1.73923351128459,0.185119540740056,9.3951913684078,5.71139039006307e-21,3.58133966635366e-20,"LINC02278",TRUE
1.31866594937132,2.53238805260758,0.749303813272337,3.37965456434581,0.000725769855074492,0.00139946508265269,"PRB1",TRUE
0.958890208173367,-1.58309042503013,0.326868894428027,-4.84319692701353,1.2776654513178e-06,3.29710259365478e-06,"AC073848.1",TRUE
2.67769383982626,1.57158091722517,0.309687585090293,5.0747301244477,3.88046350494421e-07,1.04714771085027e-06,"AC104791.1",TRUE
0.995183554981283,1.57866110945711,0.48667514005181,3.24376772006281,0.00117959898307117,0.00221431333113046,"RNA5-8SP6",TRUE
1.08589034520583,1.56075937270042,0.518108910980241,3.01241561305619,0.00259177484671226,0.0046446189330718,"RNU7-124P",TRUE
1.25654209827106,2.25801493715994,0.676364706098752,3.33845766462902,0.000842448666791207,0.0016124921042489,"RNU4ATAC11P",TRUE
1.59351895564046,2.95657991795938,0.799810763614281,3.69659931131563,0.00021850680478912,0.000447846599615272,"RNU6-848P",TRUE
29.0180532461169,2.12077155814496,0.238044671481476,8.90913266382436,5.14333379717408e-19,2.91053214482802e-18,"SCARNA6",TRUE
1.34384261641078,2.07492914493833,0.566903584770368,3.66010940957236,0.000252107579234955,0.000513156155432024,"SCARNA11",TRUE
1.48341645154574,2.90331874295028,0.562943907964226,5.1573854905892,2.50421900654706e-07,6.86540635981523e-07,"RNU6-617P",TRUE
0.624323312517423,-2.29498070175899,0.269023676776175,-8.53077591259148,1.45369381264603e-17,7.66635202270317e-17,"RNU6-1161P",TRUE
0.916010097494415,-1.96288900739981,0.182267300306532,-10.7692877663666,4.80705367196516e-27,3.99446354412815e-26,"RNA5SP154",TRUE
116.426471790434,4.41225159393136,0.337939962298639,13.0563179445236,5.84889881918888e-39,7.89116827246614e-38,"SCARNA5",TRUE
1.98609415381574,1.98724580018474,0.276151680969177,7.19621113009465,6.19087435805654e-13,2.54486009526755e-12,"RNU6ATAC14P",TRUE
1.22026223176293,1.83500724667786,0.279154613386257,6.57344410116849,4.91645361003134e-11,1.78569500806995e-10,"AC243964.2",TRUE
5.68947258262158,3.68848270981922,0.527700533461142,6.98972708181056,2.75421486876588e-12,1.08717682216879e-11,"SNORA74D",TRUE
2.39946001497552,1.84426359251346,0.381553635652536,4.83356314862361,1.34110710691205e-06,3.45462147026702e-06,"RNU4ATAC12P",TRUE
1.75406991660716,2.05390259636781,0.271812109876916,7.55633219321195,4.14594178809491e-14,1.82311612403644e-13,"RNU6-875P",TRUE
2.35273003958912,2.8364319287448,0.869836628994499,3.26087892162418,0.00111067456007695,0.0020918447378653,"RNY4",TRUE
1.08463223823338,-3.82395434028288,0.218989963547525,-17.4617789707656,2.8006876428544e-68,9.67021429324767e-67,"RNU5B-3P",TRUE
2.08936609747655,2.02823743676978,0.451422803080573,4.49298844216288,7.02305976753263e-06,1.68988827321575e-05,"RNU6-107P",TRUE
0.817386162056492,-1.58867259567735,0.250460055238869,-6.34301782838068,2.25307345223535e-10,7.81819023946597e-10,"RNU7-160P",TRUE
0.357997175799094,-2.55226400362261,0.356079568311072,-7.16767888629022,7.62799618366273e-13,3.11854044981418e-12,"RNU6-1191P",TRUE
1.57793149846079,2.44307448819772,0.471258705700823,5.18414717573133,2.17005525777122e-07,5.98731604713967e-07,"RN7SKP219",TRUE
2.29010782447851,1.70663375907012,0.254123019423644,6.71577790528695,1.87065534082778e-11,6.97817497926766e-11,"RNA5SP449",TRUE
1.42264374776923,2.0227247939217,0.603706555289768,3.3505099061759,0.000806629241952299,0.00154701911138736,"RNU11-2P",TRUE
0.640211757014595,1.82373192415922,0.402213531065411,4.53423811806727,5.78117805797193e-06,1.40319224486598e-05,"RNU6-250P",TRUE
29.2804770224047,4.01645542906157,0.311546738653517,12.8919835477027,4.99425270453886e-38,6.52792085790119e-37,"SCARNA21",TRUE
1.65143904551957,1.97088249736777,0.386489108127018,5.0994515910654,3.40638971611e-07,9.23491081327308e-07,"RNA5SP101",TRUE
3.61945723111761,2.6492553755759,0.441359193818316,6.00249278293375,1.94310901377086e-09,6.30845381633446e-09,"SCARNA3",TRUE
4.82613599240289,3.14063000521674,0.47123628770753,6.66466078089036,2.65277350257036e-11,9.7991872963828e-11,"SCARNA1",TRUE
1.23056291185221,1.51543028090679,0.481918474242177,3.14457810170034,0.0016632650742552,0.00306256487222076,"SNORD116",TRUE
1.17155210301606,1.5136715654324,0.47768824586837,3.16874358648026,0.00153099398018128,0.00283267030413788,"RNU7-181P",TRUE
7.82641401372221,-1.85764209038445,0.138547837995509,-13.4079471557302,5.43217244631011e-41,7.85698936939491e-40,"AP003548.1",TRUE
4.34312478383422,1.68183758242631,0.245656489963421,6.84629818929978,7.57854288535285e-12,2.90591605305463e-11,"AC027698.1",TRUE
363.467441656472,3.29444477826706,0.216897366706298,15.188957008999,4.18525974107732e-52,8.92028693456283e-51,"AC055854.1",TRUE
15.0756242058582,2.06977745180369,0.229794474600455,9.00708102491337,2.11613724645642e-19,1.22200272353571e-18,"AC114550.1",TRUE
0.594369333685289,-2.96147050469044,0.397769359511783,-7.44519514606482,9.68012194200236e-14,4.16253923499872e-13,"AC013644.1",TRUE
2.13395351524301,2.6847217151275,0.41521104514481,6.46592075649426,1.00683833636385e-10,3.57802738554663e-10,"AP001207.1",TRUE
209.020191987382,2.17700030612506,0.284338736719394,7.65636202524695,1.91274044438324e-14,8.58434286106408e-14,"AC100801.1",TRUE
0.213673966067625,-2.67628782668607,0.748254855657232,-3.57670626050979,0.000347950787041191,0.000697550093766445,"H2AZP7",TRUE
70.0214626577749,2.09813395099282,0.137833814556424,15.2222004284291,2.51913499190743e-52,5.40655724767403e-51,"LINC01605",TRUE
7.8353923735007,4.72865258835286,0.467629091553912,10.1119726590143,4.88898038282806e-24,3.55712058871981e-23,"AC108515.1",TRUE
1.7485801546432,1.6736727773868,0.24027781272973,6.96557355160124,3.27068488216385e-12,1.28563533255184e-11,"AC009630.2",TRUE
22.0850007333074,-3.28813003791283,0.138496174217088,-23.7416669196855,1.33962298010116e-124,1.97331494270191e-122,"AC104211.1",TRUE
9.02021250179668,2.4560428188305,0.274308014816843,8.95359481373672,3.44090068070832e-19,1.96518821462712e-18,"AC084026.1",TRUE
5.92422398327061,-1.54814438279672,0.20126542365902,-7.69205338230158,1.44792178144336e-14,6.55540357810006e-14,"AC084082.1",TRUE
22.3989315719233,1.59768884572855,0.292082496005044,5.46999175774286,4.50056508285901e-08,1.3134382918128e-07,"GUSBP3",TRUE
0.518134263989855,-1.98376983757293,0.322433939897934,-6.15248456226688,7.62783987326048e-10,2.55029490223815e-09,"AC084116.1",TRUE
9.88719787715426,2.79525537525014,0.228135112058346,12.2526311273613,1.62632481002097e-34,1.86038109728347e-33,"AC090192.2",TRUE
1.04173466149937,1.64912711800813,0.542412855196771,3.0403540443559,0.00236300192595879,0.0042583366649011,"MTND1P36",TRUE
28.1682585028536,-2.02297952563003,0.122405611237736,-16.5268528556343,2.3510261972868e-61,6.52122690712713e-60,"C8orf88",TRUE
1.12633086104023,1.9948206726387,0.344252158237117,5.79464972087317,6.84639228717312e-09,2.13288791045468e-08,"AC068228.1",TRUE
2.1047773909336,1.57046702802145,0.357205596827092,4.39653533419199,1.09992462319717e-05,2.59357226492516e-05,"AC022826.1",TRUE
2.50432522532499,1.50750036864303,0.256180316992388,5.88452846940549,3.9919042416129e-09,1.26535390032324e-08,"AC135166.1",TRUE
20.8576835204521,3.07953896817088,0.396919492490333,7.75859847257536,8.58730543845889e-15,3.93740680679789e-14,"LINC01606",TRUE
8.11010521714191,1.91163211993392,0.404340479979481,4.72777823291629,2.26989903976894e-06,5.72181068545891e-06,"AC146944.1",TRUE
6.70870598706316,2.56287763654025,0.58476241873729,4.38276735032735,1.17181229833993e-05,2.75360259140585e-05,"AC111149.2",TRUE
0.826243210375971,-1.86512634775399,0.258612971674106,-7.21203710579664,5.51209478341153e-13,2.2720085078029e-12,"AC114550.2",TRUE
0.897968136722785,1.68621326787538,0.584897674986351,2.88292010720461,0.00394007357371453,0.0068869907436222,"COX6B1P6",TRUE
0.947027133740266,2.2931747519171,0.426658123082981,5.37473594864876,7.66949917975952e-08,2.1972491510018e-07,"AC105999.1",TRUE
188.072464019634,1.67448158742611,0.19004962672836,8.81075967499512,1.24300593431119e-18,6.91431062313068e-18,"AC069120.1",TRUE
3.01014298185386,2.1767570967942,0.61146486220044,3.55990545222966,0.000370988338724727,0.000741255344630304,"AC090809.1",TRUE
26.2773585582517,3.98707502035146,0.273826798337506,14.5605727582484,5.00368090084049e-48,9.30857188277049e-47,"COPDA1",TRUE
1.35211408147411,-3.18940516892172,0.302192730614529,-10.5542087741021,4.85714421135607e-26,3.86209182317848e-25,"AC113133.1",TRUE
30.7701115563522,1.70135389874952,0.1732900734242,9.81795359151785,9.4237081795019e-23,6.4375948880548e-22,"AP003469.2",TRUE
1.73507550879667,2.02974258169653,0.414027969681327,4.90242865296951,9.46589998113497e-07,2.47036064328084e-06,"AC016868.1",TRUE
0.221027881436128,-2.70735467074133,0.666114257041792,-4.06439982648723,4.81562153101719e-05,0.000105906866384052,"AC069113.2",TRUE
80.3515994916814,1.58102631474495,0.167194463555302,9.45621213241913,3.19300741317341e-21,2.0206774186593e-20,"AC124067.2",TRUE
12.0091987234488,1.79440550876728,0.269498776512352,6.65830669804555,2.77000286826924e-11,1.0216486395018e-10,"LINC02159",TRUE
1.08678854159537,-3.64425009251508,0.216812042468594,-16.8083380010728,2.12033155905181e-63,6.25519549478307e-62,"LINC01942",TRUE
9.10578857122159,-5.08278900980961,0.267476314235851,-19.002763008495,1.61798307159877e-80,8.10117742113722e-79,"LINC02237",TRUE
0.881705850530827,2.31252936109889,0.349041368924993,6.62537328518167,3.46371752003559e-11,1.26937291470439e-10,"AC113423.2",TRUE
1.50323538712577,1.67254100802664,0.41445047781876,4.03556298650968,5.44715234749497e-05,0.000119127993573794,"AC124290.1",TRUE
0.980344584308538,1.6447798718785,0.559193113712862,2.94134500505145,0.00326790338599159,0.00577854433543907,"IGHV7-40",TRUE
2.85016632172661,-1.96823570181615,0.339304094079871,-5.80080151155744,6.59986863083632e-09,2.05801842429662e-08,"AC044893.1",TRUE
3.34110649188231,1.52295700292818,0.286968785046622,5.30704760338568,1.11415088604582e-07,3.14621514274652e-07,"AC103769.1",TRUE
9.96020270706537,3.84121165802661,0.394256390591325,9.74292807851604,1.97771981884888e-22,1.32441252725396e-21,"AC012213.1",TRUE
14.7315904442287,2.4068738794537,0.199690658608657,12.0530118745843,1.86990128853928e-33,2.04575258842473e-32,"LINC02099",TRUE
1.37537418667869,-1.82404837824428,0.257237815528821,-7.09090292379625,1.33239787449184e-12,5.37190959953926e-12,"AC103957.1",TRUE
4.14932802833738,1.96975484848728,0.247874690337132,7.94657512555332,1.91738620286928e-15,9.10489476464276e-15,"HPYR1",TRUE
2.08276093471623,1.9047969413669,0.344297780480594,5.53241132925127,3.1585812755039e-08,9.34560690003075e-08,"AC104350.1",TRUE
3.33524769669511,1.57631805032529,0.26974496925117,5.84373474953491,5.10432822022097e-09,1.6052375836836e-08,"AC120193.1",TRUE
2.27793961223532,2.79629198423957,0.439411464517343,6.36372104517359,1.96923649226819e-10,6.85863839624718e-10,"AC018442.2",TRUE
98.5317098018829,-1.538247571165,0.120611798348216,-12.7537072842903,2.97265111373116e-37,3.78127621469356e-36,"HOXA-AS2",TRUE
1.34620047498404,2.54069758540966,0.561532435931825,4.52457849775595,6.05159895132532e-06,1.46610727330452e-05,"LINC01414",TRUE
4.61151750755361,1.82779499577637,0.221849158930066,8.23890883603734,1.73788293619541e-16,8.7045407364737e-16,"AC024382.1",TRUE
1.02443941845699,1.77835326560299,0.387264960885703,4.59208409027186,4.38841465975488e-06,1.0778124208446e-05,"AC021744.1",TRUE
1.78454779049947,1.50385232245122,0.280358715271517,5.36402915455934,8.13857589475361e-08,2.32607731685031e-07,"AP003351.1",TRUE
1.30583554909042,2.13729500634735,0.283235066627162,7.54601127536511,4.48791212167986e-14,1.96807851220995e-13,"AC110741.1",TRUE
0.694780983010074,-1.50298733781092,0.340510362077267,-4.41392540491871,1.01512949281214e-05,2.40295008554665e-05,"LINC01300",TRUE
9.80949827786996,1.68528817381977,0.186817325102058,9.02104862543717,1.86297368741433e-19,1.07941930928718e-18,"AC107959.3",TRUE
2.59533374180787,2.52150867266013,0.425953914022718,5.91967485131654,3.22578723722724e-09,1.03038023356074e-08,"AC027419.2",TRUE
3.22766080791785,3.0611252033671,0.586755820727698,5.2170342333727,1.81810667839018e-07,5.04302597939076e-07,"AF279873.3",TRUE
2.28719653710614,-2.32806691763351,0.226166506913895,-10.2935971793553,7.53092383152278e-25,5.68540620200321e-24,"KCNIP1-OT1",TRUE
3.94519256413071,1.78748572348262,0.239343497963261,7.46828611887755,8.12460372644584e-14,3.51079191863639e-13,"LINC01592",TRUE
9.1271740986188,1.89911875154449,0.199747399207392,9.50760189659688,1.95108347551876e-21,1.24809193424321e-20,"AP000424.1",TRUE
1.12828986586282,-1.71726000321414,0.25444564155248,-6.749025028436,1.48841915599087e-11,5.58804547430113e-11,"AC104964.1",TRUE
0.834059192068968,1.50857812025583,0.401185669033429,3.76029912506703,0.000169710304737011,0.000351996576118477,"LINC02844",TRUE
70.597362864209,-3.12557286460765,0.167402080919883,-18.6710514435213,8.5159626429433e-78,3.96921109794204e-76,"LINC01484",TRUE
2.87711218342571,-1.70061573632273,0.125059331013104,-13.5984714019023,4.08890157894194e-42,6.15545839369146e-41,"AC026904.2",TRUE
5.0274084222821,3.57494100418608,0.360649078206964,9.91251945508798,3.67265850195562e-23,2.56243034181061e-22,"IGHEP1",TRUE
1.66961361197119,-1.66270160980353,0.187699225653342,-8.85832961758903,8.12222585030323e-19,4.55503206469708e-18,"LINC02847",TRUE
0.635718517783511,-1.83807249398181,0.237809694363649,-7.72917394684131,1.08246680264263e-14,4.93391775288374e-14,"AC091163.1",TRUE
14.5891219992344,1.62480846722912,0.163363425300641,9.94597453033903,2.62591092357245e-23,1.84373378007788e-22,"AC091182.2",TRUE
6549.94213849417,2.87276718368856,0.224176939494023,12.8147310342112,1.35607774344077e-37,1.7460714620198e-36,"IGHGP",TRUE
1.14188712994432,1.58725137791692,0.475520066383069,3.33792722984325,0.000844058517391154,0.00161528690686836,"HMGB1P23",TRUE
2.27743598994498,2.09469543182841,0.307441584859642,6.81331197529673,9.53769927712678e-12,3.62876499295479e-11,"AC114550.3",TRUE
0.598246695519923,-2.70380593645466,0.319267191753344,-8.4687872925682,2.47961005790084e-17,1.29141993603234e-16,"AC100802.1",TRUE
172.437671079662,6.89183009387887,0.436587703737887,15.7856715497798,3.90471381708935e-56,9.35743744284156e-55,"SIRLNT",TRUE
0.53652585170921,-1.73071033929543,0.291120121846938,-5.94500417324429,2.76449812658645e-09,8.87898043931174e-09,"COX6B1P4",TRUE
13.1593739923526,1.82501602169786,0.214929364606978,8.49123629539918,2.0445039498675e-17,1.06978265896024e-16,"GUSBP14",TRUE
4.08166552200262,4.08929330002022,0.343474188025134,11.9056786291056,1.10560171161964e-32,1.16755003360664e-31,"AC090796.1",TRUE
8.46466891146239,2.46024665214565,0.227285307449862,10.8244861040495,2.63553414618027e-27,2.21777449306181e-26,"AP003472.1",TRUE
5.22900823950258,-1.54277215034012,0.148128475215726,-10.4150950591594,2.11586102432572e-25,1.63862483061005e-24,"AC067817.2",TRUE
2.44669153809365,3.47498223685207,0.439715292352241,7.9028005104457,2.7270585034182e-15,1.28591549227062e-14,"FER1L6-AS2",TRUE
3.6101672055039,2.59431585738342,0.45996932441176,5.64019320353854,1.69859463883853e-08,5.13744531270294e-08,"LINC01608",TRUE
1.82457583217257,1.58221178958641,0.314151480778914,5.03646134553763,4.74216819446415e-07,1.27085985267353e-06,"AC023202.1",TRUE
3.54186251376429,4.01249652036791,0.836485411087557,4.7968517647559,1.61178787540426e-06,4.12284506030034e-06,"LINC01419",TRUE
0.96640833786806,1.66165925256078,0.501183022782002,3.31547394270685,0.000914878698845571,0.00174147325757144,"AC103831.1",TRUE
12.7326148565479,3.77843067470255,0.253897520274287,14.8817155465744,4.33246070231295e-50,8.6528923605658e-49,"AC105118.1",TRUE
6.97732421191433,4.62985115641968,0.486332186359358,9.51993572763169,1.73286202572635e-21,1.11195844529214e-20,"NATP",TRUE
13.1750388974474,1.98941890964615,0.231748401564557,8.58439107331647,9.13188269909415e-18,4.85743230580359e-17,"LINC01863",TRUE
16.476174836513,1.69401682547318,0.16849368921733,10.0538888627939,8.83120228697495e-24,6.33568302370078e-23,"MAL2-AS1",TRUE
1.09921969463941,1.65061182815333,0.518699441503915,3.1822124646357,0.00146154558627778,0.00271159445394889,"AC011676.2",TRUE
5.25455309963053,-1.59782276784333,0.190334268488626,-8.39482443456482,4.66590914838378e-17,2.39853071515298e-16,"AC103719.1",TRUE
2.60381847670437,-1.73582887476874,0.17542177758121,-9.89517321454088,4.36853510167727e-23,3.03616706905622e-22,"AC021546.1",TRUE
31.8438930113377,1.81769420467438,0.393584281704123,4.61830995080447,3.86878082193887e-06,9.54588270494407e-06,"AC115837.1",TRUE
1.49331083256681,1.59367599350813,0.290519294786262,5.48561153117423,4.12041487760521e-08,1.20665698274828e-07,"AP001208.1",TRUE
25.3727206216254,2.34545810405382,0.280130639868259,8.37272961342912,5.62986820274989e-17,2.88478109498617e-16,"LINC02055",TRUE
45.6889638193831,-2.10913441793643,0.101729934288009,-20.7326823977416,1.75717677699032e-95,1.29640597769063e-93,"RBPMS-AS1",TRUE
1.76783194771517,2.31804123114468,0.44743492265103,5.18073380908757,2.21014703322239e-07,6.0936467327123e-07,"AP003467.2",TRUE
2.74043251272387,1.60520192588397,0.281853494121998,5.69516418763705,1.23253252591095e-08,3.76556266852952e-08,"LINC02842",TRUE
244.473237511835,-1.70189715382112,0.108670956173966,-15.6610120471991,2.79415249226936e-55,6.56838897420183e-54,"PCDHGB7",TRUE
3.71076385787523,-4.07386093692602,0.311680875098684,-13.0706156918873,4.84716133713221e-39,6.56015940139937e-38,"AC091939.1",TRUE
2.38265918492151,-1.96081898137854,0.208558781460697,-9.40175698978207,5.36594272368757e-21,3.36864127933608e-20,"AC104051.2",TRUE
0.900860560761781,-1.97688642189421,0.201421632762191,-9.81466784269504,9.73580866760569e-23,6.6444892804216e-22,"PPIAP84",TRUE
1.12384279021722,1.68281025338569,0.510950195978687,3.2934917466122,0.000989512466701822,0.00187526820333936,"AC011676.3",TRUE
1.07475853269851,1.83668080623477,0.416078375219953,4.41426643541337,1.01353073105615e-05,2.399428794492e-05,"AC015522.1",TRUE
3.05716902297456,3.26838980215509,0.388342002737353,8.41626653598321,3.88672448618252e-17,2.00491249938613e-16,"AC009686.1",TRUE
2.71016063796746,1.97931283793311,0.267221193934292,7.40702041178595,1.2916858758745e-13,5.51917259704421e-13,"AC011773.1",TRUE
38.5446524098096,-3.88146483747257,0.185156056562756,-20.9632075208785,1.42176103629054e-97,1.11366980628493e-95,"LINC01485",TRUE
1.94715270167794,1.56369804364377,0.273944421557771,5.70808500042412,1.14254361437709e-08,3.49706988132157e-08,"LINC02365",TRUE
48.8220951781304,-1.65435143873889,0.131624825972106,-12.5686885169328,3.13887589699859e-36,3.82154820068996e-35,"PCDHGA3",TRUE
8.51155643227394,2.88816536861877,0.220716373380564,13.0854151161633,3.98974523948702e-39,5.4218326365321e-38,"AC068189.1",TRUE
4.91993990778324,-1.87798936644167,0.269007928651367,-6.98116734274972,2.92737365339454e-12,1.1537343336728e-11,"AC012349.1",TRUE
3.42741471738546,1.55997356611208,0.244029807079404,6.39255337199232,1.63138255095349e-10,5.71142690616099e-10,"TDGF1P5",TRUE
2.01397777649565,1.92017408301036,0.329750647306152,5.82310936671976,5.77627281328739e-09,1.81048609020685e-08,"AC007991.4",TRUE
91.12458228746,2.13238248282032,0.1865738389944,11.4291612067023,2.98982903884787e-30,2.86375990494173e-29,"AC124067.4",TRUE
0.788171123966537,-2.31587938482917,0.455382552489517,-5.08556898407406,3.66525576940862e-07,9.91180695536817e-07,"AC087855.2",TRUE
1.72800260388915,1.98179479859959,0.693092060338001,2.85935290852001,0.00424506235100238,0.00738896963499205,"AC104232.2",TRUE
23.6477259717119,3.78370976439128,0.225320439541665,16.7925722676908,2.76592701151776e-63,8.13197614557946e-62,"AC083967.1",TRUE
7.31259315714057,4.04757853913996,0.29769324023524,13.5964744645916,4.20206044035933e-42,6.32139869661585e-41,"MAFA-AS1",TRUE
95.3925159237142,1.86250300483271,0.281958101464375,6.60560202086636,3.9590514975112e-11,1.44586785101188e-10,"MIR2052HG",TRUE
1.29369183217348,1.9103655970994,0.275448798327767,6.93546535217113,4.04886125095625e-12,1.58143757096173e-11,"AP000424.2",TRUE
18.384133561216,-1.75274109520081,0.204080328377115,-8.58848625508854,8.81226110480132e-18,4.68973106391153e-17,"AC062004.1",TRUE
2.47932854014216,1.95525467044475,0.398249367015303,4.9096240506256,9.12511613697856e-07,2.38531895386103e-06,"AC087269.1",TRUE
16.233065179405,-1.81655960796937,0.170686986576593,-10.6426368196161,1.88711957966013e-26,1.52610232449187e-25,"HOXA-AS3",TRUE
294.799546656785,1.80540371757468,0.0931201959312746,19.3878857268204,9.76699330112471e-84,5.40440295995567e-82,"RHPN1-AS1",TRUE
0.928197348321964,1.52894629672398,0.477746530989919,3.20032945829228,0.00137270578839584,0.002554807323293,"AC060765.2",TRUE
10.2174238317688,-1.59868196352075,0.310755171574098,-5.14450638238068,2.68225134515265e-07,7.33810649447187e-07,"AP003306.1",TRUE
20.9383828393395,2.68519568965157,0.316462946512353,8.48502397909245,2.15674251850324e-17,1.1272475093023e-16,"LINC02732",TRUE
2.21658879644535,1.64911154539966,0.255579631975175,6.45243728013444,1.10065440897066e-10,3.89890383217117e-10,"AP003086.1",TRUE
5.34861761501557,1.63983686090325,0.254005578544539,6.45590884381192,1.07571348079083e-10,3.81462442124166e-10,"PBOV1",TRUE
0.571056308633928,-2.03520792469964,0.317783626000322,-6.40438259930226,1.50979075339219e-10,5.30035536980699e-10,"OR7E11P",TRUE
0.611399175378912,-2.75838604403487,0.464781480288612,-5.93480196827554,2.94200383759494e-09,9.43084414962845e-09,"LINC02699",TRUE
0.555718557558367,-2.067979796468,0.315396067427073,-6.55677102551752,5.49853413043555e-11,1.98974371652216e-10,"AP002815.1",TRUE
0.915981126551341,1.79674347998402,0.275595305474204,6.51949958615024,7.05423341875383e-11,2.53126633150495e-10,"LINC02547",TRUE
0.603124587957047,1.6794215463501,0.425733538196115,3.94477154293742,7.98760939909345e-05,0.00017172007454915,"AC103681.1",TRUE
0.53557407863991,-1.71249651736085,0.240145891853672,-7.13106730305562,9.95936024323192e-13,4.04789516995847e-12,"AC002056.2",TRUE
3.91196222359082,1.7886458024719,0.193627382366024,9.23756640520362,2.52167061697993e-20,1.52880044709726e-19,"DEFB131E",TRUE
27.9287604470155,-1.56651187297525,0.146965803558045,-10.6590229498969,1.58251169467583e-26,1.28434006660791e-25,"AP001107.5",TRUE
1.26844906384076,1.83165329079367,0.419859814852532,4.36253536537429,1.2856379551618e-05,3.00683505715744e-05,"AP001767.1",TRUE
2.25747546363219,-2.45420034463083,0.287174708256588,-8.54601841342528,1.27407699796121e-17,6.73886804313799e-17,"MRGPRX7P",TRUE
0.306056197781768,-2.04629818268425,0.681752185842684,-3.00152786478405,0.00268628452764417,0.00480381355761849,"LINC02755",TRUE
4.51767755398907,2.72534324485359,0.361063911672806,7.54809095217269,4.41684446905599e-14,1.93868613123621e-13,"AC027018.1",TRUE
1.61295465822653,2.14201101408525,0.261390063109393,8.19469182800881,2.51236002093605e-16,1.24851420268969e-15,"AL354919.2",TRUE
7.01748652077689,3.70028554271428,0.253784478183429,14.5804249700402,3.74180173197378e-48,7.00938206388837e-47,"AC105219.1",TRUE
1.12484299699192,1.74083360037154,0.522366366064011,3.33259128739199,0.000860412383019341,0.00164410494758555,"MTND2P26",TRUE
0.234544296657729,-1.79372191878868,0.591911851691043,-3.03038689572469,0.00244240646451364,0.0043926270109346,"AP004550.1",TRUE
0.715233155801205,1.61291076398922,0.335304783501569,4.81028259467606,1.50717055855971e-06,3.86463173166809e-06,"AC105219.2",TRUE
21.9161383477268,-1.51809421387233,0.14329948802172,-10.5938565087004,3.18206044745145e-26,2.5513232196174e-25,"AP000662.1",TRUE
16.6164602116708,1.93156747623931,0.325974409605279,5.92551875031614,3.11313058100093e-09,9.96064620930957e-09,"AP001783.1",TRUE
1.48736437307183,1.5635034481885,0.433869457210576,3.60362644155813,0.000313807980924558,0.000631773134467019,"AC136443.1",TRUE
1.521524088948,-1.53136978625689,0.168350320346332,-9.0963283176803,9.34372240801506e-20,5.49121812540754e-19,"ARMS2",TRUE
2.01022390308577,2.70410746703663,0.443493301302537,6.09729044180529,1.07881404270406e-09,3.56813018730321e-09,"AC087379.1",TRUE
0.970998190100388,1.58005315948239,0.527102300576517,2.99762144417546,0.00272095424013281,0.00486178368884835,"AP003086.2",TRUE
3.19232789603611,3.18099657104672,0.25896408051173,12.2835435893691,1.11026490794935e-34,1.27613937222621e-33,"LINC02685",TRUE
4.02785441632459,1.89195549602072,0.293473846031927,6.44676015120915,1.14266399926362e-10,4.04439709760686e-10,"AL136146.1",TRUE
1.64150020957895,1.96504969099681,0.601093796419602,3.2691232261946,0.00107881307599926,0.00203407219803084,"AC013549.3",TRUE
2.84221807100023,1.676934787034,0.34464329651486,4.86571131367324,1.14045884557695e-06,2.9573542282565e-06,"AP002358.2",TRUE
0.671717768071863,-2.57079238620747,0.233467874181497,-11.0113324808404,3.36982506370328e-28,2.95133217835701e-27,"AC104237.1",TRUE
12.8326405284849,1.61822026202211,0.245590661936057,6.58909524191695,4.42514863709619e-11,1.61104525666024e-10,"GLYATL1P2",TRUE
2940.92889564003,2.07379818269871,0.138857404812229,14.9347324005012,1.95858764624183e-50,3.94275386249054e-49,"MEX3A",TRUE
0.626361191524766,-1.7798174967942,0.256123669126,-6.94905512976473,3.67740832643115e-12,1.4410472432247e-11,"OR10V3P",TRUE
0.531340258367797,-3.03759698044509,0.445492731059708,-6.81851076047742,9.19890873553679e-12,3.50357307647165e-11,"AC013799.1",TRUE
1.97919710568776,-1.7934898811423,0.259246250428505,-6.91809381303629,4.57761133833142e-12,1.77990725551698e-11,"GVINP2",TRUE
2.56971648715983,1.81328382754076,0.31459978762633,5.76377956648372,8.22508284968433e-09,2.54805179293982e-08,"AC073172.1",TRUE
2.23597725291817,1.66313341756987,0.393817707198642,4.22310471867885,2.40959792791806e-05,5.47560925440654e-05,"SLC25A47P1",TRUE
4.63509436101977,2.34396419058215,0.531546533304191,4.40970647670607,1.03510823816193e-05,2.44876515890533e-05,"AP002001.1",TRUE
7.67990765300951,-2.36658838683791,0.218547430845399,-10.8287174902186,2.51655249870153e-27,2.11971908360574e-26,"AP003031.1",TRUE
58.782845525562,1.7124834784701,0.164266785255024,10.4250136496643,1.90631962019228e-25,1.47979774833631e-24,"LMNTD2-AS1",TRUE
1.84347319895926,-2.83992112612721,0.328850946522435,-8.63589159818175,5.82707487534205e-18,3.13430398329714e-17,"AP001922.3",TRUE
6.43775361626047,-2.35293190048729,0.113356956300357,-20.7568373153282,1.06338946530901e-95,7.85888515800292e-94,"AC009806.1",TRUE
1.48267549344121,2.03003424268462,0.473104105036102,4.29088274879734,1.77964266325056e-05,4.09562639148418e-05,"NDUFA3P2",TRUE
8.78776953004561,-3.02579110123679,0.136229412291115,-22.2109972461075,2.6890286627197e-109,2.7831769084648e-107,"LGR4-AS1",TRUE
0.866182887001623,-2.74915189329916,0.2562793119348,-10.7271705723893,7.58841740344146e-27,6.2443488109158e-26,"LINC02744",TRUE
1.55537535329963,2.14221020421806,0.63673015985129,3.36439254694387,0.000767123491589162,0.00147465926852789,"AC100763.1",TRUE
1.99067693119174,2.20891622701777,0.387547349560931,5.69973250886724,1.1999556177205e-08,3.66863246162901e-08,"PTPRJ-AS1",TRUE
1.81225229407444,2.19719929324246,0.50940630971417,4.31325496238026,1.60868418614214e-05,3.71884357117809e-05,"AP003168.1",TRUE
3.3899938592479,3.02526547698184,0.354174942770483,8.5417264511067,1.32231159114533e-17,6.98714107172287e-17,"OR7E158P",TRUE
9.57249787627241,-2.8781746502491,0.237251983945641,-12.1312985560051,7.2097012157033e-34,8.03021172825172e-33,"AC044810.2",TRUE
2.6678928706683,-2.31247628539045,0.160114400802433,-14.4426502163528,2.78907998268236e-47,5.04301181619483e-46,"C1DP5",TRUE
96.2918640255657,2.10283464278882,0.114259527084217,18.4040201850204,1.21970752003359e-75,5.34442401671571e-74,"AC105219.3",TRUE
1.84266589532676,2.12816703515502,0.364135020353622,5.84444482458265,5.08260465018813e-09,1.5989883861952e-08,"FTLP6",TRUE
16.3674291865026,3.62066707137902,0.262005346523082,13.8190579674299,1.95612947260029e-43,3.08802297137632e-42,"LINC02489",TRUE
7.17132403267143,-2.70283935174025,0.31174200152909,-8.67011611679806,4.31679935583534e-18,2.33973452464967e-17,"AC093496.1",TRUE
8.48375997775902,2.055427904727,0.18190025400859,11.2997528009495,1.31587880111354e-29,1.22690276638713e-28,"AC067930.4",TRUE
5.33557732529843,1.77105569952838,0.623560490675834,2.84023078115301,0.00450809069696545,0.00782219162503131,"AP002001.2",TRUE
1.26823654197698,1.94685309413367,0.464723250794815,4.1892741342379,2.79848167902381e-05,6.31542322962969e-05,"AP003168.2",TRUE
0.836439543981442,1.62193363641953,0.278999350171556,5.81339574956789,6.12181023598848e-09,1.91378625079866e-08,"AC090159.1",TRUE
2.03120516928015,2.23427246972046,0.533167182172865,4.19056638222729,2.78258988767938e-05,6.28251619335856e-05,"AP006259.1",TRUE
4.45482530502358,1.7939355529898,0.211266875582061,8.49132429325389,2.0429562159233e-17,1.06916442681277e-16,"AP006621.1",TRUE
0.985288933764548,2.04825721192251,0.468512033836071,4.37183479611365,1.23206739566732e-05,2.8870204026821e-05,"AC022874.1",TRUE
2.14048515605966,1.52884427568278,0.385772043976933,3.96307689878687,7.3989935709271e-05,0.00015956656299466,"HNRNPA1P76",TRUE
2.88356176418342,1.65034428846875,0.303424896619625,5.43905364014224,5.35643279126113e-08,1.55302726905032e-07,"AP004371.1",TRUE
1.70941253103602,1.52033518440311,0.244724871494972,6.21242612210075,5.21727119136092e-10,1.76651309813397e-09,"AC009652.1",TRUE
6.30056682127137,2.33680535606447,0.260126792286147,8.98333207251454,2.62688235897451e-19,1.50987138917752e-18,"LINC02720",TRUE
1.90452579566312,1.5892268514267,0.296494539071314,5.36005437538414,8.31969066284111e-08,2.37532479333348e-07,"CCDC166",TRUE
11.3755697485092,-2.31349289637198,0.168548495002276,-13.7259777747688,7.09652588248966e-43,1.10016543494344e-41,"AP003555.2",TRUE
0.832528157708585,1.74151418827396,0.590610312314753,2.94866877865461,0.00319145819755938,0.00565054501401579,"LINC02726",TRUE
7.90770723408944,-3.5521982705048,0.273339866298988,-12.9955367235722,1.29694670631509e-38,1.72712804210303e-37,"AP001360.1",TRUE
3.07527543500213,1.84175582705413,0.36338255995828,5.06836604174284,4.01245218239788e-07,1.08121019037456e-06,"DDX18P5",TRUE
8.21352427683138,2.51818519003748,0.233908601057861,10.7656801787061,4.99910299842297e-27,4.14526965248675e-26,"CARD17",TRUE
886.701688112484,-1.60869458964282,0.105078446122478,-15.3094630631267,6.61074129480851e-53,1.44392507228712e-51,"MIR100HG",TRUE
1.20302138940319,2.05276604913127,0.489773564310242,4.19125530391217,2.77415277700139e-05,6.2644500526019e-05,"AL136146.2",TRUE
0.77025258043631,1.89893307444994,0.570973131689721,3.32578359480821,0.000881703546441667,0.00168225653438939,"OR7E4P",TRUE
17.3715294382461,-1.8559059712753,0.167751921781438,-11.06339618388,1.88810214114928e-28,1.67057171816324e-27,"SMIM35",TRUE
1.17354124760816,1.82376656497232,0.537200119961981,3.39494817145869,0.000686415933709049,0.0013277927437649,"AP002490.2",TRUE
1.23935447987537,1.81099425930718,0.245666594789381,7.37175626527414,1.68394683999888e-13,7.15064399983781e-13,"CSRP3-AS1",TRUE
2.62575871403527,2.69106387674492,0.462971303143394,5.81259326112363,6.15123936542031e-09,1.92284704143942e-08,"AC068389.3",TRUE
7.46398660410919,3.03849834462429,0.290011866337627,10.4771517903578,1.10006921560877e-25,8.62783706081676e-25,"AP002957.1",TRUE
2.85171361339499,1.55736967240935,0.331570276877358,4.69695199182584,2.64072487468633e-06,6.61483955841335e-06,"MTCO1P15",TRUE
55.4828237057645,-1.59787378166361,0.0915263174937752,-17.4580800956214,2.9881592276856e-68,1.03010345261111e-66,"Z97989.1",TRUE
2.66772351244121,3.55244182459108,0.514203765615292,6.90862662263911,4.89368077882974e-12,1.89989441768725e-11,"C8orf49",TRUE
23.6637912819176,-2.21179858714576,0.124652470994662,-17.7437203570595,1.92740790463441e-70,7.1712866520708e-69,"HCAR3",TRUE
0.31846306577626,-1.62537931036618,0.532705470620427,-3.0511781838342,0.00227945257418924,0.00411809012565958,"HSPD1P13",TRUE
1.30892178420744,2.79879165508292,0.697205313697505,4.01430052252474,5.96223422087853e-05,0.000129833516131744,"OR8G3P",TRUE
0.877922933197022,1.71086750773113,0.382824379031829,4.4690662388272,7.85618012765909e-06,1.87903981329879e-05,"AC084125.3",TRUE
0.357593728864783,-1.6043927658259,0.360764061232787,-4.44720785197795,8.69936535374277e-06,2.07152887540711e-05,"AC090099.1",TRUE
103.011571093758,-3.18641919122243,0.119357926061528,-26.6963351020346,5.19132921680069e-157,1.40916835847244e-154,"AP001528.1",TRUE
1.08050826612493,-1.52162090726356,0.314416044401239,-4.83951418624729,1.30156900938877e-06,3.3565797350155e-06,"AL353699.1",TRUE
1.07624225951782,1.62220977621858,0.552744545358222,2.93482729018568,0.00333733387987259,0.00589310736663533,"H3P33",TRUE
1.07703637667824,1.93176117428994,0.331683315073893,5.82411320225613,5.74166498632312e-09,1.7999002092512e-08,"AP001652.1",TRUE
0.707600130858493,1.63909940703295,0.314506375865371,5.21165716441498,1.87161187259057e-07,5.1857718701296e-07,"AL137804.1",TRUE
0.422878645992821,-1.7511803519768,0.322834625079251,-5.42438826549945,5.81533530598293e-08,1.68280168827505e-07,"AC090625.2",TRUE
41.1212735313149,-2.08418549139798,0.271045632110465,-7.68942659274646,1.47795903173679e-14,6.68154517751752e-14,"B3GAT1-DT",TRUE
1.36328374171022,2.33971281526148,0.588826211456554,3.97352014862558,7.08181644928577e-05,0.00015297857755314,"AP000462.1",TRUE
1.08704522106199,1.85914229760186,0.339742045247071,5.47221730018676,4.44439391151506e-08,1.29765959424293e-07,"OR10G2",TRUE
3.22412390312934,-2.27504771619396,0.309144842986577,-7.35916437814471,1.85065028854165e-13,7.83924491642534e-13,"AC007368.1",TRUE
56.4613429563396,2.01008326128582,0.129939650867479,15.4693601827193,5.58594755824647e-54,1.25763952328595e-52,"C10orf88B",TRUE
96.5421968162596,-1.66421134211167,0.0881692041333394,-18.8751997760449,1.82432748041956e-79,8.81724233537606e-78,"PABPC1P4",TRUE
1.79806239747817,-3.08904708301903,0.27343718104188,-11.29709965283,1.35623491053475e-29,1.26371111266579e-28,"AC087242.1",TRUE
1.1513237640491,1.53990013114393,0.254918308146227,6.0407592626129,1.5339069556948e-09,5.01731142158299e-09,"AC002563.1",TRUE
1.32417248786976,1.88087891908695,0.475680213139509,3.95408273695697,7.6828822408268e-05,0.000165432646933788,"AC023796.1",TRUE
574.5269376132,3.36908322145508,0.24609555419076,13.6901425648817,1.16280888826441e-42,1.7891918580211e-41,"LINC02747",TRUE
2.12256303464403,1.64405042405174,0.402730773980223,4.08225675878566,4.46004824870804e-05,9.84380886802551e-05,"AC078950.1",TRUE
66.9702415948533,1.56117756753828,0.160867023818398,9.70477062658088,2.87722726860756e-22,1.91519322814778e-21,"KRT8P11",TRUE
84.4397325284522,1.8647090545926,0.228910558966715,8.14601590686663,3.76110680322281e-16,1.85054000942882e-15,"AC131206.1",TRUE
0.496213413251621,-1.85318624009535,0.415271791564548,-4.46258637773931,8.09762691644878e-06,1.93357442718633e-05,"NDFIP1P1",TRUE
16.1015711089389,-1.70146969195678,0.119341516493584,-14.2571482410168,4.04655524838552e-46,7.01966738425719e-45,"CCND2-AS1",TRUE
9.41736556750711,-2.16593824840326,0.222111537233059,-9.75157920829015,1.81620660449736e-22,1.2189002806734e-21,"AC092851.1",TRUE
8.49017814892033,-1.86590938888813,0.114515508341667,-16.2939449504169,1.08967859989537e-59,2.89240641891047e-58,"HADHAP2",TRUE
754.06466652529,1.99777753162248,0.314831045295903,6.34555442187988,2.21625832156769e-10,7.69415292461883e-10,"CYP2A6",TRUE
8.92991354738854,2.13559390456792,0.434992286103151,4.90949833547509,9.13096748530491e-07,2.38670395267539e-06,"AC007848.1",TRUE
2.56698003986074,-2.38472037977469,0.258593802736024,-9.2218775335813,2.91942774848195e-20,1.76548271857196e-19,"MT1JP",TRUE
3.31994130926826,-1.5843200349431,0.119760156770187,-13.2291078908933,5.95904633800266e-40,8.30456699865014e-39,"PSMC1P9",TRUE
2.47700118240622,1.73612190239097,0.404779531465107,4.28905556589545,1.79434482044204e-05,4.12814085555856e-05,"TAS2R63P",TRUE
3.83082819341526,2.27958134782838,0.515069040845226,4.42577822982255,9.60952095783312e-06,2.28095982258196e-05,"CACNA1C-AS4",TRUE
10.0550412207712,3.1547704755131,0.202826497548334,15.554035166245,1.49389529112672e-54,3.42777888171341e-53,"MRPL40P1",TRUE
10.4595381805322,1.59163870849603,0.26674429624537,5.96690812474554,2.41791463058615e-09,7.79832577014633e-09,"AC087257.2",TRUE
1.40206408828896,1.61932030461733,0.460923135456946,3.51321116266378,0.00044272547466414,0.000875511179221273,"AC243972.2",TRUE
1.31787542806043,1.66202638307569,0.313795693347824,5.29652387941931,1.18027910041603e-07,3.32729235623486e-07,"AC135586.1",TRUE
1.84459465535405,3.04801394694284,0.467771127531872,6.51603694102552,7.21892040322756e-11,2.58820904305783e-10,"LINC02443",TRUE
190.311875078183,-2.01369894660581,0.249034896631008,-8.086011132767,6.16505538681829e-16,3.00150919904205e-15,"LINC01152",TRUE
13.1406801809031,1.91742550955404,0.230880786005273,8.30482927024622,9.99630807024971e-17,5.05792094152377e-16,"LINC02571",TRUE
10.1078938271078,1.77862120274437,0.16746676060135,10.6207416705117,2.38657326070312e-26,1.92316097707145e-25,"AP003721.1",TRUE
2.14849178292218,-1.83230462559618,0.182386584728074,-10.0462686349877,9.54119709812214e-24,6.8325546168069e-23,"AC026333.3",TRUE
1.58050775959533,1.86036525183928,0.383374960647397,4.85259978559299,1.21853437513303e-06,3.15110507074546e-06,"METTL8P1",TRUE
1.32714225896679,2.1063634347442,0.556138126904035,3.7874825207006,0.000152181387084555,0.000317072105554882,"AC078962.3",TRUE
1.4857935799155,2.70293164634864,0.886273649431783,3.04977096868621,0.00229015938132847,0.00413552901126048,"AP000462.2",TRUE
1.21997442068691,2.35478590548168,0.624060232453873,3.77333113539763,0.000161082260938425,0.000334905842386551,"AC087235.2",TRUE
0.885468623638353,1.96951190949429,0.314021727409777,6.27189693445705,3.56675661855862e-10,1.22088362008875e-09,"NTAN1P3",TRUE
9.76690670396953,2.476021052999,0.305445261366017,8.10626768909656,5.21983769069659e-16,2.55255149252736e-15,"AL132708.1",TRUE
1.10570560684772,2.25048155683514,0.596736441057524,3.77131578029136,0.000162389019174574,0.000337492659872616,"AC048352.1",TRUE
2.4790833260901,3.5664074690534,0.406774978723053,8.76751928117374,1.8264576238882e-18,1.00895828807135e-17,"ASIC5",TRUE
3.07415158118517,1.71293087524219,0.337288948216837,5.07852654022029,3.80373302920905e-07,1.02721259880279e-06,"AC079866.1",TRUE
26.2181608243099,1.92462702378683,0.40142224206209,4.7945201389442,1.63064683500887e-06,4.16762701480326e-06,"AC006206.2",TRUE
7.04103518208064,2.7113184406577,0.265864876871708,10.1981069201782,2.02174702334731e-24,1.49774461942447e-23,"SALL3",TRUE
2.22727345168247,1.50137200088208,0.309084159968987,4.85748606797815,1.18885499552945e-06,3.07841262341318e-06,"AP006333.2",TRUE
0.811515755624349,1.67337824073017,0.409558360493352,4.08581145484231,4.39230365650108e-05,9.7042142725665e-05,"AC023796.2",TRUE
3.54498371715011,-3.07581474873352,0.168042964532326,-18.3037401017871,7.72584703966245e-75,3.30146097259239e-73,"MRGPRF-AS1",TRUE
1.71369071707726,-3.60400866697373,0.634324312221242,-5.68164990295486,1.33401518126514e-08,4.06524713855847e-08,"AC022081.1",TRUE
1.91627863828967,1.72651739737867,0.562153473789336,3.07125629899723,0.00213160091721987,0.00386814226316892,"AC009509.3",TRUE
2.58274908210421,2.62886035944136,0.427188594772706,6.15386363683257,7.56177088860034e-10,2.52938100869558e-09,"AC079866.2",TRUE
7980.48511207455,4.33930179951419,0.267584795469136,16.216548447405,3.85244494766172e-59,1.00466177607903e-57,"CYP2B7P",TRUE
0.609158263085149,1.55739496329027,0.409114228511187,3.80674846963354,0.000140805822178208,0.00029455114798427,"LINC01965",TRUE
7.2897335996777,-2.35286099670799,0.227585712334591,-10.3383510879139,4.72599058663692e-25,3.59361793021934e-24,"AC005906.2",TRUE
50.3666012888799,3.19218693651758,0.137007696627981,23.299325622453,4.5035882414335e-120,5.89014753031121e-118,"AC112777.1",TRUE
21.5007454964346,3.85052360443238,0.379505716369577,10.1461544275728,3.44678746997052e-24,2.52312325651166e-23,"AC025423.3",TRUE
2.85498952434262,1.74891419327066,0.348059124844248,5.02476179601174,5.04057774545919e-07,1.34731736851439e-06,"AC134349.1",TRUE
1.67443020272116,-2.85566939287347,0.278035345289243,-10.2708862065817,9.53249278356596e-25,7.16514086622617e-24,"PGA5",TRUE
1.81895070221623,2.36627441291989,0.570154960745978,4.1502303335639,3.32140870660033e-05,7.43180049649387e-05,"CACNA1C-IT3",TRUE
2.20835217076016,1.92158788373865,0.291833916951972,6.58452555415241,4.56340239463796e-11,1.6605382965397e-10,"AP003721.2",TRUE
1.11269626882203,1.80650351863252,0.521009859009461,3.46731158229333,0.00052569214373915,0.00103145305831621,"AP002892.2",TRUE
2.64564879965881,-1.85345813376113,0.241509423878952,-7.67447540552337,1.66096986512017e-14,7.48537740196163e-14,"AP002840.1",TRUE
1.84599603308924,1.96788240559029,0.483079988853362,4.07361606979674,4.62887657161891e-05,0.00010200261045189,"CCND2P1",TRUE
429.567026396149,3.61319097309652,0.354988282518124,10.1783386974528,2.47754873465241e-24,1.82631944299911e-23,"SLC5A8",TRUE
7.15335785786743,2.06543728061512,0.162503017413987,12.710147254394,5.19365494455241e-37,6.54476342793816e-36,"PPP1R14B-AS1",TRUE
0.978941127826149,-2.30616104809403,0.270836146889311,-8.51496771971338,1.66636715703568e-17,8.7547664635009e-17,"AP002518.2",TRUE
5.5861291272037,2.42952674182752,0.256740658975246,9.46296060594658,2.99345185266023e-21,1.89772887721527e-20,"AC131009.2",TRUE
1.58094233164151,1.8549072517095,0.401589555684259,4.61891308041855,3.8575539499338e-06,9.51981408194539e-06,"AP000462.3",TRUE
4.60770981100767,1.5191746136401,0.269999429777269,5.62658452609811,1.8381273594851e-08,5.53966739999838e-08,"AC134349.2",TRUE
10.1800615325394,2.50926165364396,0.228227424636413,10.9945667469255,4.05857901551965e-28,3.54018331264811e-27,"AC135782.1",TRUE
1.05582836905017,-1.84553483358477,0.208112103284385,-8.86798415113251,7.44819274659599e-19,4.18137355545113e-18,"AC008013.2",TRUE
1.40222317984858,2.56134552806897,0.710668115140875,3.60413739338965,0.000313191358463671,0.000630619968802987,"LINC02378",TRUE
3.91043239059438,1.84615325257356,0.352371511177748,5.23922392705094,1.61253278001132e-07,4.49128257519931e-07,"AC084816.1",TRUE
1.71378154405316,3.06681629676763,0.67611456407516,4.53594177632108,5.73470006132988e-06,1.39238104549391e-05,"AC025252.2",TRUE
1.44213023005239,-3.46425887103174,0.62110036041453,-5.57761529669642,2.43838166243078e-08,7.27553076740494e-08,"SLCO1B3-SLCO1B7",TRUE
1.85990483288622,2.24502274987284,0.304744603516005,7.36689911476948,1.74642542792286e-13,7.40793331392142e-13,"LINC02417",TRUE
1.53287748337978,2.02984634064622,0.476086176561357,4.26361117079109,2.0114935116374e-05,4.60660405190864e-05,"C11orf97",TRUE
2.28951597411848,1.61378701127785,0.356667116110505,4.52463077862735,6.0501032863324e-06,1.46590949215801e-05,"AC073530.1",TRUE
5.70179616856512,1.61182524159661,0.216357988356389,7.44980693267299,9.34769248367603e-14,4.02400167160839e-13,"LINC02450",TRUE
1.51936021062392,1.90817564630396,0.308389005439722,6.18756055710596,6.1102377305587e-10,2.05949129598527e-09,"LINC02874",TRUE
0.820379354258935,1.94336209464852,0.575028918529368,3.37959019455691,0.000725939835726843,0.00139973031227531,"TAS2R38",TRUE
169.520379896012,1.72910464995178,0.0895077538202735,19.3179314210446,3.79558474613023e-83,2.0528500957767e-81,"TMPO-AS1",TRUE
1.78302305989932,1.91622170174514,0.537793815093179,3.56311591536829,0.000366478754428029,0.000732719833284556,"AC125612.1",TRUE
3.95149017222839,2.0159315158796,0.484858739020475,4.15777081785148,3.21368187980884e-05,7.20049292309157e-05,"LINC02293",TRUE
3.2967702492609,2.7563358642856,0.341211286159622,8.07809113030382,6.5788436929563e-16,3.19683510231923e-15,"AC090709.1",TRUE
22.3394685000848,-1.82411933445426,0.123561430532246,-14.7628538015204,2.54288934884089e-49,4.95938112498748e-48,"LNCOG",TRUE
4.78386232215942,-1.70211108776022,0.177769296649474,-9.57483164888959,1.02023384747206e-21,6.61359159761102e-21,"LINC02388",TRUE
17.6852351921014,2.02927143723666,0.401303921643524,5.05669475874011,4.26585197194923e-07,1.14691441543219e-06,"KIRREL3-AS1",TRUE
4.19095139788326,2.2941672997823,0.382774075418977,5.99352842083454,2.05336259011631e-09,6.65388763341241e-09,"AL139020.1",TRUE
1.39050789443505,1.69680121888539,0.375778665037183,4.51542723618302,6.31892412398648e-06,1.52727090323826e-05,"FAHD2P1",TRUE
2.04820403549561,-1.58016403413477,0.204789446740783,-7.71604230238922,1.19997499230068e-14,5.45569584617058e-14,"PRELID2P1",TRUE
1.42341404636994,1.61750715489055,0.287692731261162,5.62234279538404,1.88384974412342e-08,5.67179581364319e-08,"AC004551.1",TRUE
1.70362518186139,-2.04497286608726,0.228275093538111,-8.95837050985963,3.29511644147893e-19,1.88417098058069e-18,"AC009320.1",TRUE
2.79696992381163,1.79863438845607,0.31974978884902,5.62513080909447,1.85367452856538e-08,5.58457298987029e-08,"AC069437.1",TRUE
1.47861017628975,1.57734103621649,0.537553244934718,2.93429730185714,0.00334303826834753,0.00590269725339058,"CYB5AP5",TRUE
34.5925466938444,2.00429687745768,0.146916948379799,13.6423802669541,2.24123943236398e-42,3.40965434969437e-41,"AC124947.2",TRUE
6.49721079832801,1.66432716732819,0.25406196455753,6.55087104528518,5.72024395629504e-11,2.0673733809554e-10,"OR7E47P",TRUE
3.13817093993729,-1.69181039821227,0.143411115014637,-11.7969266053025,4.04828387641434e-32,4.1890177920413e-31,"HLX-AS1",TRUE
3.26802244246771,1.74016090065672,0.306803329697701,5.67191008771427,1.41214090748206e-08,4.29604578606652e-08,"AC079035.1",TRUE
1.14791687289109,2.63897264051652,0.62179292197332,4.24413425637185,2.19438950772629e-05,5.00871813176089e-05,"LINC01475",TRUE
3.52513549535034,3.13150031462084,0.589282954091132,5.31408603096392,1.07193969921619e-07,3.03197571388496e-07,"G2E3-AS1",TRUE
4.96080109221789,1.50112228733684,0.30655978700675,4.89667057115939,9.74740415633192e-07,2.54060005668993e-06,"AC125603.1",TRUE
16.2543497873954,1.6457582757111,0.130668948192919,12.5948689300026,2.25333930686817e-36,2.7636864019446e-35,"ADCY6-DT",TRUE
0.409763165551689,-2.35309439484711,0.368392153263385,-6.387471540863,1.68650982009996e-10,5.89772839373798e-10,"EIF4A1P12",TRUE
1.52546382101823,1.51873591916727,0.33348204998534,4.5541759121189,5.25913343361614e-06,1.28145542254205e-05,"CBX3P5",TRUE
1.12445278744014,1.82988454180053,0.389159898661221,4.70214055480963,2.57448172576838e-06,6.45714965621591e-06,"AC068643.1",TRUE
274.591471168275,-1.5399124393769,0.267764889811853,-5.75098714569686,8.87238616551704e-09,2.73933891482735e-08,"MGAM2",TRUE
0.322105123783703,-3.2426723838302,0.45177391408363,-7.17764413292338,7.09228738798301e-13,2.90530679257163e-12,"AC025265.3",TRUE
3.39423173449105,1.77173958210423,0.253221936786624,6.99678552572313,2.61901732966043e-12,1.03494587024487e-11,"PIGAP1",TRUE
2.73347353098222,1.83769438117384,0.229127386448574,8.02040476111442,1.05397279609097e-15,5.08262188595379e-15,"AC073573.1",TRUE
8.18895012319134,1.61209442553325,0.343899979412556,4.68768398383449,2.76314255982589e-06,6.90985763266037e-06,"LINC02588",TRUE
0.84631416656093,1.88284695520293,0.441067328462195,4.26884249569693,1.96489947314593e-05,4.50395991613885e-05,"AC012038.2",TRUE
4.28524751449406,4.23796094974214,0.583203035362155,7.26669906152059,3.68378215959477e-13,1.53585817241219e-12,"AL139023.1",TRUE
0.655292504971851,1.5481442553703,0.460570284322025,3.36136374418776,0.000775586126389535,0.001490130752091,"LINC02404",TRUE
3.99760816107956,2.36505961061334,0.249836090049432,9.46644502059488,2.89529754520606e-21,1.8371220530887e-20,"LINC02416",TRUE
0.618094758533118,-3.60947356338984,0.305961311796021,-11.7971567784237,4.0372285533637e-32,4.17857996074766e-31,"AC079598.1",TRUE
4.89145573072341,1.84493419971803,0.18118610830542,10.182536713069,2.37293422537273e-24,1.75159639416944e-23,"AC125611.2",TRUE
2.16338172861003,2.09118688635933,0.519154880229332,4.02805976789732,5.62390485366756e-05,0.000122819275152706,"SNRPGP18",TRUE
18.5715122387909,1.75175390430203,0.228225976269744,7.67552376348085,1.64744109713535e-14,7.42595903418923e-14,"AC078864.1",TRUE
7.30407523585789,3.59789780953135,0.304200523119161,11.8273886337861,2.81771876820409e-32,2.93467041591912e-31,"AC016705.1",TRUE
3.15570485481258,1.9389083455129,0.493367737334862,3.92994555336502,8.49650987016928e-05,0.000182071081871062,"LINC02327",TRUE
1.3820582350593,1.73345743686571,0.340762710777787,5.08699274315877,3.63785748212078e-07,9.84079780183848e-07,"AC117377.1",TRUE
5.45430268313144,2.39486388446894,0.527719754278293,4.53813575302699,5.67537223148799e-06,1.37851913732355e-05,"AC025575.2",TRUE
2.41804573379129,1.8381994988325,0.392864764110673,4.67896249996772,2.88330165373729e-06,7.19759406246468e-06,"AC079600.3",TRUE
1.20356189776783,1.5923234687029,0.405205284833633,3.92967102923316,8.50621564881373e-05,0.000182270016583656,"OR9A4",TRUE
1.38478373638492,2.56398861962371,0.631136389668787,4.0624953046508,4.85509245780267e-05,0.000106731416736496,"AC079316.1",TRUE
0.893034602803989,1.50346100969858,0.424326949112404,3.54316644946421,0.000395353083243682,0.000787713003083618,"CCNG2P1",TRUE
3.51716908366636,2.28515582875113,0.26700162592784,8.55858394423681,1.14262266952582e-17,6.05396445086355e-17,"PPIAP45",TRUE
6.14403869346583,1.8936253276717,0.329831026372333,5.74119829931968,9.40089268313937e-09,2.89588557707726e-08,"MKRN9P",TRUE
6.48112093307222,2.60856613727706,0.41618586573182,6.26779127323357,3.66205194311242e-10,1.25270794851971e-09,"AC069228.1",TRUE
1.413318250522,2.78007514525836,0.712246330018157,3.90324951928849,9.49097672067798e-05,0.000202256729997759,"AC107023.1",TRUE
27.7271080081936,-1.71298421242674,0.137591152092823,-12.4498137152824,1.40171944899246e-35,1.66845591336224e-34,"AC025569.1",TRUE
1.58410142147604,1.75976606390316,0.391604909835298,4.49372829529458,6.99869151047838e-06,1.6844943430306e-05,"AC089998.4",TRUE
0.361568101554226,-2.51692962419894,0.331731904456824,-7.58724014899967,3.26791087982738e-14,1.44437310366974e-13,"AC079598.3",TRUE
5.61155732651295,2.02994188353412,0.302669471337317,6.70679429466412,1.98946397487843e-11,7.40792555911941e-11,"AC004801.5",TRUE
1.38857051963742,2.4875465998924,0.854084590639693,2.91252953999472,0.00358514288997966,0.00630407789540675,"ZNF75BP",TRUE
323.416447941028,3.27339718582876,0.13515139591809,24.2202247604799,1.36227544483621e-129,2.22711394693677e-127,"CLEC5A",TRUE
2.51859897985558,-2.57632798517867,0.215898119421516,-11.9330728404757,7.95806511640471e-33,8.44737064495886e-32,"AC020637.1",TRUE
0.73163289219058,-1.87543911122186,0.240438912809111,-7.80006484520584,6.18753723015898e-15,2.85802768464963e-14,"TESC-AS1",TRUE
26.8249448231716,-2.71083421569114,0.093658040069408,-28.9439562656041,3.3434795946634e-184,1.89874446454832e-181,"AC009779.3",TRUE
4.95738952248647,4.29005790691944,0.480981141333849,8.9193890118484,4.68867693302906e-19,2.66162431184446e-18,"AL589182.1",TRUE
7.67160766331064,2.1100526294015,0.222983691409416,9.4628114552435,2.9977260298522e-21,1.89988040306051e-20,"LINC02461",TRUE
3.02836134601871,2.00876824979766,0.422633444671168,4.75297985790166,2.00440323156027e-06,5.07717844205302e-06,"AC130895.1",TRUE
4.23962737997629,1.64102221125468,0.197876549686827,8.29316163967825,1.1027732222295e-16,5.57261354307752e-16,"AC138932.1",TRUE
1.75196042135551,1.88436955693068,0.582384272842736,3.23561202594412,0.00121382244240766,0.00227538988074682,"AL356805.1",TRUE
8.19614744803325,4.48315396893365,0.354738329195713,12.6379181496912,1.30462647371794e-36,1.62083127822874e-35,"AL358913.1",TRUE
0.19137051564453,-1.55616903218964,0.530811281549681,-2.93168040371424,0.00337133493444021,0.00594973895037781,"AL117190.1",TRUE
1.69538596159505,3.17864158886757,0.561616757330982,5.65980545875037,1.51544686514796e-08,4.60059694026772e-08,"TUBBP3",TRUE
8.72447642615227,2.41933598438803,0.27433815910679,8.81880957525224,1.15682981395296e-18,6.44325393859978e-18,"NT5CP2",TRUE
2.30023482249527,1.75928022455094,0.285596341049627,6.16002368267468,7.27340661031491e-10,2.43670130638199e-09,"MAD2L1P1",TRUE
3.81759404404802,1.57455720589662,0.182018257601375,8.65054542684912,5.12538733575091e-18,2.76445535379916e-17,"AL133153.1",TRUE
1.9457726321943,2.53419806662552,0.479509986221463,5.28497453534805,1.25722244500885e-07,3.53865401895016e-07,"AL158801.3",TRUE
15.9271472374408,1.51756766549852,0.155726337220156,9.74509317170341,1.93601190403433e-22,1.2970859015542e-21,"CHMP4BP1",TRUE
0.833692075839282,1.79215903902786,0.349598887093232,5.12632935970967,2.95445581687098e-07,8.05319647948412e-07,"AC005726.1",TRUE
14.9971084881897,-2.35327229642136,0.15719932091761,-14.9699902180541,1.15338214743438e-50,2.34479385225001e-49,"LINC00640",TRUE
0.986142940580673,1.50148925882317,0.512595190625055,2.92919107764602,0.00339845438189501,0.00599367812694461,"LINC02277",TRUE
0.815720983301879,-1.53725822740157,0.269053594929639,-5.71357624046458,1.10626276541363e-08,3.39059089300188e-08,"AC027013.1",TRUE
98.9003555258152,-1.76968178853959,0.170752952955936,-10.3639893653626,3.61560202055284e-25,2.77076319614809e-24,"DIO3OS",TRUE
1.48744861591485,1.66190574582504,0.409069178463532,4.06265207285276,4.85183191183963e-05,0.000106670605325759,"LINC02287",TRUE
114.593782153975,-3.16802810296066,0.186971740559351,-16.9438873141101,2.13536045266249e-64,6.52244565724793e-63,"RHOXF1-AS1",TRUE
5.4082347406307,-3.03546097867452,0.438479919808068,-6.92269096382614,4.4314381167215e-12,1.72555818402833e-11,"LINC00645",TRUE
16.8626639921425,2.06565114713418,0.271001407985905,7.62228935445833,2.49215603897782e-14,1.11013989722657e-13,"CRAT37",TRUE
20.5068207030616,-2.38755646126503,0.143464621105733,-16.6421271172173,3.45136933969841e-62,9.81298423592776e-61,"AL133467.1",TRUE
1.61203965433847,-1.75033577956926,0.272980799723196,-6.4119373279883,1.43681906941038e-10,5.05280787384925e-10,"FAM181A-AS1",TRUE
4.79494651723293,-2.23464632588237,0.22663263314241,-9.86021428113656,6.19171104891699e-23,4.26959975828818e-22,"AL161668.4",TRUE
3.27141927072337,1.68638092160896,0.293947324143009,5.73701742829444,9.63583448049896e-09,2.96677568967281e-08,"AL135838.1",TRUE
0.967274676680177,-1.76330214927242,0.367806287547093,-4.79410550872285,1.63402263877055e-06,4.17551314916144e-06,"AC110023.1",TRUE
20.6406074201817,-1.90166480416274,0.149188249330234,-12.7467465614757,3.25029054787103e-37,4.12474390020916e-36,"AL121821.2",TRUE
10.7139515069886,1.64343992452068,0.25147524481743,6.53519564406352,6.35264433917913e-11,2.2855962794179e-10,"AL079303.1",TRUE
4.38860807616129,-2.06613130198912,0.1727987485607,-11.9568649611102,5.97763455618237e-33,6.39075321884645e-32,"LINC02308",TRUE
3.14785124062279,3.01893945867259,0.239535276237083,12.603318835112,2.02443292565695e-36,2.49143213776316e-35,"AC121758.2",TRUE
1.57846068667487,2.34927781793668,0.381015084003866,6.16583940260181,7.01102140377969e-10,2.35135351454761e-09,"AL133368.2",TRUE
3.12841047855395,1.9258153899592,0.469731950539474,4.09981775297051,4.13475613270905e-05,9.16145976116447e-05,"LINC01193",TRUE
4.30997479728211,1.66825460091788,0.278582978922432,5.9883579656257,2.11970132147482e-09,6.863982579961e-09,"ITPK1-AS1",TRUE
16.7588266274556,2.29164517814824,0.260318789604068,8.80322615833347,1.32938291406402e-18,7.38812343175421e-18,"AL357093.2",TRUE
1.55123378453174,2.30119433977664,0.298810320960174,7.70118760417031,1.34807399446783e-14,6.11293061580497e-14,"AC087636.1",TRUE
4.7797614279962,1.57939168973207,0.237659073036213,6.64561916174524,3.019450608969e-11,1.11127729413407e-10,"LINC00520",TRUE
7.57275978181862,2.89532923419588,0.567553975207655,5.10141653599827,3.37120686690958e-07,9.14297400878581e-07,"LINC02820",TRUE
38.7799349275604,-2.08226342093709,0.1278928935345,-16.2813066730357,1.33977343879957e-59,3.54534773872407e-58,"LINC02289",TRUE
2.63020316148499,2.74390496006207,0.281834649166728,9.73586806368448,2.1199981711047e-22,1.41793152122856e-21,"KRT8P2",TRUE
1.00578827523067,-2.06162020367856,0.241894381287409,-8.52281145476062,1.55726180747261e-17,8.19251823628936e-17,"AC004828.1",TRUE
0.41250253100948,-2.05979979094874,0.356159575097963,-5.78336210779167,7.3222211594748e-09,2.27685205506435e-08,"DUXA",TRUE
20.5095178181215,2.22868055209578,0.154351871444863,14.4389603523007,2.94247044859526e-47,5.31590726502183e-46,"LINC02321",TRUE
6.2594113857898,4.73112386140559,0.39994284674755,11.8294998894978,2.74773988754852e-32,2.86316884467876e-31,"ARHGAP16P",TRUE
122.561121614389,2.87457983659797,0.29987785236023,9.5858357460319,9.17120959614882e-22,5.96398080713852e-21,"LINC01956",TRUE
2.2796301106684,2.71562909688186,0.454109585596352,5.98011841858744,2.22975463926353e-09,7.20762509216701e-09,"AL133467.2",TRUE
2.84291220980597,2.71714870500902,0.514153839206092,5.28469982681562,1.25911042551442e-07,3.54373693936761e-07,"AL390334.1",TRUE
3.02013858935277,-2.82298802421771,0.161397615424415,-17.4908905363584,1.68109685598986e-68,5.85130163746149e-67,"AL358332.1",TRUE
24.7234964752539,2.93409794160365,0.167167723999104,17.5518208384495,5.7603306176438e-69,2.03783499555333e-67,"TUBB3",TRUE
2.1722437472255,2.04057276315373,0.428317499812291,4.76415921377952,1.89642725643172e-06,4.81639404422696e-06,"AL049830.4",TRUE
1.0742637380271,2.04980607219275,0.643583917154647,3.18498647581991,0.00144760773272855,0.00268633372364623,"EIF1AXP2",TRUE
71.7739043807151,2.93730993669391,0.307636364171725,9.54799327641996,1.32232726651915e-21,8.52706481741617e-21,"TMEM179",TRUE
3.55691321500557,2.78250581249552,0.330310002632669,8.42392234663839,3.64085628008118e-17,1.88033214129836e-16,"LINC00524",TRUE
2.12676990828705,2.89574702226945,0.407491440586524,7.10627692719497,1.1921509457194e-12,4.8222338160496e-12,"AL163153.1",TRUE
1.21874900354669,-1.7463070850036,0.186326220077821,-9.37230994260623,7.09621839515984e-21,4.42974813328173e-20,"DUXAP1",TRUE
2.46967867671757,1.76864156756433,0.387609866470233,4.56294258882121,5.04416114664583e-06,1.23143840199804e-05,"AC005476.1",TRUE
30.202577572158,1.93609329510596,0.221860341310688,8.72663083301894,2.62371783184632e-18,1.43796395711095e-17,"AL121790.2",TRUE
1.31913573744889,1.63820832319427,0.394004878491077,4.15783766299576,3.21274191284541e-05,7.1994777236972e-05,"SEPTIN7P1",TRUE
6.52506444175809,2.99864666287395,0.531244461627975,5.64457021101872,1.65594394216419e-08,5.01266240312852e-08,"AC013457.1",TRUE
2.72639160828539,1.80588149257779,0.365903389208721,4.9354052075961,7.99845216613334e-07,2.10162666194031e-06,"AF107885.2",TRUE
0.460373455624212,-1.55487168600409,0.428395014044994,-3.62952797074521,0.000283939964375973,0.000574724422570322,"LINC00911",TRUE
36.4323855427526,-2.34045827841767,0.131956010113236,-17.7366553930302,2.18563321957282e-70,8.12505854924747e-69,"LINC00924",TRUE
155.75048972371,1.52481925482945,0.094806713702862,16.0834522712015,3.33277561982468e-58,8.48628883490462e-57,"AC004816.1",TRUE
1.56348432995316,1.94968028381837,0.483800104920815,4.02992943570667,5.57935992319359e-05,0.000121883471319044,"NPM1P20",TRUE
0.464117369692469,-2.1993609140967,0.348672370387758,-6.30781530423759,2.83001638108354e-10,9.75898905461534e-10,"AC090985.2",TRUE
2.77487737847867,3.19112085433457,0.328989363076021,9.69976908827043,3.02181740575962e-22,2.00834061029543e-21,"AC108451.1",TRUE
1.2088756871568,1.57386162551689,0.464859810799756,3.3856693759118,0.000710048756211268,0.0013714178966293,"HMBOX1-IT1",TRUE
2.05295581666545,2.37205579893932,0.52392352347845,4.52748481914057,5.96898877038843e-06,1.44723080349399e-05,"AC012568.1",TRUE
2.05258518343521,1.93116375674156,0.486742803768101,3.96752400198118,7.26232000793018e-05,0.000156744377427748,"AC016044.1",TRUE
1.30358326747077,1.6941397426436,0.387331557663417,4.37387480860976,1.22060394665658e-05,2.86186801052248e-05,"ANKRD34C-AS1",TRUE
8.04255378068141,-1.7066448531712,0.139169113029395,-12.2631007414032,1.42924240918629e-34,1.63667026745769e-33,"GOLGA8VP",TRUE
2.49525057408584,3.16590654037681,0.425767303961296,7.4357671688773,1.03962814435324e-13,4.46293522083608e-13,"MIR4713HG",TRUE
4.58134870347265,2.17708616844356,0.309188125090557,7.0412994283203,1.90455225111147e-12,7.59919341388289e-12,"AC109630.1",TRUE
8.00308135537753,1.90080067955812,0.196476370922288,9.67444925125345,3.87170617356491e-22,2.55939406419148e-21,"AC087878.1",TRUE
0.77522674699909,-2.38565498414988,0.228411784242936,-10.4445354781368,1.55213382316436e-25,1.20920750555549e-24,"AC025431.1",TRUE
1.867027358979,1.98033518699692,0.363168624139137,5.45293578620992,4.95449639699255e-08,1.44026446079476e-07,"AC005096.1",TRUE
2.5914427223113,3.71566556166388,0.541337375493354,6.86386296212702,6.7022929031885e-12,2.57863221342143e-11,"AC020891.2",TRUE
3.86493748994133,2.84639853028456,0.307785098476594,9.24800630171192,2.28718862867035e-20,1.39074473391677e-19,"AC021818.1",TRUE
26.5824028250107,1.60902971823902,0.182805781215326,8.80185357127053,1.34574700923267e-18,7.47714223976338e-18,"AC015660.1",TRUE
108.984893712118,3.20363982048094,0.173987606530622,18.4130346083995,1.03270543393695e-75,4.53423871095817e-74,"AC013652.1",TRUE
23.0461392350755,-3.67691685115716,0.130384200451277,-28.2006319663799,5.74414103388036e-175,2.47917127022276e-172,"AC087482.1",TRUE
0.988544719663613,1.84520142219464,0.337071462552633,5.47421430524252,4.39456989249291e-08,1.28380693488557e-07,"LINC00927",TRUE
14.9330106827264,1.54984396230812,0.200859654478966,7.71605410916618,1.19986389863533e-14,5.45569584617058e-14,"AC046168.1",TRUE
5.47651089087356,3.30966712494534,0.31791834326927,10.41043146775,2.22212217717048e-25,1.71999270385004e-24,"AC022196.1",TRUE
18.4284906482061,-2.02361808709101,0.102388024794057,-19.7642067142258,6.05425802279097e-87,3.62691012051708e-85,"AC021739.2",TRUE
2.45263429242136,3.42593700203271,0.368736239364851,9.29102332858276,1.52811956580266e-20,9.37773929475941e-20,"AC113146.1",TRUE
11.4322658564118,-1.98404688460148,0.235851033730399,-8.4122882703556,4.02088206903861e-17,2.07287709149195e-16,"CERS3-AS1",TRUE
133.983435668345,3.03005402400623,0.299010817168557,10.1335933351807,3.91974382756129e-24,2.86254050080449e-23,"LINC01833",TRUE
2.78872738055456,-2.33096694146942,0.230364271885076,-10.118613109555,4.56842925994111e-24,3.32613709276414e-23,"MRPL15P1",TRUE
4.37942747004578,-2.3249631006792,0.324756432918384,-7.15909791158316,8.12096703603632e-13,3.31599751443072e-12,"AC055874.1",TRUE
3.09222357977808,3.00882879066842,0.351212050208003,8.56698620928997,1.06228608293497e-17,5.63454188760886e-17,"AC013652.2",TRUE
707.417762930822,1.53753880786381,0.196043332211229,7.84285183546654,4.40427549787759e-15,2.05035627751479e-14,"LINC02568",TRUE
1.80686038022082,1.99725163782367,0.479867925510437,4.16208613171883,3.15353350840615e-05,7.07561375664429e-05,"AC020661.2",TRUE
1.44979783994062,1.59938315923502,0.399398329066376,4.00448134816613,6.21536945766165e-05,0.000135012001506204,"RORA-AS2",TRUE
1.32286539914906,-1.8003116984164,0.22788136571551,-7.90021462599067,2.78423591007084e-15,1.3123033949837e-14,"AL355073.1",TRUE
6.23300397366668,2.99319593958126,0.484702867426889,6.17532129626352,6.602905346301e-10,2.2196541377549e-09,"LINC02253",TRUE
388.095646870955,1.72287887141091,0.150028680356746,11.4836634389781,1.59381207058304e-30,1.54166133945236e-29,"AC016705.2",TRUE
1.67176507630682,2.55384080858686,0.339946453669734,7.51247963030077,5.80177719094913e-14,2.52653318092387e-13,"GEMIN8P1",TRUE
2.57292832744233,1.72417898100033,0.281047809426947,6.13482447885257,8.52532675257496e-10,2.83980167200074e-09,"AC048383.1",TRUE
1.56755401323708,1.72179585552458,0.41692297589146,4.12976965791597,3.63126865585611e-05,8.09365602079889e-05,"AC009268.1",TRUE
1.21973593241645,2.13039326645437,0.347910511531187,6.12339436678215,9.16025928462848e-10,3.04471922005826e-09,"AL132801.1",TRUE
1.87082402446756,1.97914148246537,0.304487700178326,6.49990617455571,8.03701214227403e-11,2.87411918187544e-10,"LINC01583",TRUE
149.083726462109,7.3427885758318,0.420069594901472,17.4799334799608,2.03736584809364e-68,7.05719983978502e-67,"LINC00052",TRUE
1.40891841068601,-1.71207803015893,0.294110719550087,-5.8212024124043,5.84257595204613e-09,1.82993888309369e-08,"AC114546.2",TRUE
1.16443551759529,1.57204517727809,0.339989676927462,4.62380267390732,3.7676830371147e-06,9.30760688465861e-06,"AC116158.2",TRUE
1.87592511927686,1.54883509716741,0.33784439917213,4.58446285024334,4.55154999026035e-06,1.11584718875113e-05,"AC069029.1",TRUE
0.444221790361668,-1.55229993248082,0.559557665942446,-2.7741554212582,0.00553452302331894,0.00948442620769527,"AC021351.1",TRUE
4.75702117661357,-1.95856044382324,0.158019331738097,-12.3944356825238,2.80110650565056e-35,3.29865639246598e-34,"DNM1P47",TRUE
2.13463021872351,-2.0255705936118,0.309647499563105,-6.5415370589776,6.08897408977492e-11,2.1943897938768e-10,"LINC02254",TRUE
2.69126494022619,3.13390558657787,0.357725149369403,8.76065211546437,1.9412404267686e-18,1.07126885077782e-17,"AC103982.1",TRUE
27.8236937413292,-2.03449301175757,0.168345649588362,-12.0852128744182,1.26442255640028e-33,1.395001981959e-32,"AC243562.2",TRUE
0.61803675367695,1.6035400224086,0.456511071117295,3.51259832206038,0.000443747783706053,0.000877251481529554,"AC020891.3",TRUE
22.2350476153594,1.56301086962713,0.197633765884068,7.90862261130013,2.60252242903734e-15,1.2282041137544e-14,"AC103740.2",TRUE
43.6936347400729,-1.61675110899704,0.0908813013633853,-17.7897002435355,8.49330306669913e-71,3.19591072675444e-69,"LINC00933",TRUE
3.14537041445161,-2.79367093803426,0.154037524602753,-18.1363011723205,1.64753029381012e-73,6.75925926623998e-72,"AC009269.4",TRUE
1.44840896186776,2.02725377850417,0.364772444330379,5.5575847628119,2.73533160645751e-08,8.1340024896449e-08,"PCSK6-AS1",TRUE
6.34589725273388,3.57228482706687,0.537512099710503,6.64596169833359,3.01243594464227e-11,1.10879017031179e-10,"LINC02109",TRUE
1.16890301546276,-3.77299693459342,0.505612275236881,-7.46223365092503,8.50678576097674e-14,3.67042760615571e-13,"AC092325.1",TRUE
2.38270091002177,2.01757749537854,0.262570988895985,7.6839315107191,1.54279166794599e-14,6.9636988484155e-14,"AC138625.1",TRUE
29.8139254582869,2.30328254851017,0.242266368442537,9.50723190889983,1.95803334238623e-21,1.25216652922492e-20,"SLC22A31",TRUE
115.953479422912,1.95335516042183,0.117590144016932,16.6115551328907,5.74834641806268e-62,1.62155968237637e-60,"AC009093.1",TRUE
1.91562306982615,1.63588760596315,0.296780566042596,5.51211161760625,3.54553942783045e-08,1.04468515637058e-07,"AC097374.1",TRUE
1.75101927403433,1.73502194788164,0.273588680951605,6.34171684971333,2.27218642705134e-10,7.88134422498883e-10,"AC130456.1",TRUE
2.49827375962924,-1.60321823117224,0.192361378389347,-8.33440810518242,7.78868390250464e-17,3.96742118767969e-16,"FIGNL2-DT",TRUE
1.61524165937532,3.04734663669493,0.439586780620797,6.93229817418844,4.14058049834373e-12,1.61594587493006e-11,"AC120498.1",TRUE
20.8492702907804,-5.28698176571056,0.22909542363466,-23.0776402331884,7.76617009287341e-118,9.57679717738333e-116,"AL845331.1",TRUE
13.3307055700219,-2.35947693399435,0.127424366628961,-18.5166855948734,1.51480261679643e-76,6.81030009801396e-75,"AC007938.1",TRUE
9.18184206540064,2.51714332530174,0.294518627041212,8.54663540499771,1.26728731236025e-17,6.70377747290949e-17,"AC130456.2",TRUE
1.39847872443962,-1.70970741869983,0.224631505422215,-7.61116485190393,2.71636492693382e-14,1.20702471169014e-13,"AC011840.2",TRUE
0.982848707229891,1.85428493328218,0.568815873288195,3.25990363553496,0.00111450072982538,0.00209877619002851,"AC023158.1",TRUE
1.89503784606817,1.67319299712442,0.399386017934895,4.18941305400723,2.79676914263595e-05,6.31254869763454e-05,"AC034105.3",TRUE
8.75759716711342,1.70866251770028,0.233021099488462,7.33265151289394,2.25643138809733e-13,9.51422222648306e-13,"THSD4-AS1",TRUE
9.76865686987111,2.9367405645077,0.290677527564758,10.1030877381928,5.35296703961683e-24,3.88619104171341e-23,"AL121578.1",TRUE
1.69142744150081,1.88280474515384,0.412570181078688,4.56359870757297,5.02841514334892e-06,1.22773319899836e-05,"AC009054.1",TRUE
18.6318620156214,3.17848049184268,0.203893702884095,15.5889095488619,8.65991646031905e-55,1.99872724292711e-53,"TGFBR3L",TRUE
10.7219468554176,2.06387122997757,0.216678550040662,9.5250371095351,1.64982965773513e-21,1.05962273850964e-20,"LINC02130",TRUE
4.04656401013496,2.08513666512547,0.394082510170877,5.29111699024993,1.21571564891911e-07,3.42495348611937e-07,"LINC01992",TRUE
2.04695777599809,2.63552537901829,0.614445683390023,4.28927316158779,1.79258791829121e-05,4.12453857305942e-05,"AC023813.2",TRUE
0.611076006043916,-2.44063873187799,0.346696653881318,-7.03969508951036,1.92660960069828e-12,7.68365093015503e-12,"GOLGA2P11",TRUE
2.0197261734637,1.9719160716343,0.369346302932046,5.33893545428854,9.34939192864885e-08,2.65613319931862e-07,"AC092332.1",TRUE
19.0650705731227,1.50708503094589,0.181273211563388,8.31388718690454,9.2617199997168e-17,4.69504152205517e-16,"DDX59-AS1",TRUE
4.38077564855138,-4.91340436398287,0.266859489212196,-18.411952966289,1.05354021432313e-75,4.62101581810834e-74,"LINC01070",TRUE
14.1435150947437,-3.26793733928688,0.128633394088457,-25.405046352424,2.21801024349176e-142,4.49433437131946e-140,"AOC4P",TRUE
0.693138014073684,1.64420425463845,0.558383747295841,2.9445775644457,0.00323395874791273,0.00572180288431227,"AGBL1-AS1",TRUE
6.48268568360866,3.03994266718226,0.240474706914034,12.6414237330539,1.24773932389274e-36,1.5514960881363e-35,"AL032819.1",TRUE
47.9944846292779,1.57727181483072,0.15603907750533,10.1081846935223,5.08171130597139e-24,3.69361165317826e-23,"MMP2-AS1",TRUE
1.20733502145,-1.91877485976892,0.222283955236883,-8.63208888704597,6.0241539708871e-18,3.23763080286061e-17,"AC134312.3",TRUE
9.26278694976032,-3.46034100017062,0.185840855580354,-18.6199153537282,2.2156401593776e-77,1.02165629571301e-75,"LINC02240",TRUE
112.126260159126,1.65146672894625,0.12658131372726,13.0466865947102,6.63717565939451e-39,8.92678409035422e-38,"AC124798.1",TRUE
4.64362577229864,1.66385247148716,0.256961045001868,6.47511560156935,9.47393795355933e-11,3.37094115478665e-10,"AP000842.3",TRUE
289.662464441775,1.68472115893427,0.105786238241883,15.9257119539699,4.20203432526971e-57,1.04050373768583e-55,"CD2BP2-DT",TRUE
35.3872612102707,3.37491929086955,0.235784213106927,14.3135931214319,1.79969371125427e-46,3.1536654720964e-45,"CCDC187",TRUE
4.83422533201555,1.86089544051642,0.232460207449646,8.00522145674983,1.19251867805777e-15,5.73408045287136e-15,"LINC02533",TRUE
0.85497309960435,1.68663265696748,0.508548907517048,3.31655939485218,0.000911332140095252,0.00173533464954165,"AP000997.3",TRUE
4.67585076716696,-1.53863720645729,0.131429539660944,-11.7069359782177,1.17447601629371e-31,1.19103347892943e-30,"PPIAP46",TRUE
3.09417378014048,-1.77981799226539,0.17653335658252,-10.0820492326243,6.63281336486377e-24,4.78476056873676e-23,"AL132996.1",TRUE
148.961105236332,3.74344805100808,0.239658965255665,15.6198957423296,5.32927009977599e-55,1.2379510091837e-53,"TPSP2",TRUE
29.73060224917,5.31632671654929,0.318301427149536,16.7021768144687,1.2636913058171e-62,3.63606111727106e-61,"AC093515.1",TRUE
2.1375919166714,1.68964451454345,0.298280689487841,5.66461247439329,1.47357179986893e-08,4.47630622764238e-08,"AC108206.1",TRUE
10.6204931335053,-1.81851269344442,0.133475490452371,-13.6243192460366,2.87074657861094e-42,4.35047128977698e-41,"AC092375.2",TRUE
1055.12833212515,-1.77335677515172,0.16165097435732,-10.9702820054262,5.31065010398511e-28,4.60904199654127e-27,"MRC1",TRUE
137.066631950017,2.62752516851289,0.258880522725095,10.1495668382247,3.32837410178441e-24,2.43933819380226e-23,"COX6CP1",TRUE
0.689710755794683,-3.28707621009857,0.704942056545773,-4.66290268764117,3.11780205169421e-06,7.76347640634179e-06,"LINC01043",TRUE
0.774048613182684,-2.27071151308517,0.200095549257561,-11.3481360355613,7.57605254841995e-30,7.1487194575821e-29,"MOCS1P1",TRUE
1.33399393844838,2.19165348269092,0.565398812586449,3.8762965784542,0.000106058399377682,0.000224860270036879,"AC109597.1",TRUE
1.92713377174194,3.09965757039715,0.419062113636499,7.3966542656391,1.39658540144943e-13,5.95677694698658e-13,"AC120498.3",TRUE
1.07013108897381,2.07832787909501,0.526073047193019,3.9506450486,7.79408446660627e-05,0.000167726708006944,"AC008060.4",TRUE
75.3232824692817,2.45993493223042,0.157481383848801,15.6204807965888,5.28059338617811e-55,1.2279655740703e-53,"SCX",TRUE
16.6835460088935,2.14986124506637,0.149176953967881,14.4114837304511,4.38194534672623e-47,7.86054701432685e-46,"ATP2A1-AS1",TRUE
2.33508101941999,1.93735464229006,0.278018693461695,6.96843301494396,3.20490509866088e-12,1.26092711083139e-11,"AL355607.2",TRUE
1.83312008013018,2.60217074304448,0.528663678142313,4.92216668296245,8.55912640126271e-07,2.24266570834446e-06,"KCNJ18",TRUE
8.37554689646793,3.45505957831987,0.3531523551315,9.78348162801673,1.32570069945691e-22,8.97807032615099e-22,"INSYN1-AS1",TRUE
1.60254111975959,2.34092500275129,0.313636344186248,7.46381931221964,8.40498423560077e-14,3.62795399148444e-13,"AC126696.3",TRUE
1.63382577200856,2.73001716034577,0.486233881729832,5.61461729205999,1.9699776423368e-08,5.92132008101236e-08,"AL031598.1",TRUE
36.7568443731975,3.06768088721807,0.260370823643454,11.7819686718005,4.83504267195151e-32,4.98162906950172e-31,"AC007493.1",TRUE
25.5457110902927,-1.80615310927256,0.139295364207944,-12.9663547637973,1.89846257861319e-38,2.51265393722617e-37,"AC110597.1",TRUE
9.67545769906815,1.63092082331571,0.23561744075848,6.92190195286727,4.45619644139784e-12,1.7348857875765e-11,"AC064799.2",TRUE
1.07583769161377,1.89174105956715,0.586381556464412,3.22612646784699,0.00125477899070937,0.00234729744577333,"AC099313.1",TRUE
13.4631217639258,-1.97762432374603,0.122663760171438,-16.1223194281836,1.77808452271099e-58,4.54902951986997e-57,"AC010207.1",TRUE
1.57069401226806,2.06927784047092,0.383138985699959,5.40085430536531,6.63242770563656e-08,1.91040830068923e-07,"AC004158.1",TRUE
0.632960338542856,-1.71826802434028,0.478544086271777,-3.59061594037635,0.000329897442800764,0.000662743140536259,"LINC01541",TRUE
2.48720886742476,-1.93277107167558,0.14241379478707,-13.571515839216,5.90872925660483e-42,8.84567307371019e-41,"AC026150.1",TRUE
5.74299445607297,2.84450269039612,0.247593753284457,11.4885882727748,1.50552084881939e-30,1.45756572083995e-29,"AC022164.1",TRUE
0.982026325685297,2.40544807688122,0.498726804368969,4.82317785169937,1.41288881501213e-06,3.63280598450636e-06,"AL031713.1",TRUE
0.367537837730663,-2.47283063324247,0.406279747086883,-6.08652203555116,1.15389782914923e-09,3.80605504822933e-09,"AC022166.1",TRUE
101.190285595749,2.37649191504793,0.203591295899918,11.6728561726734,1.75432756177057e-31,1.76495985002372e-30,"AC120498.4",TRUE
0.932583252342996,-3.42866215302858,0.227391373602649,-15.0782419698116,2.25185444213033e-51,4.68611560859909e-50,"AF067845.1",TRUE
1.54745603717835,1.67122218160816,0.48528695219471,3.44378140407456,0.000573639290698931,0.00112023310196669,"AC007598.1",TRUE
3.29576206979221,3.05543946716605,0.288469358896082,10.5919029974575,3.24918275274976e-26,2.60417321464586e-25,"KRT8P22",TRUE
0.875507206768225,1.63967870661951,0.497072746164197,3.29866949912776,0.000971442119953418,0.00184296447899734,"TLE7",TRUE
3.05331887985113,1.63973690411816,0.3223324001478,5.08709922851778,3.63581628164822e-07,9.83650916541948e-07,"AC007494.2",TRUE
1.19022172389882,-3.20614460951001,0.379283352458148,-8.45316460300954,2.83511540329568e-17,1.47177749345973e-16,"KIF18BP1",TRUE
3.99117062355025,2.06603648024363,0.231799277535481,8.9130410681603,4.96515813234975e-19,2.81376345840618e-18,"AC093520.1",TRUE
1.37963870316027,1.68839009867004,0.469378079283697,3.59707914192892,0.00032181059201426,0.000647220184125604,"AC106799.3",TRUE
3.92476978661383,2.40609686144557,0.250145357615085,9.61879478550221,6.66069876104264e-22,4.3556933110091e-21,"AC061975.1",TRUE
9.68147783669092,1.61711456387301,0.230143018200609,7.02656364080278,2.11682053379535e-12,8.41735528271671e-12,"AC009063.2",TRUE
12.8740114087865,1.91532403110249,0.18756577991952,10.2114790444414,1.76158839729814e-24,1.30770820824541e-23,"LINC02280",TRUE
4.7001889128077,-1.51071185977636,0.230845648130267,-6.54425098334041,5.97943054855813e-11,2.15743372743495e-10,"SERTM2",TRUE
31.5166037775796,1.75345777717828,0.143820424173497,12.191994198703,3.42925530926734e-34,3.86339491380784e-33,"AL135818.2",TRUE
23.894375161769,-1.97009465123016,0.28848455643525,-6.82911652385923,8.54391572832301e-12,3.26332214897718e-11,"AP005233.2",TRUE
33.7488520528201,3.77937920938626,0.309705646561947,12.2031330437184,2.9909020651464e-34,3.37836516963409e-33,"XKR7",TRUE
7.00257812478976,1.82454384222029,0.214790960042776,8.49450946099837,1.98770602976375e-17,1.0407544855587e-16,"AC015818.2",TRUE
6.87915615749357,1.75139167609786,0.244432372147303,7.16513799179763,7.77082397191191e-13,3.17596380259873e-12,"AC009093.3",TRUE
2.06184341922574,1.93164694869453,0.3663876638147,5.27213970192908,1.34842372058272e-07,3.78646504751792e-07,"LINC01416",TRUE
28.5358414197751,-3.23496406489882,0.169689907573322,-19.0639744647219,5.03043638203423e-81,2.56332507967647e-79,"AL356489.2",TRUE
5.82102410802795,2.37723457877216,0.295403590863783,8.04741259854337,8.45627194428412e-16,4.09391696147283e-15,"AC026462.3",TRUE
2.55882325145996,2.26538241600024,0.365995536634602,6.18964492526565,6.02998906337333e-10,2.03307810307939e-09,"WWOX-AS1",TRUE
1.60705431505962,2.95053244223512,0.671061546855888,4.39681346079089,1.09851674687374e-05,2.59053561332481e-05,"LINC01633",TRUE
5.63850503607389,2.64904760190601,0.349481888822529,7.57992813542114,3.45746419029412e-14,1.52674600422646e-13,"AC126407.1",TRUE
0.296085174894932,-2.18761465272502,0.615594242130777,-3.55366327851437,0.000379905287336374,0.000758404819677979,"RARRES2P6",TRUE
45.8979204186796,-1.66692454738534,0.196295617063542,-8.49190915376242,2.03269884004072e-17,1.064054359444e-16,"AC105046.1",TRUE
0.778005885189127,1.57727705889952,0.432641999006728,3.64568641629957,0.000266679012990634,0.000541487871691558,"AC079171.1",TRUE
156.812197645893,3.62445247955759,0.143974100533182,25.1743366767709,7.65310371170501e-140,1.48787367656391e-137,"LINC02544",TRUE
72.4149836567903,2.67185632509305,0.191965161908883,13.9184438391028,4.89444752336093e-44,7.90585161333299e-43,"WFDC21P",TRUE
2.45560857378993,3.00271914200089,0.433332645495597,6.92936286525728,4.22740193073895e-12,1.64923318567019e-11,"LINC02129",TRUE
12.0979481616629,-3.34297505496016,0.203055670258645,-16.4633425439536,6.72803531661832e-61,1.84019014109789e-59,"AC036108.2",TRUE
238.065799341771,1.55756593780972,0.104773114538869,14.8660841539829,5.47218000253296e-50,1.08838381985863e-48,"AC092718.4",TRUE
3.08449974340228,1.55545423863365,0.43105541316961,3.60847861112839,0.000307997901568837,0.000620828947866197,"AC084783.1",TRUE
1.37792238518708,2.40698757950624,0.453025417232243,5.31314025206736,1.07752041219778e-07,3.04676238145021e-07,"RUNX2-AS1",TRUE
15.7299093784228,1.55126685611607,0.185800236203049,8.34911132416859,6.87784885145503e-17,3.5117467931953e-16,"LINC02516",TRUE
0.87083587954961,2.05432639677151,0.547559870829882,3.75178406273267,0.000175580664574138,0.000363630589396342,"LINC02178",TRUE
78.7116887115005,2.7483895941742,0.245393463496819,11.1999299207488,4.0805616436927e-29,3.7155493785185e-28,"AC093904.4",TRUE
8.4327534482267,1.71605925931915,0.158120664405547,10.8528462473306,1.93310194076564e-27,1.63786179355016e-26,"CLEC19A",TRUE
66.6687224308858,1.85312935869482,0.123520940290142,15.0025522339933,7.06495506401694e-51,1.45063492180291e-49,"AC103706.1",TRUE
28.0237594246492,1.83144182274987,0.190436292375834,9.61708401219783,6.7723810578863e-22,4.42736216033014e-21,"AC092142.1",TRUE
3795.07416087848,1.56360736196505,0.103418040154251,15.1192902092602,1.20838046099346e-51,2.54408296080379e-50,"BOP1",TRUE
1.42994074780743,-1.6833822457479,0.142116457427091,-11.8450901199216,2.2817294256431e-32,2.38506761953878e-31,"GOLGA8T",TRUE
1.26562616728266,1.53706774632812,0.358844611556777,4.28337976055948,1.84075593480749e-05,4.2299556035721e-05,"AL160286.3",TRUE
9.62629682460271,1.96909793074176,0.156804841060345,12.5576348116954,3.60962275255671e-36,4.38354862128159e-35,"AC137932.2",TRUE
3.06054317958031,-1.67513496109335,0.277281034637699,-6.041289348484,1.52887518823961e-09,5.00161093946953e-09,"AC110491.1",TRUE
3.69982095481494,1.84458408807455,0.408594358958664,4.51446293281096,6.34774229326065e-06,1.53380672588249e-05,"AC120498.6",TRUE
0.600843112890993,-2.06948389802771,0.367880014100192,-5.62543171335229,1.85044598306028e-08,5.57523550637916e-08,"AC126323.6",TRUE
0.952195091405877,1.6962735070935,0.410561207271547,4.13159713350992,3.60251401292864e-05,8.03412932351575e-05,"LINC02152",TRUE
525.50449905596,1.53398272448295,0.136021486111008,11.2775030500038,1.69488534445441e-29,1.56976934477795e-28,"AC010168.2",TRUE
78.6856883773743,3.74889929075872,0.138639445937974,27.0406395913898,4.92148336483564e-161,1.44497429949868e-158,"AC134312.5",TRUE
0.686925890711269,-3.01370840909992,0.436890305728739,-6.89808945079021,5.27065571035691e-12,2.04147447239526e-11,"LINC01616",TRUE
2.23417448636391,1.79638328818581,0.345513869621119,5.19916404558714,2.00186793417323e-07,5.5377913113009e-07,"AP000439.3",TRUE
1.05128094703552,1.61702460002395,0.256635745815375,6.3008549135912,2.96008378454144e-10,1.01904136668109e-09,"PYCARD-AS1",TRUE
3.08420334831773,1.66859710038383,0.366239461265446,4.55602761815568,5.21300851317063e-06,1.27057514924579e-05,"AC007533.1",TRUE
11654.1777104965,-1.64449890838456,0.0812022952889192,-20.2518771487111,3.41957776990882e-91,2.30248013337386e-89,"PECAM1",TRUE
16.1416202046925,-1.95187417907251,0.128509792645927,-15.1885248500117,4.21294079005293e-52,8.97485313418975e-51,"MAFTRR",TRUE
3.76623170250055,-2.47729901846439,0.279868565100656,-8.85165155141099,8.62335736921325e-19,4.83042315451322e-18,"AL031710.1",TRUE
3.96128935219451,1.84146595687148,0.239634565309841,7.68447554504715,1.53625017247204e-14,6.93707443438934e-14,"AL591222.1",TRUE
0.783483405970866,-3.0826116506761,0.454976941180691,-6.77531402509442,1.24136331609175e-11,4.68947402385294e-11,"AC009142.1",TRUE
1.18711999462218,1.5032683187385,0.279839488537452,5.37189489087174,7.79135224123372e-08,2.23067835974559e-07,"AL031600.2",TRUE
4.85499179611935,1.60598985088442,0.178674511883588,8.98835448858411,2.50959457547893e-19,1.44457324456749e-18,"AL023803.1",TRUE
184.83767556953,1.69043054666477,0.108430573029454,15.5899807539113,8.51592060754365e-55,1.96654432007268e-53,"AC108860.2",TRUE
32.02576363804,1.90459338094433,0.13838860654567,13.7626458455292,4.27587006561361e-43,6.68889278839736e-42,"TUBB8",TRUE
48.2053186456576,-2.27197969301835,0.107578011431015,-21.1193687519988,5.27956896659026e-99,4.31564766284159e-97,"AC096921.2",TRUE
1.82906225725032,-4.00255182286961,0.2525705247159,-15.847264154722,1.46835592337442e-56,3.57440731262492e-55,"AC084064.1",TRUE
0.333748400898454,-2.42603058833347,0.335972403165571,-7.22092221109569,5.16361861450473e-13,2.13264860671794e-12,"AC055876.5",TRUE
141.129915993759,1.53924486786337,0.145396629499018,10.5865237259421,3.44135425239112e-26,2.75512612749398e-25,"TBILA",TRUE
3.32923793345002,-2.64333982192876,0.293261095935954,-9.01360548180604,1.9939099278032e-19,1.15280847265889e-18,"AL845331.2",TRUE
1.96525785971013,1.62101266578339,0.27819826067804,5.82682530736377,5.64916914498631e-09,1.77244940605997e-08,"AC005086.2",TRUE
4.69639437715222,4.31735282490464,0.56014291289756,7.70759162616454,1.28214250083278e-14,5.81762724305537e-14,"AC079414.1",TRUE
1.81349819528788,2.11016966523607,0.528329918991376,3.9940377960509,6.49575019463479e-05,0.000140769521189213,"AL157402.2",TRUE
6.91034493752988,2.27642544237622,0.203972774645691,11.1604376923855,6.36772950872072e-29,5.75442222773003e-28,"TMEM249",TRUE
80.915670244471,-2.43688154568612,0.167081536028299,-14.5849840958691,3.50003543000894e-48,6.56218632316186e-47,"AC036108.3",TRUE
19.3375900980286,-2.28406484072594,0.127715712095295,-17.8839768674796,1.57212508393385e-71,6.01532966512277e-70,"AP003071.4",TRUE
1.51914711621291,2.45067025288726,0.786367006913425,3.11644592326731,0.00183045248762998,0.00335053773977309,"LY6L",TRUE
8.37770303993073,1.61272158411043,0.190053067577714,8.48563827285226,2.14537849926573e-17,1.12167820749011e-16,"AC012213.2",TRUE
9.89760565445607,2.02346332550167,0.207506041418132,9.75134657127559,1.82037399783889e-22,1.22112747508123e-21,"SCRT1",TRUE
6.51468637394257,-1.59602385089067,0.228358400447935,-6.98911819210505,2.76619318420389e-12,1.09180519277769e-11,"LINC00165",TRUE
5.90941806752773,-1.5094104035703,0.127774253047237,-11.8131029340652,3.34003056860934e-32,3.47028693647518e-31,"AC092134.1",TRUE
1.4445878047211,3.10694791460314,0.725611534035323,4.2818336931947,1.85359497024398e-05,4.25877875516263e-05,"FRG2DP",TRUE
6.53225171222708,4.32411186230308,0.426933034653833,10.1283140711029,4.13721018175331e-24,3.01726920318474e-23,"SSTR5-AS1",TRUE
567.459375086751,1.89799407040563,0.112305773924453,16.9002358835299,4.48110428845265e-64,1.35342520006729e-62,"H2BC20P",TRUE
2.08344934407904,1.56936434051523,0.286726839377345,5.4733778809241,4.41537189308723e-08,1.28953478756019e-07,"AC002551.1",TRUE
60.6258098764641,4.60587081451151,0.172882810903172,26.6415775544694,2.24067873369929e-156,5.96961074978156e-154,"LINC00922",TRUE
2.96277255342529,1.5032136892551,0.208985490460724,7.19290935433437,6.34250533831008e-13,2.60583084627761e-12,"AC117382.2",TRUE
5.14668315980667,2.96415991374398,0.70101222551266,4.22839974235293,2.35359352573304e-05,5.35624026209533e-05,"LINC02616",TRUE
34.3966445957158,1.62373022923286,0.164582297865005,9.86576472862644,5.85862963809937e-23,4.04638270411856e-22,"AC027228.2",TRUE
1.46690740952417,1.63351382774735,0.243130653592714,6.71866670701167,1.8339484666534e-11,6.84657173434486e-11,"KRT18P18",TRUE
20.4692959918939,5.33033688323922,0.522237321881291,10.2067329543537,1.84988893938651e-24,1.37184203821171e-23,"AC079414.2",TRUE
9.03939610866306,3.06387265242912,0.285706466069072,10.7238477818994,7.86613090247942e-27,6.46670875716213e-26,"TCF24",TRUE
0.542448140175211,-1.71070246884763,0.281329157640605,-6.08078623344487,1.19594649406731e-09,3.94113542673474e-09,"LINC02186",TRUE
7.46651169044113,2.08573122633603,0.185675719638484,11.2331931735448,2.80166851011626e-29,2.57057850545531e-28,"AC127496.1",TRUE
5.02182887258088,2.96690873008086,0.3573461470038,8.302618497379,1.01841491087247e-16,5.15115288330669e-16,"GFY",TRUE
3.95055924929115,3.32831631580877,0.534124087855106,6.23135408323253,4.62420590416573e-10,1.57125434438508e-09,"CCDC92B",TRUE
2.46438382159936,2.21999895775741,0.403254531457597,5.50520523534612,3.68738441639763e-08,1.08507200798883e-07,"AC007014.1",TRUE
6.59309425679938,2.40235992664493,0.380336672985882,6.31640358996912,2.67720333352936e-10,9.24458723698915e-10,"SNORD3B-2",TRUE
46.6905979562584,-2.787903854134,0.113155356156763,-24.6378425982036,4.96812711277896e-134,8.86051099948511e-132,"LINC02185",TRUE
10.9889326881729,3.67720617853664,0.345424025058464,10.6454847137927,1.83029187033135e-26,1.4812562745828e-25,"BCAR4",TRUE
96.6980009560486,3.19205570427085,0.186133879806994,17.1492460565522,6.3673196745486e-66,2.04322317586258e-64,"LINC00514",TRUE
5.39591147486587,3.75272400634894,0.250778074997687,14.964322564417,1.25596304800931e-50,2.54853620837244e-49,"AC116025.2",TRUE
46.4401888206653,-3.46910973168869,0.153701163153054,-22.5704845722878,8.45147288465866e-113,9.42546691736093e-111,"MYMX",TRUE
12.256108295465,2.1484712415603,0.170673505170574,12.5881942801438,2.45218857599575e-36,2.99989962981793e-35,"LINC01978",TRUE
9.67149944719454,1.50977820920086,0.255657436082497,5.90547348176362,3.51635348518444e-09,1.12012559170832e-08,"AL157931.1",TRUE
1.21401515086123,2.42394295283847,0.594604551066438,4.07656306782562,4.57062626841108e-05,0.000100796193216812,"U95743.1",TRUE
7.64904216535419,2.15438673982577,0.158343325942194,13.6057944154354,3.69926837622095e-42,5.57668260976934e-41,"AC004233.1",TRUE
48.962549274618,-1.60418762287311,0.105609141528744,-15.1898557232045,4.12827302788317e-52,8.80317509305522e-51,"AC108134.3",TRUE
367.491784638287,2.68932599786545,0.229599702253392,11.7131075148235,1.09202488671816e-31,1.10872251495544e-30,"MMP12",TRUE
1.43543280818297,1.68460501654841,0.308071566651514,5.4682262139888,4.54561518789386e-08,1.32604766143629e-07,"AC009171.1",TRUE
1.80506813638175,1.96689847301956,0.427966611743926,4.59591570707963,4.30852864313539e-06,1.05909611708465e-05,"AC007151.1",TRUE
1.1475066539912,2.42410731476643,0.461436646689774,5.25339140737162,1.49323732146772e-07,4.1741012172634e-07,"AJ003147.1",TRUE
4.95992659922103,3.89712200866092,0.398442636532571,9.78088600802225,1.36014599939732e-22,9.20412375885672e-22,"AJ003147.2",TRUE
8.47649875766168,2.06787704645714,0.155219342785208,13.3222896666858,1.71757901761127e-40,2.43770833278864e-39,"AC009121.2",TRUE
1.83036219623908,1.71395264821934,0.368782689301323,4.64759517716655,3.35827155910162e-06,8.33436837966912e-06,"MRPS21P9",TRUE
4.24965345764454,2.21072415464145,0.296509945852154,7.45581787581509,8.9312046036034e-14,3.84816602467328e-13,"AC100791.2",TRUE
264.687379408301,1.82918865549328,0.147271434080698,12.4205258603713,2.02227847238501e-35,2.39586985638586e-34,"LINC01977",TRUE
19.71507239622,2.25164916203609,0.227580142954938,9.89387357262502,4.42564427686442e-23,3.07486810993993e-22,"U91319.1",TRUE
1.36075261798998,1.68590208599217,0.512764304798817,3.28786943672616,0.00100948643987056,0.00191144313173701,"AL354943.1",TRUE
280.846910016029,1.6692209388011,0.141669379448605,11.782510414727,4.8040613258192e-32,4.95089032527117e-31,"MRPL12",TRUE
2.96716301964674,1.53834384333177,0.27569775894164,5.57981990581727,2.40767742482454e-08,7.18689796358165e-08,"AC016245.1",TRUE
0.679530274446629,-2.72077453467193,0.288640412358051,-9.42617325288766,4.25323591398702e-21,2.67789441353289e-20,"AC012146.3",TRUE
5.96991271017664,1.5865405784189,0.275596235244683,5.75675707982845,8.5745160487831e-09,2.65192484891063e-08,"CR936218.2",TRUE
443.994115806715,2.16872826048474,0.240111942054234,9.0321549271168,1.68323898990134e-19,9.77510694350671e-19,"MTCO1P40",TRUE
7.65842300434129,1.53379598523005,0.156308821286368,9.81260029093326,9.93741987900282e-23,6.77565627137064e-22,"TMPOP2",TRUE
22.926207158393,1.65150785300456,0.181768256025245,9.08578807498259,1.02950128560313e-19,6.03959161161219e-19,"AC005695.1",TRUE
23.9871279325423,2.15436274292966,0.154902361864345,13.9078753674287,5.67399915287458e-44,9.13767923276369e-43,"AC124319.1",TRUE
0.793575616113987,-3.74515714785637,0.290943976915143,-12.8724340251549,6.43420713437156e-38,8.37203436597759e-37,"AC137056.1",TRUE
168.747882148277,1.50254005814887,0.139939244080418,10.7370885702757,6.81600192258645e-27,5.62375536185875e-26,"ROCK1P1",TRUE
7.6433753111168,1.67847224060854,0.151148071609756,11.1048207412274,1.18855595274475e-28,1.05922103903497e-27,"AC009121.3",TRUE
1.15016233267207,2.17795064286276,0.439312390657925,4.95763536193688,7.13563252969658e-07,1.88236599218693e-06,"LINC01896",TRUE
203.564748468266,-3.18686810321188,0.127730405422082,-24.9499568460693,2.13767964072931e-137,4.02891935781123e-135,"MYZAP",TRUE
1.42977956576394,1.85244367036427,0.321675946150658,5.75872611095599,8.47510859019799e-09,2.62249560333342e-08,"AC115099.1",TRUE
1.2140143518574,-2.20464849548999,0.328065416927136,-6.72014903655523,1.81538783973e-11,6.78079958137144e-11,"AC109462.2",TRUE
5.6008155725622,-2.65652121131582,0.211365527179349,-12.5683750172832,3.15134582780769e-36,3.83564822132487e-35,"AC040173.1",TRUE
8.14530264085032,1.82370393206106,0.149792743459636,12.1748483266981,4.23180013776863e-34,4.75389104492697e-33,"AC003965.2",TRUE
0.367965685308831,-1.58559369890721,0.439746758953414,-3.60569729423562,0.000311315862996591,0.000627048378146952,"MIR548AO",TRUE
20.625110265183,-1.85976841392644,0.117127771734089,-15.8781165763881,8.98355989785735e-57,2.20301389313365e-55,"TMEM220-AS1",TRUE
1.52289460991943,1.93875267639731,0.302696924861381,6.4049302029915,1.50438185839298e-10,5.28265568369058e-10,"GTSCR1",TRUE
1.58725518807727,1.82581044249804,0.562946549540704,3.24331047767799,0.00118149385152794,0.00221758097986284,"RN7SL471P",TRUE
2.0260773053649,2.50716247570429,0.455641322369456,5.5024914392452,3.74461414819386e-08,1.1010119670008e-07,"AC104982.2",TRUE
4.29666377293691,2.00235963468501,0.277290830822204,7.22115343211221,5.15484507677239e-13,2.1292287636472e-12,"AC007431.1",TRUE
1.81024929340094,2.7127856866561,0.492461453110179,5.50862543560169,3.61646498011069e-08,1.06478360421296e-07,"AC005828.2",TRUE
18.1374003702385,2.73766769078939,0.178447553496778,15.3415815299414,4.03249480330838e-53,8.86614751455881e-52,"FAM72C",TRUE
2.839865792167,2.58091983569162,0.306311353719742,8.4258053263446,3.58277428578787e-17,1.85166492844694e-16,"MIR4526",TRUE
14.3129204955533,-2.21747983671024,0.106255178640536,-20.8693812864598,1.01640698595133e-96,7.72326153409499e-95,"HID1-AS1",TRUE
1.17144541992465,2.51059561852774,0.61348021366895,4.09238238265745,4.26963821871478e-05,9.44916344578659e-05,"AC091043.1",TRUE
67.9202913563976,2.65289899310668,0.294903631048593,8.99581664584367,2.3448240395984e-19,1.35153052282408e-18,"AP005121.1",TRUE
423.919758343891,2.97949401144916,0.246901519572038,12.0675401942183,1.56749919049154e-33,1.7232110306066e-32,"MSMB",TRUE
7.58430811001034,4.49446580681097,0.287246269382891,15.6467334335332,3.49715327522144e-55,8.17644286882759e-54,"AC090125.1",TRUE
2.79861221421837,2.42787626014637,0.350784678995179,6.9212722377186,4.47605348672836e-12,1.74214508510412e-11,"AC007639.1",TRUE
0.212364376028625,-2.70953585018855,0.656258566414818,-4.12876263846873,3.64720672056219e-05,8.12666195454126e-05,"AC005209.1",TRUE
1.16936358902972,1.95900126673114,0.622489359411602,3.14704378012639,0.00164930264726969,0.00303931951053156,"AC005695.2",TRUE
1.31227045968323,-2.24289829223803,0.272171855349537,-8.24074292824136,1.7114459538907e-16,8.57411577132009e-16,"AC024619.3",TRUE
6.36901907330681,1.88317751998723,0.189855294932867,9.91901500905267,3.44135402819078e-23,2.40376824497029e-22,"SEPTIN9-DT",TRUE
4.06525065861485,1.95029319771835,0.306941575510331,6.35395577961613,2.0984718268358e-10,7.29286126469387e-10,"DLGAP1-AS3",TRUE
1.75401808282408,1.6039517877688,0.228515775331558,7.01899807766706,2.2346485749576e-12,8.87199268652101e-12,"AP001178.1",TRUE
26.7593799654183,3.31004289011344,0.255353879365669,12.9625713865636,1.99447787069558e-38,2.63649815924108e-37,"RN7SL4P",TRUE
1.65998035048712,1.65056515699527,0.302572071366133,5.45511404784606,4.89414233088006e-08,1.42339072102954e-07,"MIR3165",TRUE
10.2998228343358,3.45215733722213,0.253452371913367,13.6205367152852,3.02337614245086e-42,4.57855839677821e-41,"AP005230.1",TRUE
5.68557777847039,3.53515025345829,0.362524247373887,9.75148636006225,1.81786872771124e-22,1.21970217603815e-21,"AC080037.2",TRUE
144.384712395116,2.35335558330801,0.195795278820202,12.019470528036,2.80764729296332e-33,3.0477378562449e-32,"SNORD3A",TRUE
1.00886209945601,1.56538981992317,0.410816130931972,3.81043903113528,0.000138720221251449,0.000290357165335235,"RN7SL678P",TRUE
2.11921498584489,2.84186775146735,0.447873116399686,6.34525191936558,2.22061767320085e-10,7.70866715799473e-10,"LINC02003",TRUE
6.35902540330418,2.03912193766475,0.344760903397138,5.91459738494722,3.32688353346858e-09,1.06188650572773e-08,"FGF7P1",TRUE
0.996443003023084,-1.96116266427559,0.191593304994105,-10.2360709542326,1.36674547485411e-24,1.02056634419902e-23,"AC116003.1",TRUE
5.36686325068303,2.58635543251519,0.288007517971663,8.98016638846791,2.70357595592576e-19,1.55333251141847e-18,"AC104984.1",TRUE
1.62256255047971,2.3326091209048,0.500016812302119,4.66506138096691,3.08524929280803e-06,7.68419178703875e-06,"RN7SL665P",TRUE
3.91613400968734,1.91980768955739,0.27095645517652,7.08529969624344,1.38743714106686e-12,5.58260617515582e-12,"MIR3189",TRUE
16.2408232259802,-1.80017476793163,0.102803143293699,-17.5108922767925,1.18324732508746e-68,4.13848902356361e-67,"MAGOH2P",TRUE
3.12435269594057,1.59686291614006,0.341570498486005,4.6750609997587,2.93866258530402e-06,7.3313686232209e-06,"AC011120.1",TRUE
1.52348051943203,2.22272422579498,0.542515896208629,4.09706746166975,4.18416994677249e-05,9.26618989700346e-05,"RPL35AP23",TRUE
0.984265071380228,2.21215605133505,0.72791726891824,3.03902125391605,0.0023734810894216,0.00427579279653711,"LINC01925",TRUE
13.1455665830705,2.51643921445201,0.157361976304033,15.9914057611357,1.46683271856678e-57,3.68286795423749e-56,"AC016866.1",TRUE
0.535337941780952,-3.63456143940195,0.450281413471961,-8.07175541929909,6.92945794172274e-16,3.36379940124568e-15,"MIR4801",TRUE
12.2509446631087,-2.03760604090964,0.150507253173635,-13.5382581101186,9.29673351950246e-42,1.37932973084127e-40,"LINC01894",TRUE
0.632020436708087,1.62736609390477,0.29473012742817,5.5215464672894,3.36028920447431e-08,9.91997825342759e-08,"MIR3122",TRUE
1.20474609072888,2.20527711573609,0.544193776540665,4.05237474370731,5.07003692572366e-05,0.000111196094168521,"AC007448.3",TRUE
17.8592528680994,2.66692771154195,0.156677477420972,17.0217682556648,5.6634164793439e-65,1.76358625720406e-63,"MIR4653",TRUE
0.711652571622357,1.53464420319261,0.354232318211288,4.33230996805108,1.47553004935551e-05,3.4281034036811e-05,"AC036222.1",TRUE
1.31133345514452,1.98918463506599,0.5091226842319,3.90708309936537,9.34170324972675e-05,0.000199203513961564,"AC025211.1",TRUE
1.15936751380297,2.55641064668077,0.571242096297575,4.47517902348196,7.63473146410197e-06,1.82941933150478e-05,"LINC02837",TRUE
1.56690773677023,2.3468961374555,0.524839691538508,4.47164377102624,7.76206489087983e-06,1.85807388070091e-05,"MIR4714",TRUE
9.72071712128246,1.74100477036533,0.206122356533099,8.44646257518292,3.00262192337866e-17,1.55779735801206e-16,"AC005544.1",TRUE
5.502985099286,1.77168788172241,0.239526375549001,7.3966296098359,1.39684461990837e-13,5.95729385328512e-13,"AC006270.1",TRUE
1.55833430605591,2.38974194572654,0.349983817916106,6.82814982691396,8.60167279961685e-12,3.28392921743886e-11,"DNAJB6P8",TRUE
6.02649983463665,1.76212652046198,0.257977016093913,6.83055625319933,8.45860021580808e-12,3.23159409855959e-11,"SNX19P3",TRUE
1.39518163842774,1.58441728520192,0.442442370985537,3.58107041527837,0.000342189407430071,0.000686382619541844,"MIR4296",TRUE
125.700681848902,1.69146534750535,0.22423110843943,7.54340180217346,4.57867639988376e-14,2.00625049156328e-13,"MAPT-AS1",TRUE
1.60615645206718,2.15317176133516,0.734750595984128,2.93047977518302,0.00338439023641159,0.00597058175366949,"AP000897.1",TRUE
0.983205009563872,2.20867891703838,0.678414630235744,3.25564753264663,0.00113134101984039,0.00212853872782526,"RN7SL732P",TRUE
6.51356619665914,2.11644390788411,0.19375927847297,10.9230583668764,8.9432643608337e-28,7.67989036636654e-27,"KRT18P8",TRUE
6.45708947647239,3.33463585172516,0.269677063098187,12.3652928188077,4.027410074919e-35,4.71192786211721e-34,"AC104564.4",TRUE
1.32007703124143,1.98668461912711,0.463644722130752,4.28492879202202,1.82797727229702e-05,4.20193326972409e-05,"MIR5194",TRUE
0.71902022395993,1.5608573161894,0.331954230297379,4.70202568224877,2.57593090081137e-06,6.46040895339756e-06,"KRT8P34",TRUE
13.3489488427581,2.02472558654322,0.216647844079793,9.34569921590127,9.12843042232832e-21,5.66963673949763e-20,"KIAA0895LP1",TRUE
5.00488382569828,4.64268562684274,0.861763743392432,5.38742278546817,7.14751656758796e-08,2.05288357660941e-07,"AC069061.2",TRUE
1.89125794019387,1.51914583071165,0.359164381387125,4.22966727614962,2.34037200115141e-05,5.32643195368566e-05,"MIR4537",TRUE
0.457622187485206,-1.73356082031707,0.329893997379286,-5.25490258716032,1.48102839748558e-07,4.14372251080173e-07,"AC021382.1",TRUE
5.34372935354597,2.02170736503392,0.294799860555975,6.8578979692226,6.98811384854109e-12,2.6850084011665e-11,"AC006141.1",TRUE
1.57971420744609,1.9096885889917,0.484544422842467,3.94120435395574,8.10735179445369e-05,0.000174077560046078,"RN7SL230P",TRUE
2.55990374560809,3.71180061270612,0.827263367015032,4.48684271624307,7.22863977125469e-06,1.73645067360913e-05,"SNORD3C",TRUE
1.61592136317447,2.73492782103033,0.51058568094085,5.35645225301013,8.48719149231018e-08,2.42122536061939e-07,"AC138761.1",TRUE
19.827250101601,-1.81630517596437,0.151161460744128,-12.0156630335747,2.94001967582025e-33,3.1858209693297e-32,"AC090844.2",TRUE
1.04666095500144,2.52279111185157,0.536379715974834,4.70336785064023,2.55904753509092e-06,6.42030411059257e-06,"AP005901.3",TRUE
0.8304724332372,2.20868715224136,0.441672336826556,5.0007368994647,5.71116049972234e-07,1.51959612334638e-06,"PPY2P",TRUE
2.85043359399515,3.37340126054254,0.477387623719597,7.06637770426152,1.59030195952998e-12,6.37538849835724e-12,"RN7SL664P",TRUE
4.08194152733211,2.80280976803529,0.227995406463499,12.2932729720764,9.84381669085222e-35,1.13507648511136e-33,"MIR3153",TRUE
1.25448562064953,1.89104372487795,0.454639586604246,4.15943481517384,3.19036051155699e-05,7.1526652994026e-05,"RN7SL200P",TRUE
2.80769818281733,2.34424862399927,0.33656327481344,6.96525378563276,3.27812264626022e-12,1.28844161198972e-11,"AC011824.2",TRUE
1.38248539839819,2.3542542718604,0.536163128788767,4.39092907634071,1.12867354274283e-05,2.65773092393369e-05,"AC016866.2",TRUE
12.2972014341766,1.55566711096795,0.255515435271659,6.08834886751163,1.14081072135995e-09,3.76547803104125e-09,"MIR133A1HG",TRUE
4.078211471754,1.68006081164722,0.256558292984268,6.54845646229116,5.81347994606173e-11,2.1001907966186e-10,"MIR4728",TRUE
8.13976035715671,2.89182257569601,0.370894323880598,7.79689089182982,6.34510561440506e-15,2.92892789644623e-14,"SNORD3B-1",TRUE
1.1046975177434,-1.58035874818489,0.262177538656841,-6.02781899731459,1.66187015110453e-09,5.41944206434995e-09,"MIR4269",TRUE
2.0520698438009,3.17419603529569,0.486992989744997,6.51795015972979,7.12746645598832e-11,2.55648177711673e-10,"AC090358.1",TRUE
11.1126871285738,1.61514404310875,0.233392930572296,6.92027834411397,4.50757093368717e-12,1.75346337537574e-11,"FEM1AP2",TRUE
1.35671162641834,1.71970824851178,0.465854991240351,3.69150976344164,0.000222926837572135,0.000456537238890313,"AC079336.3",TRUE
1.48430617311939,2.98036641371274,0.581091501259542,5.12891069178031,2.91423545714146e-07,7.94908691968813e-07,"OR4K7P",TRUE
2.1008492666841,-2.5533155248746,0.227256772234337,-11.2353770572863,2.73324441548426e-29,2.50939861672625e-28,"LINC01908",TRUE
1.90593503919741,2.06786829564581,0.28312865401179,7.3036348188188,2.80095944350063e-13,1.17493837672745e-12,"RN7SL219P",TRUE
0.571024421752262,1.55821838111158,0.323804378028724,4.81222147334077,1.49261810796475e-06,3.82868165575647e-06,"MIR4261",TRUE
6.28861496362266,2.33752306113109,0.194319340991198,12.029286684525,2.49305347468015e-33,2.71238184943774e-32,"KRT18P55",TRUE
1.47534810374563,1.99408570791715,0.444591968220125,4.48520407577369,7.28441809363876e-06,1.74916815912679e-05,"AC005304.2",TRUE
0.69046485721295,1.95754363503281,0.694320612575517,2.81936557777175,0.00481186804738752,0.00831619048273116,"MIR3156-2",TRUE
1.36913673279056,-3.07319816436899,0.251282081270631,-12.2300728680258,2.14745908816841e-34,2.44356272726993e-33,"AP005271.1",TRUE
3.98848479991951,2.40476602964606,0.334768650670958,7.18336685596553,6.80152714575261e-13,2.79070169798158e-12,"MIR4539",TRUE
5.47076483996307,2.79376725491753,0.314257448788749,8.89005898089489,6.10764800238199e-19,3.44538083626724e-18,"TUFMP1",TRUE
484.604818409148,1.75338843621285,0.0943400299801017,18.5858371741315,4.18419767639478e-77,1.90696907828087e-75,"MAFG-DT",TRUE
13.2363244973425,1.94602490934127,0.18985303784424,10.2501647139186,1.18142039658067e-24,8.84784041582888e-24,"AC005821.1",TRUE
3.06164091313084,2.06994180584886,0.335750661764987,6.16511608634666,7.043145093118e-10,2.36157661761166e-09,"AC023389.2",TRUE
6.97907577526403,2.16646410238014,0.232653693814918,9.31196950650444,1.25483551898084e-20,7.72922805754433e-20,"AP001099.1",TRUE
8.88146800026417,3.40305832447271,0.283442743778123,12.0061578543587,3.29815393867371e-33,3.5676271677483e-32,"RN7SL5P",TRUE
1.55979549092996,2.21472051866534,0.362071273782442,6.11680815086177,9.54681836883941e-10,3.16954369845468e-09,"AP006565.1",TRUE
1.0987067369278,2.09177149648993,0.521531975315879,4.01082118737398,6.05079248160811e-05,0.000131635769699181,"AC015878.1",TRUE
84.3684185675867,4.61719252153631,0.346617658252671,13.3207077354684,1.7543648703834e-40,2.48828090061609e-39,"CXADRP3",TRUE
3.69714305633822,2.22028024825702,0.380244243593673,5.83908970527269,5.24868050838019e-09,1.64991296971369e-08,"LINC01906",TRUE
1.21417145399195,2.22225708590391,0.749912908897749,2.96335355684204,0.00304306820404651,0.00540199990485121,"RNASEH1P1",TRUE
12.7772100656525,1.59605604133759,0.127027526892221,12.5646470523809,3.30345911407136e-36,4.0196587359267e-35,"AC022211.3",TRUE
1.5948079169178,2.51775404503277,0.627552557618491,4.01202100838762,6.02011411315303e-05,0.000131007979188063,"RN7SL300P",TRUE
4.59972000270537,1.8714705812801,0.333369140474871,5.61380870051219,1.97921019031311e-08,5.94741431552698e-08,"MIR5195",TRUE
31.4075290627313,2.79128602504817,0.422503813686737,6.60653450839087,3.93420597015687e-11,1.43740226591019e-10,"LINC00668",TRUE
12.6322793263159,-1.6088771204779,0.11078343073567,-14.5227233873691,8.69844978819348e-48,1.59687406575258e-46,"UBE2CP2",TRUE
9.20759133124895,2.44070169980728,0.303738573789996,8.03553420743582,9.31720609709145e-16,4.50364671464293e-15,"GACAT2",TRUE
42593.80823827,-2.04685865520132,0.0876999174042849,-23.3393453013824,1.76814724391553e-120,2.34089678059492e-118,"TXNIP",TRUE
4.39428214239928,-1.91300702003506,0.348626346310402,-5.48727036921013,4.08192124053092e-08,1.19603340625468e-07,"ESRG",TRUE
15.7779817558494,4.35524772216833,0.501394335525607,8.68627228826343,3.74526580803485e-18,2.03379054195752e-17,"MIR3609",TRUE
1.98734413169891,1.97546947789009,0.493456041813293,4.00333425978711,6.24559607704137e-05,0.000135641285505513,"AP001011.1",TRUE
50.8594729990479,2.28901029247352,0.149573582807927,15.3035733282723,7.23715879754863e-53,1.57914951315571e-51,"AC004585.1",TRUE
2.08679036169261,2.39998238337133,0.493460149535842,4.86357892451661,1.15282026707015e-06,2.98815222669797e-06,"AC007431.2",TRUE
1.67210226824812,1.84846306689634,0.246401378926507,7.50183734745927,6.29294306313329e-14,2.73545596338839e-13,"MIR4326",TRUE
6.98314937614107,3.57623153328167,0.391935349873405,9.12454448019753,7.20385666242541e-20,4.26207612817383e-19,"AC104984.4",TRUE
2.47508901865916,1.95729585112813,0.381447367617974,5.13123439113204,2.87848195172553e-07,7.85454138183436e-07,"MIR5190",TRUE
2.49679082524683,2.87135801688852,0.273552490934426,10.4965522597885,8.95928630496486e-26,7.04853804087283e-25,"MIR4666A",TRUE
21.8550649200714,3.28726955309218,0.277326860098388,11.8534120781736,2.06603652300419e-32,2.16274888025372e-31,"PNLIPRP2",TRUE
22.5005574688531,2.74379362843008,0.32967668046673,8.32268034410453,8.5996135515468e-17,4.3691503341349e-16,"GRAMD4P7",TRUE
1.21044188952408,1.65224200399061,0.386267928050308,4.27745066055658,1.89045840970441e-05,4.33862517084134e-05,"MIR4644",TRUE
21.1718310735411,-2.01404743791998,0.179299612934913,-11.2328599317785,2.81225784264807e-29,2.57974598275645e-28,"KLF14",TRUE
0.526634176066349,-1.84263819215572,0.328648369234858,-5.60671637119532,2.06201152857939e-08,6.18718142196096e-08,"AP005671.1",TRUE
1.50540753383523,1.563987212206,0.314055673218789,4.97996802979719,6.35947778871559e-07,1.6852401385213e-06,"AC061975.5",TRUE
1.55141488672369,2.7086134957478,0.430445758018976,6.29257797361866,3.12236394750708e-10,1.07345250895655e-09,"LINC02074",TRUE
3.05340449125032,1.51592933341179,0.365133785201404,4.15170930451046,3.30001264405584e-05,7.38660645770407e-05,"AP000919.2",TRUE
1.75278395216071,1.52088745957832,0.361130654438027,4.21146042543811,2.53725008010487e-05,5.7520597466817e-05,"AP002478.1",TRUE
23.5536718290852,1.94815615056419,0.156447198386031,12.4524834619099,1.35560318756639e-35,1.61490018148952e-34,"SNHG25",TRUE
0.804190709985135,-1.5821064636593,0.25958642950961,-6.09471946067478,1.09629537961709e-09,3.62297921778512e-09,"AP005205.2",TRUE
5.6104723911713,1.58298790848486,0.153568781332785,10.3080059289818,6.48325341490873e-25,4.90305269646856e-24,"NARF-AS1",TRUE
2.20294445911548,2.62076929864081,0.271266243394345,9.66124375022565,4.40483227027643e-22,2.90603119512581e-21,"AL449423.1",TRUE
179.369182263211,-3.07924953270752,0.211588599993669,-14.5530030105575,5.58944642105518e-48,1.03625647565611e-46,"GDF10",TRUE
1.86677153987227,1.53512475734163,0.366659707826991,4.18678334317001,2.82935666644986e-05,6.38009580585037e-05,"MIR3619",TRUE
0.547017474897545,-2.58049394509749,0.220586468071524,-11.6983329379061,1.29981911705533e-31,1.31628796555861e-30,"MIR4530",TRUE
2.70358112143892,1.5859221196432,0.243325651807601,6.51769391291794,7.13964929770344e-11,2.5602132244008e-10,"FO680682.1",TRUE
2.12264585370506,1.67759001837221,0.357012499910284,4.69896717564169,2.61480471426836e-06,6.55294755029486e-06,"AC037487.2",TRUE
1.55746552180433,2.23675589883598,0.385434488593358,5.80320642036734,6.50586162299412e-09,2.02960371078092e-08,"AC079336.4",TRUE
15.5598254409849,4.04753090608464,0.426124864555102,9.49846217096597,2.13012681084981e-21,1.35980288650019e-20,"AP005262.1",TRUE
0.887871208003593,2.06345495013693,0.420075221348759,4.91210822554988,9.01022928925225e-07,2.35642911061096e-06,"LONRF2P1",TRUE
1.28401373821479,2.9133716726694,0.690746155248042,4.21771681323833,2.46788484369195e-05,5.60157296101733e-05,"OR4K8P",TRUE
4.57350534223286,4.53762410665201,0.841550155227751,5.39198297150094,6.96843729796051e-08,2.00384938223716e-07,"GTF2IP6",TRUE
7.78557323281775,4.2603521032985,0.332164565243569,12.8260282675681,1.17221007155282e-37,1.51429472278419e-36,"AC061975.6",TRUE
4.56062346615818,3.31124112272493,0.542107857441549,6.10808546172374,1.00833360122593e-09,3.34149863551221e-09,"AC005993.1",TRUE
2.90496551432608,-3.42808525733807,0.195741035863288,-17.513370368247,1.13283729605983e-68,3.96538991873011e-67,"FXYD1",TRUE
2.68883465586205,2.06355820759614,0.490169486263744,4.20988712154516,2.55498307146069e-05,5.79013228481193e-05,"AC090220.1",TRUE
46.9279718054819,2.01868876507106,0.136031667811956,14.8398442623052,8.09436569256834e-50,1.60106701783341e-48,"AC061992.2",TRUE
1.04436011169561,1.76052474825599,0.462639236269097,3.80539437695242,0.000141578422616908,0.000296095591420544,"AC079466.1",TRUE
15.3132196923411,3.34240252039061,0.172913137527414,19.3299512586815,3.00701867562657e-83,1.63660688575086e-81,"AP001542.1",TRUE
115.68706614135,3.54881978314272,0.183081367059562,19.3838392193574,1.0566211825558e-83,5.83168417379903e-82,"LINC01929",TRUE
2.12026357851499,-2.44779907463179,0.288920748667505,-8.47221629433325,2.4076753580299e-17,1.25531853651329e-16,"LINC01532",TRUE
1.52753585545693,1.75609405289543,0.494092612067387,3.55417994522842,0.000379159692262075,0.000756951400066198,"TCF4-AS1",TRUE
1.92969232326905,2.49329659389008,0.661398560332194,3.76973392962603,0.000163421672911139,0.000339540721265332,"AC016493.1",TRUE
7.44845696264251,-3.27546471842737,0.17008194827681,-19.2581561512719,1.20596979887685e-82,6.41005622161638e-81,"AP005264.1",TRUE
2.52830884230739,1.98266381463763,0.208291000093168,9.5187205100114,1.7532433778198e-21,1.12436826428979e-20,"AC020663.2",TRUE
1.86179954449275,-1.86666279814801,0.224528991724994,-8.31368271779495,9.2776995030879e-17,4.70258967179417e-16,"AP001269.2",TRUE
6.00045328275764,-1.9170518229708,0.195348085347815,-9.81351734037991,9.84749149864631e-23,6.71646228005017e-22,"SLC14A2-AS1",TRUE
3.58711184400142,-3.22763784315855,0.203681775717871,-15.8464734107056,1.48694500277666e-56,3.61761816910038e-55,"AC004490.1",TRUE
11.6255984862423,1.97435058526706,0.168237171124823,11.7355193983986,8.38102389612735e-32,8.547376922421e-31,"SCAT1",TRUE
5.32635436702827,2.92009636609731,0.446744093720775,6.53639613179181,6.30188675008963e-11,2.26809066155661e-10,"LINC01924",TRUE
24.2387372268576,3.27943874496351,0.230975675596085,14.1981996004565,9.39963898803615e-46,1.61693271711295e-44,"LINC01842",TRUE
1.42244485457254,1.98660205638005,0.383211949319814,5.18408170701928,2.17081756936066e-07,5.98903645446216e-07,"AC091044.1",TRUE
6.0788319305342,2.24039189653871,0.165268360653127,13.5560847078344,7.29260778260979e-42,1.08684030351325e-40,"LINC01775",TRUE
1.94093245434689,-2.45193454583068,0.238783903320733,-10.2684247628587,9.77882929004183e-25,7.34774150693254e-24,"LCN6",TRUE
0.966881235265354,2.31040568065531,0.293326313046484,7.87657151061376,3.36486376620077e-15,1.57667484691375e-14,"LINC01897",TRUE
0.296474410125673,-1.77581893554843,0.411829924244872,-4.31202015930375,1.61769680210973e-05,3.73807655953827e-05,"AC011591.1",TRUE
20.61396890662,1.55734669916055,0.189652889233785,8.21156326936216,2.18327117186587e-16,1.08823171010198e-15,"AC020928.1",TRUE
90.2284636642048,-2.09540455007435,0.118396944433888,-17.6981303030536,4.334605175365e-70,1.601725679527e-68,"LINC01140",TRUE
6.01091499390351,2.02596666907425,0.353419691288193,5.73246686309335,9.89803766157725e-09,3.04489882732483e-08,"AC022031.2",TRUE
1.32348079159292,1.83837465542189,0.458243188409011,4.01178828605091,6.02605308170127e-05,0.000131117388085414,"AC004672.2",TRUE
3.21817654585174,-1.76697249094556,0.174964430648092,-10.0990383268214,5.57865520418101e-24,4.0432369204442e-23,"AC011444.3",TRUE
21.1242837040701,-1.53495136349914,0.118080538786333,-12.9991900382216,1.2364588260214e-38,1.64759379225327e-37,"LINC01415",TRUE
1.94651276770564,2.26394928764668,0.417692582704083,5.42013284744054,5.95547630584564e-08,1.72196929966033e-07,"LINC01478",TRUE
3.62297067242589,-3.0082337447557,0.224613141614617,-13.3929552079242,6.64819000793594e-41,9.57410346154538e-40,"LINC00906",TRUE
7.54205745368304,-2.63828791660384,0.244905112745137,-10.7726943183477,4.63242909709848e-27,3.85232446687419e-26,"SEC24AP1",TRUE
26.3298620383866,-2.18224934634724,0.121109443462074,-18.0188206960973,1.38667983981404e-72,5.5211348603666e-71,"KCNJ2-AS1",TRUE
20.648573932024,2.11090944674818,0.161220695677636,13.0932907706154,3.59680266189348e-39,4.89864319619194e-38,"AP005131.2",TRUE
102.075418018801,1.53703367000915,0.138934237582621,11.0630302274853,1.89582363321897e-28,1.67705980753701e-27,"MIR924HG",TRUE
2.36789139455721,2.72086273059535,0.49768503986605,5.46703740849365,4.57619503799313e-08,1.33433710201178e-07,"AP002439.1",TRUE
3.56518205072358,-1.72150707654838,0.150894042986784,-11.4087146349386,3.7827772398686e-30,3.60805890989456e-29,"AC005180.1",TRUE
7.05661223854584,2.8762987840959,0.191511595201045,15.0189276063228,5.51934263382078e-51,1.13597915152935e-49,"AC068473.4",TRUE
0.882102002848199,2.05331236777167,0.395136042675232,5.1964694333372,2.03108979411877e-07,5.61466953911266e-07,"AC020934.1",TRUE
13.5867816820229,3.36573152768489,0.291224021684021,11.5571906061263,6.78938116168337e-31,6.65825246394579e-30,"DNAH17-AS1",TRUE
2.89981313336302,1.91151472639096,0.265745843099377,7.19301835203547,6.33744202083004e-13,2.60399845410343e-12,"AC104365.1",TRUE
15.6553305626562,2.37125866610502,0.19970347777723,11.8738977032246,1.61752081490734e-32,1.69694210917358e-31,"AP005131.3",TRUE
1.10333526045882,2.50707723178213,0.775007705074789,3.23490620204891,0.00121682698049862,0.00228070821401005,"AC010511.1",TRUE
1132.11093765665,-1.65253710236564,0.115272783995624,-14.3358826349537,1.30575816940889e-46,2.297453020452e-45,"AC020916.1",TRUE
2.00523185511893,1.544465616528,0.326330026379353,4.73283330272704,2.21407317440956e-06,5.58532925404855e-06,"AC005702.2",TRUE
8.69784064092775,1.58421052606406,0.230352673219262,6.87732642267241,6.09862610641359e-12,2.35224935435935e-11,"AP005131.4",TRUE
17.4380593592077,-1.91703584565215,0.125623442706098,-15.2601760018402,1.40867857748218e-52,3.0460204110286e-51,"MIR497HG",TRUE
2.24982700324996,2.67217553918704,0.27548944736367,9.69973828311305,3.02272987286761e-22,2.00863774153912e-21,"AC010327.4",TRUE
15.1957011288389,-1.5656188571766,0.101403768733085,-15.4394543391934,8.88487498780929e-54,1.98792744672809e-52,"AC007998.3",TRUE
2.14562655029425,1.86584375144702,0.411777633922097,4.53119256059451,5.86516459797596e-06,1.42285708531641e-05,"AC090241.1",TRUE
1.3135814389794,2.17306733296388,0.338146680071309,6.42640446005747,1.30657475706706e-10,4.60829995219532e-10,"LINC01926",TRUE
9.61584954220828,-2.51075811731336,0.24744634517509,-10.1466769110563,3.42838997218619e-24,2.51050748557102e-23,"CYP4F24P",TRUE
5.95184413956261,-4.11204910598527,0.333517596249458,-12.3293318020607,6.29666961074543e-35,7.31532329474489e-34,"LINC01028",TRUE
1.63118310806198,1.52174666058935,0.279405752447737,5.44636839885391,5.14086064684183e-08,1.49253024026432e-07,"AC040904.1",TRUE
29.3205221944885,-5.02314885520337,0.27956991667677,-17.9674155034749,3.50675652401139e-72,1.38346994128274e-70,"AC002546.1",TRUE
0.241272764397961,-2.96815704786789,0.63911345314816,-4.64417864034511,3.41432043225291e-06,8.46713800597767e-06,"PPIAP56",TRUE
0.374004265922679,-2.67656765992113,0.376251447991655,-7.11377371225557,1.12912225406639e-12,4.57328420472086e-12,"AC008991.1",TRUE
5.95269112938719,1.63023345979019,0.275242241310483,5.92290431885863,3.16304898237137e-09,1.01153818967952e-08,"AP005131.5",TRUE
2.99169949592903,1.69632258140464,0.302497190062184,5.60773004554499,2.04997439496338e-08,6.1523464909686e-08,"AC024592.2",TRUE
2.68194493877704,-3.34587836251009,0.21961834430995,-15.2349676117584,2.07229807093481e-52,4.45420242736784e-51,"AC008738.4",TRUE
2.56505012275493,1.53868022887687,0.193014357301951,7.97184339230146,1.56324827627524e-15,7.46595060352323e-15,"AC010761.6",TRUE
3.19617253308823,1.83339244648364,0.281944271915742,6.50267669573917,7.8903255681949e-11,2.82236409351311e-10,"AP005264.4",TRUE
1.2055855095817,1.94424668557882,0.478694403723216,4.06156134363959,4.87456055407447e-05,0.000107110290965204,"AC107896.1",TRUE
69.8000421233818,2.30027338534815,0.159691733354129,14.4044612518991,4.85085637912516e-47,8.68365662891091e-46,"RUNDC3A-AS1",TRUE
49.5056656107528,2.44400858113455,0.138843388183215,17.6026284947,2.3515275961058e-69,8.44358827353798e-68,"AC009005.1",TRUE
1.18190517366448,1.54346234259849,0.278380924722436,5.54442566112394,2.94920596206479e-08,8.74649414709795e-08,"AC011447.4",TRUE
906.451549469828,2.6086919388363,0.145141742698886,17.9734092365719,3.14763125866594e-72,1.24292557295537e-70,"SMIM22",TRUE
2.23668511374253,1.93468545174368,0.285962432483658,6.76552313162407,1.3282837034223e-11,5.00731283428305e-11,"SNX6P1",TRUE
11.7791235279019,2.24859756386674,0.21967326005084,10.2361004855408,1.36632852062791e-24,1.02043154439004e-23,"AC010328.1",TRUE
3.58661493738258,3.82255594335536,0.902996431489638,4.23319053105164,2.30399150455537e-05,5.24889275991607e-05,"MAGEA9B",TRUE
25.2736403418483,1.54987132707552,0.14753661605051,10.5049944113189,8.19276507723492e-26,6.45726334429254e-25,"ERFL",TRUE
1.80454774721576,2.01845101895768,0.381364361184151,5.29271013340185,1.20516864879344e-07,3.39634860476166e-07,"AC008395.1",TRUE
3.65391379828062,3.47008794530031,0.311841676112443,11.1277234927671,9.19539430849441e-29,8.24072297247962e-28,"AC093063.1",TRUE
76.7547813670855,4.1533688429921,0.278379184773608,14.919825440145,2.44913242617352e-50,4.92336075983461e-49,"GABRQ",TRUE
9.0739850656674,3.11276165055874,0.291096665732215,10.6932233068662,1.0949804288545e-26,8.95911948992614e-26,"ZNF725P",TRUE
2.89543099221298,1.81220894389027,0.262563645320917,6.90197967687152,5.12827736217902e-12,1.98846869959255e-11,"AC124856.1",TRUE
1.04323035506623,-1.51317577573182,0.223679527015372,-6.76492746530095,1.33376002720591e-11,5.02707910000935e-11,"AC008687.2",TRUE
1.71009876346015,2.43826929204745,0.396962130890289,6.14232215697503,8.13237073335703e-10,2.71288546028513e-09,"AC073342.1",TRUE
2.12430233708774,1.98376750234184,0.443297926857092,4.4750209332275,7.64038267668548e-06,1.8305702027631e-05,"AIRN",TRUE
1.22499713892433,-2.05648200079571,0.236987733759443,-8.67758836363728,4.04249112271792e-18,2.19270977575098e-17,"AC008687.3",TRUE
4.9466752281238,-2.93019997762709,0.271897742937062,-10.7768455374981,4.4281152330241e-27,3.68667927193904e-26,"CLEC4GP1",TRUE
1.63605427726054,-2.34889024766455,0.365217745622308,-6.43147896239868,1.26368274773045e-10,4.46102955930363e-10,"MTDHP3",TRUE
2.85549748632202,2.27896744899471,0.265053820861654,8.59813090634233,8.10248473911254e-18,4.32319497268015e-17,"IFNL3P1",TRUE
23.307548171286,2.69457786672013,0.301256718716217,8.94445733261277,3.73781732990439e-19,2.13166220875625e-18,"CYP2T3P",TRUE
3.14033516480199,1.77698158004048,0.272140679101839,6.52964336645717,6.59264798744639e-11,2.36918140831129e-10,"MTDHP4",TRUE
4.39971086773176,1.99902347041233,0.313189594040594,6.38279019625801,1.73890073334618e-10,6.07650843261444e-10,"AC010636.1",TRUE
5.39493209303323,1.90836299580354,0.194302801989768,9.82159277303697,9.08958672342645e-23,6.21426521436854e-22,"AL353803.5",TRUE
1.86590047443959,2.63907904628993,0.876353890501902,3.01143074149929,0.0026001971184484,0.00465874497207161,"AL589863.1",TRUE
0.461171714452878,-1.67638261228479,0.359458156607649,-4.66363770433112,3.10668129717093e-06,7.73667790582755e-06,"AC004597.1",TRUE
132.366137829895,1.75427294132615,0.186887878985068,9.38676681897769,6.18702943241989e-21,3.87059269898888e-20,"AC010643.1",TRUE
1.32297771356789,1.59607563422345,0.438106311674056,3.64312403563568,0.000269348961891436,0.000546574883409392,"ZNF723",TRUE
5.26455911112123,1.9205517363926,0.200393214898646,9.58391598919142,9.34336033487164e-22,6.07318421766656e-21,"AC022432.1",TRUE
3.1364046104557,1.9252334727981,0.236029292799546,8.1567565193408,3.44141155084047e-16,1.69733425794193e-15,"AC243967.2",TRUE
37.8380316338735,2.12280223444245,0.323483102457024,6.56232804223359,5.2974114434766e-11,1.92034501848186e-10,"AC011487.2",TRUE
1.96769713751987,1.73154027596905,0.226818445204842,7.63403644004912,2.27515561039198e-14,1.016203209609e-13,"AC020915.3",TRUE
11.6890761018044,1.812834923205,0.207971000052314,8.71676783180823,2.86256298697409e-18,1.56568519221647e-17,"ESPNP",TRUE
2.25568031860418,3.30787051876921,0.5176980110429,6.38957548263614,1.66346909721631e-10,5.81951254242165e-10,"CSAG2",TRUE
15.6859404221842,5.6769609769278,0.443854303226776,12.7901451797513,1.86125884335062e-37,2.38515236576642e-36,"CSAG3",TRUE
2.41292553254596,-1.93625192598511,0.210203599849636,-9.21131668235064,3.22148704413843e-20,1.9435194412219e-19,"AL354861.3",TRUE
2.29081693744714,3.51242592862209,1.21901406747069,2.88136619777486,0.00395955310144264,0.00691879805094187,"CT45A1",TRUE
48.7971859819676,1.54748584483422,0.127437698512156,12.1430774637429,6.24328796684835e-34,6.97722187077096e-33,"LINC01711",TRUE
18.5515779878807,5.22521805103833,0.403081884109786,12.9631676764098,1.97903074418816e-38,2.61688011394488e-37,"ERVV-2",TRUE
2.39969746658216,2.03858159290062,0.376915354852073,5.40859258360726,6.3521947517147e-08,1.83213529460042e-07,"CDC42EP3P1",TRUE
1.31920899129534,1.98602573275793,0.260312510673868,7.62939025718254,2.35866617217828e-14,1.05241426642422e-13,"KRT18P40",TRUE
24.8182452196186,-1.68795484390781,0.198043991482822,-8.52313080174521,1.55297235084448e-17,8.17094802663021e-17,"ZNF728",TRUE
0.847502624960031,-1.83437175983108,0.224835131326422,-8.15874169223089,3.38532748892611e-16,1.6704096767126e-15,"TPRG1LP1",TRUE
359.904038790148,-1.72285409106982,0.146470062147078,-11.7624998980325,6.09038720236066e-32,6.24224914875056e-31,"TRABD2B",TRUE
0.469553523166929,-3.20360133481195,0.280846861780751,-11.4069329972179,3.86104137209549e-30,3.68108119327681e-29,"AC007193.2",TRUE
2.65443004173599,1.99583158531147,0.243012583335882,8.21287341550092,2.15957180051502e-16,1.07716536357597e-15,"AC010336.5",TRUE
0.440117128472764,-3.65804374825001,0.435006632946673,-8.40916774870981,4.12930188550883e-17,2.1282621134292e-16,"LINC01082",TRUE
3.51540186635645,2.23896682911541,0.389963077603353,5.74148414992447,9.3850344453629e-09,2.89120689979916e-08,"AL445223.1",TRUE
23.4066889170252,-2.09048417947393,0.206386424335929,-10.1289810422381,4.10908982963006e-24,2.99777412181936e-23,"AC011503.1",TRUE
46.585864613602,4.41584087445993,0.322132491813786,13.7081511076274,9.07407123211839e-43,1.40170692332938e-41,"AC092071.1",TRUE
201.0964216995,2.38692316151102,0.221490411456457,10.7766433129782,4.43785794422929e-27,3.69407808819549e-26,"SPIB",TRUE
76.0749502701529,3.71518367982367,0.24838210016053,14.9575338859867,1.39085319984303e-50,2.81430961580989e-49,"LINC01224",TRUE
2.85851097474747,1.87651787552962,0.234871689000889,7.98954477447694,1.35437931384433e-15,6.49644489725732e-15,"PLA2G4C-AS1",TRUE
1.28836880512702,2.09386786334508,0.41790486529068,5.01039360211483,5.43188233988651e-07,1.44796517688532e-06,"BNIP3P8",TRUE
3.35279925939705,3.80853664661077,0.393186727439474,9.68633064349063,3.44690353552941e-22,2.2834743913039e-21,"H3Y1",TRUE
11.5408814479617,1.67222680411502,0.130575976935344,12.8065425460538,1.50701052006996e-37,1.93925384753189e-36,"AL589765.6",TRUE
0.644113949782505,-2.57042148610872,0.437015965212257,-5.88175648196348,4.05935292764272e-09,1.28607261511458e-08,"AC011483.2",TRUE
395.137606409197,2.05529447933569,0.182220173720352,11.27918186759,1.66285202534162e-29,1.54109283688521e-28,"CYP4F23P",TRUE
10.385061706107,3.03796906232225,0.317147682460757,9.57903598333296,9.79549324107175e-22,6.3565401937251e-21,"ERVV-1",TRUE
1.77852196403081,3.20055312402799,0.858029688713153,3.73011932585699,0.00019138910752888,0.000394609175987506,"CT45A10",TRUE
2.38047702854223,2.50820969791585,0.295597472077803,8.48522039205962,2.15310256746942e-17,1.12558026661798e-16,"AL589765.7",TRUE
0.595946779788767,-1.91953384894844,0.410188543812859,-4.67963788336368,2.87382037016281e-06,7.17540710263953e-06,"AC018730.1",TRUE
3.20199064457136,1.72708149455833,0.288235647825584,5.99190803631415,2.07393201819499e-09,6.71852479961689e-09,"AC006262.2",TRUE
3.40181058840684,-3.27304101841266,0.202260644728645,-16.1822930150539,6.72428063412388e-59,1.74515906295121e-57,"AC010319.5",TRUE
0.789810497351611,2.048906458763,0.717869804376637,2.85414771072893,0.00431524622337235,0.0075062883685616,"AC006262.3",TRUE
2.212864801633,2.09188219150228,0.353255826181383,5.92172028446087,3.18591181502263e-09,1.01832151326651e-08,"BICRA-AS1",TRUE
2.26801211044471,1.76489080575825,0.269933902448957,6.53823321096907,6.22498059683631e-11,2.24134614632064e-10,"AL136172.1",TRUE
1.51131886203164,1.89557424755333,0.377733545989326,5.0182840991488,5.21350401288413e-07,1.39198783294821e-06,"ARHGAP19-SLIT1",TRUE
8.7355064616399,1.59965996614063,0.173284400638918,9.23141356199705,2.67083591833412e-20,1.61764353403453e-19,"AC024451.4",TRUE
0.736224955914846,1.9186091143214,0.645637343843281,2.97165139627845,0.00296202794803416,0.00526571901462866,"AC092720.2",TRUE
0.540645428360863,-2.20104104516066,0.510387945177086,-4.3124863468258,1.61428853871073e-05,3.73099996416169e-05,"KC877982.1",TRUE
1.4390851981184,2.29088586607179,0.515187559282823,4.44670261304614,8.71984210496217e-06,2.07617578887939e-05,"AL133467.4",TRUE
4.18540012672418,1.9463551619194,0.201188569106545,9.67428303985128,3.87800211901536e-22,2.56316342200158e-21,"AC125494.3",TRUE
1.58941911907301,1.608849856107,0.362868910647501,4.43369439734083,9.26319059856564e-06,2.20153802992342e-05,"AC090559.2",TRUE
9.74547948949076,-1.7045871356062,0.190921792598323,-8.92819574134444,4.33012967644844e-19,2.46197334785292e-18,"AF131215.7",TRUE
3.96035938771994,1.87145634977799,0.241448686550377,7.75094856184906,9.12086305457686e-15,4.17716945496113e-14,"AF230666.2",TRUE
3.9426103827756,2.14787877317716,0.326609795724444,6.57628399789115,4.8235086107831e-11,1.75326454136263e-10,"AL022097.1",TRUE
1.05907920029985,-1.53958121657156,0.317906860382274,-4.84286880352396,1.27977794774749e-06,3.30235658404768e-06,"AC004080.4",TRUE
1.01158190244608,1.80998996895659,0.373579265423083,4.84499579200883,1.26614362275545e-06,3.26795591186015e-06,"GTF3C6P3",TRUE
0.578463894033363,-3.33376495724033,0.314905017365785,-10.5865730089906,3.43954349934344e-26,2.75418733639449e-25,"AC008738.6",TRUE
2.62311645789999,2.18991443527499,0.250206315603227,8.75243468573239,2.08798368950412e-18,1.15092434277136e-17,"H4C15",TRUE
1.34582096950463,2.14509598532249,0.649986344670397,3.3002170013437,0.000966100952840412,0.00183355688512344,"AC124916.2",TRUE
1.47096168583813,1.94668923968119,0.291926037812841,6.66843305333816,2.58548939132331e-11,9.55391456588304e-11,"STX8P1",TRUE
1.51934527339909,1.81628269966277,0.397250438530257,4.57213516587329,4.82779334232916e-06,1.18036934597015e-05,"AC007161.2",TRUE
7.431095096339,4.46203391840912,0.502917450206787,8.87229885655082,7.16511839973592e-19,4.02822079109811e-18,"AL162413.1",TRUE
6.8065684237929,-2.10932724019724,0.110745075511743,-19.0466910645935,6.99887736524717e-81,3.55378290687139e-79,"AL136084.2",TRUE
1.30549281673883,1.86603208270977,0.636997502144974,2.92941821031675,0.00339597172301638,0.00599003390270901,"AC022022.2",TRUE
5.6261625955132,3.9183740969757,0.409752772463942,9.56277628925748,1.1463935491108e-21,7.4113759106684e-21,"AC106900.1",TRUE
1.85269465411522,1.85914151464497,0.311137755397282,5.97530027261107,2.29666760606115e-09,7.41780841709192e-09,"BNIP3P37",TRUE
1.3612963118089,-1.61159407878174,0.203182811145322,-7.93174417509697,2.16089224080145e-15,1.02409255641804e-14,"AC110048.1",TRUE
3.66807003318555,-3.37879853241745,0.166085634781529,-20.3437132709398,5.27790179320285e-92,3.66228683914204e-90,"AC113368.1",TRUE
1.66193638916572,2.73507277407069,0.608606005054067,4.49399570716973,6.98990378238103e-06,1.68256691158709e-05,"AL160281.1",TRUE
1.69429329972967,2.08170214564251,0.368948828842017,5.64225166990268,1.67840517724249e-08,5.07851706742751e-08,"PPIAP52",TRUE
10.7582871319332,4.78749578276251,0.48583145717125,9.85423177543437,6.57173176545474e-23,4.5236992503513e-22,"RNVU1-31",TRUE
2.30999096380317,1.72397110032099,0.199596358686475,8.6372873316241,5.75634786481529e-18,3.09780516016743e-17,"AL355877.1",TRUE
1.26404025806167,2.35110559376661,0.671122806030165,3.50324198886028,0.000459631694801779,0.000907115274939173,"AC005070.1",TRUE
2.53931957829234,2.86610655504059,0.527212127878324,5.43634412693568,5.43848719983373e-08,1.57575931488201e-07,"PDHA1P1",TRUE
2.2936197048244,-1.63488457913599,0.182571403866333,-8.95476807711326,3.40450550051356e-19,1.94491670949259e-18,"AL050403.2",TRUE
2.21346852428545,2.82994886300295,0.50844151868746,5.56592795629369,2.6076096916831e-08,7.76329132186262e-08,"AC013467.1",TRUE
9.19613015703002,2.90043304430347,0.460950254034896,6.29229080343212,3.12814747730793e-10,1.0752695533658e-09,"LINC00221",TRUE
3.11810228944003,-1.60906134486798,0.177795822358725,-9.05005147770852,1.42900956315562e-19,8.32672509056251e-19,"AC007938.2",TRUE
1.84735315253238,1.80139549560371,0.480538807374066,3.74869930994241,0.000177754046128302,0.000367972786747447,"AC092120.2",TRUE
2.20114015762352,1.66790924335371,0.411888939827712,4.0494149807746,5.13458267860715e-05,0.000112537369697687,"RPAP2P1",TRUE
36.2548525515768,2.7465809579234,0.156259767686149,17.5770193351366,3.69496990863581e-69,1.31797439055142e-67,"H4C14",TRUE
1.72404850333722,1.99584860535427,0.544679559281212,3.66426198917415,0.00024805278262857,0.000505284033332503,"AC008277.2",TRUE
2.47046292784611,2.51318548651362,0.284568567027195,8.83156391012591,1.03222190643921e-18,5.76409593503899e-18,"AC108451.2",TRUE
42.2794252148922,2.1325589046216,0.25148117396507,8.47999423176627,2.25205105732861e-17,1.17559897961179e-16,"GRAMD4P8",TRUE
2.29855364725527,2.26848967852895,0.313195901527775,7.24303756039978,4.38745336926272e-13,1.81939361469426e-12,"RAP2CP1",TRUE
22.0841968649212,-1.63242670036835,0.109103581577639,-14.9621733472306,1.29719506967758e-50,2.63096518831222e-49,"AC007938.3",TRUE
61.6176272661654,3.59133816559324,0.162025705540662,22.1652370135303,7.43774356577516e-109,7.67973713633627e-107,"AC015849.5",TRUE
1.69602435629302,2.4977715276015,0.30511466049266,8.18633730535405,2.6929629594487e-16,1.335496740547e-15,"AC060764.1",TRUE
2.35846124384076,1.67619822029895,0.389024795854466,4.30871820552543,1.64203422497499e-05,3.79086371489279e-05,"HMGB1P51",TRUE
25.5631287949245,3.08679707472122,0.184649899044938,16.7170255206583,9.8515007258983e-63,2.84218430033269e-61,"LRRC37A9P",TRUE
3.8783938516726,2.5157782307767,0.296706372032663,8.479016522435,2.27105429696307e-17,1.18523220625062e-16,"AC107031.1",TRUE
7.15449482557319,-1.80944671133601,0.200873063563913,-9.00791116156942,2.1001838805683e-19,1.21311477897923e-18,"AL139317.4",TRUE
0.762683314987604,1.84968933269956,0.336002206853242,5.50499161902072,3.69185832017386e-08,1.08616636059103e-07,"AL357137.1",TRUE
1.91601673453836,1.85095892321845,0.474878735244488,3.8977507010616,9.70902896055567e-05,0.000206699398183585,"AC018889.1",TRUE
2.62355382263509,1.63196358233635,0.339734254936864,4.8036474350802,1.55801069609528e-06,3.98906932689521e-06,"AC090578.2",TRUE
9.77161295149411,2.65236529195896,0.228035195084731,11.6313856331406,2.85426347377156e-31,2.84340123457451e-30,"LINC01050",TRUE
9.44452609422824,-4.7908249894658,0.312916690286951,-15.3102251755012,6.5337340516514e-53,1.42782765402164e-51,"AC007423.1",TRUE
1.602143804122,1.83758114576598,0.447436859199854,4.10690605385553,4.00994227674482e-05,8.89769722195807e-05,"ELOCP33",TRUE
1.25907526641064,1.74041904339545,0.441958154510471,3.93797246556792,8.21730211354902e-05,0.000176385716029629,"AL161729.2",TRUE
1.62980896292169,-1.77695162898141,0.179314364569097,-9.90970039266808,3.7777732271553e-23,2.63449171892104e-22,"MOB4P2",TRUE
9.22573942349677,-2.50301789824083,0.14132374785124,-17.7112335067391,3.43462251150516e-70,1.2724318248632e-68,"LINC02104",TRUE
1.20675367797585,1.6215752452935,0.426000536196195,3.80650986914881,0.000140941670866865,0.00029482103982038,"AL138889.2",TRUE
2.60701107502182,2.57424910741664,0.271683203215129,9.4751868240388,2.66283772382751e-21,1.69136241589986e-20,"IFITM3P8",TRUE
1.54872858304048,-1.53409224980672,0.174567810894372,-8.78794459268884,1.52321057539531e-18,8.44358700668658e-18,"AP003973.2",TRUE
1.80634283753332,3.04275235904654,0.759423993418774,4.00665818490759,6.15838860504087e-05,0.000133848349377361,"7SK",TRUE
1.54138911535577,2.13348966126537,0.463154321291836,4.6064336727219,4.09633638850724e-06,1.00906271632882e-05,"AL356423.1",TRUE
371.851497238838,-1.95853468080393,0.12142333658685,-16.129804499344,1.57518274770297e-58,4.03471141785521e-57,"MMP28",TRUE
0.853015707949392,-2.28312759288476,0.327870116243458,-6.96351231714401,3.31892128999093e-12,1.30412092931545e-11,"CKAP2LP1",TRUE
1.34844722241153,2.01954817306161,0.401628178826376,5.02840258610107,4.9458265790092e-07,1.32305612464384e-06,"AC005070.2",TRUE
0.944807309789451,1.76983157075171,0.483686998828978,3.65904308992495,0.000253158775154725,0.000515166471144702,"AL136982.5",TRUE
3.48879036215465,1.93445073344862,0.197192411335781,9.80996540558865,1.02003524057893e-22,6.95163760988261e-22,"KRT8P49",TRUE
9.51880166197771,1.51770623170569,0.174569331091872,8.6940026762602,3.49889440000444e-18,1.90455646745102e-17,"AC022146.2",TRUE
21.6465409718421,1.51481790317335,0.176512567715802,8.58192661732911,9.32971543743852e-18,4.95960731961875e-17,"AL357054.2",TRUE
2.3167746951556,2.14671283025161,0.341557330199539,6.28507322327849,3.27699199427483e-10,1.12446314575371e-09,"AC139792.1",TRUE
0.696797163488059,-2.14446566751182,0.189603393649919,-11.3102704874119,1.1672911738459e-29,1.09261086669245e-28,"AL109910.2",TRUE
7.89238893897177,3.68350121483636,0.358523496940222,10.2740859281826,9.22144101244832e-25,6.93496069171056e-24,"SMIM32",TRUE
14.874758652409,4.70846890904236,0.415452626561559,11.333347313294,8.97095264185001e-30,8.44278927218156e-29,"AC012213.4",TRUE
31.4743830756832,1.5984402262384,0.208582721480572,7.6633395848528,1.81159505371099e-14,8.14208502740462e-14,"LINC01215",TRUE
6.04024684277165,-2.86557495662086,0.166399661241622,-17.2210384037975,1.84645418801993e-66,6.02821200869443e-65,"AGAP11",TRUE
5.25807079298128,2.00139228889131,0.26971265254848,7.4204612574917,1.1671314597104e-13,4.99587362898948e-13,"AL357568.1",TRUE
1.46758031843374,2.03818262281721,0.409588173192244,4.97617547628888,6.48528603621098e-07,1.71720825351452e-06,"AC005828.7",TRUE
51.2583333619237,1.59725961923421,0.102237467109022,15.6230359025909,5.0731451969552e-55,1.18036089865545e-53,"AC012073.1",TRUE
3.59447144914441,1.69581556928671,0.257614148625744,6.58277341649565,4.61752578110528e-11,1.67966635240205e-10,"LINC01954",TRUE
6.33615785327459,1.95872602662015,0.17362428791146,11.2814056730301,1.62134309986837e-29,1.5035919250176e-28,"U47924.1",TRUE
3.05137591704395,3.82256626431887,0.651642509687682,5.86604803629361,4.46304546703208e-09,1.40931403539e-08,"AL445647.1",TRUE
0.558839044563359,1.65979628895563,0.580950699792613,2.85703466670777,0.00427619131570806,0.00744015226904619,"AL499627.2",TRUE
233.990876239872,1.95308114615412,0.215753773625444,9.05236146434564,1.39909289299111e-19,8.15790992454691e-19,"AL365181.2",TRUE
3.05401360159467,2.01154454267798,0.231496803115223,8.68929728449324,3.64688199238217e-18,1.98186132952927e-17,"AC122710.2",TRUE
153.816729283078,1.68188815329978,0.123311202908854,13.6393783664811,2.33542842795564e-42,3.55169453666545e-41,"AC004233.2",TRUE
1.12344397416458,1.76095567025669,0.259429501483251,6.78780038580299,1.13856029378635e-11,4.3113056922108e-11,"AC233992.3",TRUE
93.7620932491854,-2.0525586011089,0.12114929205866,-16.9423903865245,2.190403688845e-64,6.68111824809541e-63,"FGF14-AS2",TRUE
0.4947268780694,-1.75876301156446,0.395081051325811,-4.45165113756383,8.52125250102061e-06,2.03079656512451e-05,"AL606537.1",TRUE
30.3334747579479,1.74161355385479,0.130821762056484,13.3128733818982,1.9484168890274e-40,2.75626591053499e-39,"AC138696.2",TRUE
4.22325557156134,-2.30228556587868,0.215568078888618,-10.6800857425104,1.26155085574427e-26,1.02946747842547e-25,"AC011306.1",TRUE
33.4022378971838,1.57935915503719,0.111947697676509,14.1080092562601,3.39013571377228e-45,5.72450146347463e-44,"AC005041.3",TRUE
7.79865822771162,2.27385572287504,0.210718800740378,10.7909484815103,3.79848819956649e-27,3.17165313780789e-26,"H2AC19",TRUE
5.47379488401824,2.13063905414921,0.190955596208723,11.1577722593703,6.56151803728349e-29,5.92334487532222e-28,"AC097358.2",TRUE
3.69495624238804,1.89010319920755,0.309912422341796,6.09883006600812,1.0684758301116e-09,3.53456095865844e-09,"AC005072.1",TRUE
4.2220669121745,2.45592624220597,0.205767857142339,11.9354221612324,7.73653827091181e-33,8.21828677756716e-32,"AL590438.1",TRUE
1.22598236093807,2.05746589189594,0.484432366026457,4.24716851347537,2.16489130253561e-05,4.94347963692063e-05,"LINC01749",TRUE
56.0241473905894,2.03341493162708,0.125114859649034,16.2523855066546,2.14839578437405e-59,5.6608523842237e-58,"AC009686.2",TRUE
1.30978925624392,2.82544816158954,0.536680291293945,5.26467658198765,1.4043636130894e-07,3.93825451903942e-07,"AC007128.2",TRUE
2062.08990612495,1.75402486859841,0.148286103886733,11.8286530067457,2.77560061129436e-32,2.89150186781232e-31,"AC093297.2",TRUE
1.07525093262727,2.01373029931171,0.628211191568782,3.20549892510348,0.0013482855036786,0.00251163202290855,"AC006270.2",TRUE
64466.4765484894,1.57941894688787,0.148721537489978,10.6199745749287,2.40626652399841e-26,1.93866834377023e-25,"CD24",TRUE
490.102705616421,1.91052731083677,0.192464557610286,9.92664485637573,3.18802400493275e-23,2.23187536176639e-22,"AL365181.3",TRUE
1.95270033985816,2.15516835797479,0.437097878020968,4.93063102418313,8.19644197116341e-07,2.15168441989789e-06,"AC108102.1",TRUE
2.16541712148524,-2.50144874439428,0.185349021681075,-13.4958831813985,1.65361603339557e-41,2.42590305918943e-40,"AC116312.1",TRUE
10.2373365224496,2.34434056532616,0.224269073993579,10.4532494096501,1.4158929251314e-25,1.1042634378148e-24,"AL645608.6",TRUE
93.1201823800906,1.99612859631697,0.143805295288009,13.8807725565264,8.28461646854205e-44,1.3243112843788e-42,"AL139246.5",TRUE
55.4900685187222,2.30772923892288,0.15294879373466,15.0882473968798,1.93514474794974e-51,4.02898443422627e-50,"AL021807.1",TRUE
1.39304569706103,1.93999258953394,0.513338804603864,3.77916606368967,0.000157354461970183,0.000327486670779877,"RN7SL760P",TRUE
4.93252212524159,1.52117721864349,0.23858429324184,6.37584812467751,1.81953172105111e-10,6.35209812186088e-10,"AL512283.1",TRUE
2.36868552750889,2.11931615518824,0.398738066162949,5.31505851844643,1.06623056112319e-07,3.01622278416969e-07,"AC010857.1",TRUE
19.6350210644609,-2.41682870902858,0.123412276701165,-19.5833734992246,2.14343806093765e-85,1.23843087965286e-83,"AC254633.1",TRUE
44.6050405801589,-1.58310396528093,0.135116887732806,-11.7165514381261,1.04854013499343e-31,1.06557551745506e-30,"AC104964.3",TRUE
1.57709490932184,-2.22738806236358,0.185336468950563,-12.0180775806068,2.85537372542098e-33,3.09643040173792e-32,"AL136982.6",TRUE
3.46201303711357,1.55047755924941,0.215181168841027,7.20545188782242,5.78516685802237e-13,2.38092687701197e-12,"AL158211.4",TRUE
4.67990815105798,1.62180305000189,0.293067139999461,5.53389591888355,3.1319486765659e-08,9.26934820548477e-08,"SNORA28",TRUE
10.8670259813342,2.69323382309939,0.228352455249828,11.7941969143834,4.18170684280025e-32,4.32491249078605e-31,"AL592494.2",TRUE
0.54189217219683,-1.62604705327042,0.242643310936478,-6.70138833415484,2.06448588061908e-11,7.67601745412816e-11,"AL451049.1",TRUE
3.6030669567163,2.11913614622988,0.267393129910294,7.92517050434623,2.27833498351462e-15,1.07856682997138e-14,"OR10AH1P",TRUE
262.771090832928,4.05507793986929,0.260839144237851,15.5462783460583,1.68624059435308e-54,3.86295881381524e-53,"AFAP1-AS1",TRUE
4.89936745516659,1.53177422177128,0.166742090720079,9.18648803764115,4.05876246172583e-20,2.43706438297283e-19,"AC073352.1",TRUE
27.231076670281,2.99274531774697,0.193402563952027,15.474176022244,5.18326832842505e-54,1.16758800132998e-52,"KLHDC7B-DT",TRUE
16.1570321545899,-2.74999550114036,0.142590468844903,-19.2859699769383,7.04560342798009e-83,3.7916239894217e-81,"MESTIT1",TRUE
15.0646324324746,1.50305410335105,0.136073895484295,11.0458666447491,2.29541930380098e-28,2.02432156011545e-27,"AC010913.1",TRUE
1.39515806871897,2.50245749594715,0.273897525159904,9.1364735569852,6.45219958426893e-20,3.82786163652299e-19,"AC063962.1",TRUE
19.2242859890745,4.03474058520701,0.295851961352527,13.6377009865395,2.38976269005915e-42,3.63304535762426e-41,"AC103702.2",TRUE
4.06888542797633,2.55641809083476,0.251893375512861,10.148810327504,3.35427299648083e-24,2.45706759212683e-23,"AP000864.1",TRUE
12.6643831312034,-2.41689159398391,0.161951641183052,-14.9235387571782,2.31654823197058e-50,4.66117583644989e-49,"AC010976.2",TRUE
0.917637855240427,-3.47522856077734,0.249840752340485,-13.9097746393321,5.52532667047064e-44,8.90489541066141e-43,"AC092954.1",TRUE
10.3291618852229,-1.63332687371527,0.13127365569434,-12.4421527310731,1.54288798950736e-35,1.8344640668633e-34,"AL445423.1",TRUE
0.774906572270004,-2.38649285053558,0.174998250456928,-13.6372383398368,2.4049688897394e-42,3.65487525637862e-41,"AC104458.1",TRUE
1.01953731828615,1.70964936956429,0.604758159373828,2.82699678055518,0.00469868002781857,0.00813164240750027,"AC009303.3",TRUE
20.2418112652734,-1.6685520331787,0.0797214339842041,-20.9297794807517,2.86820150438856e-97,2.23384557502163e-95,"AL359532.1",TRUE
5.35434362725098,1.63044012088928,0.157122036943594,10.3769029004799,3.15855984742597e-25,2.42741173459588e-24,"AP001412.1",TRUE
18.6188773124148,1.51103622233569,0.117857973364361,12.8208230567845,1.25362665123954e-37,1.61801813000892e-36,"AC092171.4",TRUE
7.93300370143971,2.21125405139966,0.172787138763737,12.7975615964291,1.69180447949596e-37,2.17381010226394e-36,"AP000553.2",TRUE
44.4308095744871,-2.77585573857074,0.211531208831364,-13.1226770456538,2.44155220479295e-39,3.34107143813773e-38,"GRIN2B",TRUE
1.78124169835646,-1.69597717844161,0.281780106217241,-6.0187967177998,1.7571837397426e-09,5.72118664810581e-09,"AL365434.2",TRUE
1.68916263898554,2.14112002367924,0.307282752284917,6.96791475524782,3.21673023933405e-12,1.2652335471581e-11,"AL355312.3",TRUE
36.6999767114579,2.08098518817539,0.105239948240632,19.773719228911,5.013982585629e-87,3.02662221532514e-85,"AL133215.2",TRUE
0.274818010858771,-2.88785373453561,0.438049651881324,-6.59252603473815,4.3240532572624e-11,1.5753029339364e-10,"AC092954.2",TRUE
0.759720636900555,1.59261062519222,0.520114834477098,3.06203653428452,0.0021983661907753,0.00398042894633813,"TMEM271",TRUE
3.53840347354732,2.09903802527868,0.404752917368227,5.18597380082394,2.1488901955058e-07,5.9323334295785e-07,"OR7E39P",TRUE
3.27477693769176,-1.54327772314348,0.170130645636226,-9.07113305408432,1.17785713588159e-19,6.8930595233423e-19,"AC016737.2",TRUE
3.87826524548315,2.76331637113508,0.265683835078239,10.4007696603798,2.45938592404958e-25,1.89751691959206e-24,"AC097381.3",TRUE
5.21341455748512,1.70155223828766,0.176214534572478,9.65614012723679,4.62980215480982e-22,3.051653344557e-21,"U62317.3",TRUE
9.02407673766395,-1.88282574000808,0.184674804237884,-10.1953579849624,2.07976892703195e-24,1.53887925408364e-23,"LINC02712",TRUE
5.25587724565308,2.46363690476701,0.260215022633445,9.46769667575053,2.86082190605038e-21,1.81604755795167e-20,"LINC02725",TRUE
7.0284466988955,1.68038751160293,0.183708495725327,9.1470321226481,5.85191191933974e-20,3.48034337107211e-19,"AL645608.8",TRUE
29.4772707934389,3.24959259182794,0.194118755857577,16.7402298529676,6.67300179523136e-63,1.9329312582697e-61,"AC133644.1",TRUE
1.60186794767254,1.69080341864184,0.226372669952177,7.46911461970666,8.07361923630742e-14,3.48945930541787e-13,"AL391069.2",TRUE
2.29709528956256,1.59027265052916,0.292050895874398,5.44519011238742,5.17500838784586e-08,1.50163615718319e-07,"AGBL1",TRUE
24.2648738356393,2.46647924198029,0.163734763830693,15.0638702757754,2.79909474288904e-51,5.81091530077397e-50,"H4C12",TRUE
4.68559279861532,3.99861330592876,0.287387542406637,13.9136626189278,5.23296078941745e-44,8.44631965861097e-43,"AC120498.8",TRUE
0.966363086106937,2.3858225897552,0.469950432724706,5.07675368213311,3.83938077728567e-07,1.03625585859327e-06,"AL049692.1",TRUE
6.3623685930531,4.56547501905971,0.351211189367924,12.9992299712211,1.23581339725129e-38,1.64724231702798e-37,"H2BC14",TRUE
26.8285885736709,6.06945246993554,0.456803026661632,13.2868044117216,2.761209562969e-40,3.89075431726223e-39,"LHX1",TRUE
6.33777833664982,2.66243842296679,0.376756362241245,7.06673779077941,1.58618259101225e-12,6.35946499099758e-12,"RNVU1-29",TRUE
11.5300908927661,-2.26479774812994,0.136091803918554,-16.6416909976837,3.47660048479588e-62,9.87821441236276e-61,"AC024337.2",TRUE
2.67799208889121,2.5958865466709,0.239469217658202,10.8401679850813,2.22062925024605e-27,1.87558431390645e-26,"AC020658.4",TRUE
789.533508259195,2.46486505792237,0.169689625789052,14.5257262868064,8.32551754990502e-48,1.52971195169817e-46,"H2BC8",TRUE
79.8867011341055,1.67247699043778,0.149789812355893,11.1654922596742,6.01570294116111e-29,5.44085789900489e-28,"BX640514.2",TRUE
25.9992394556588,2.09508760946293,0.12708949547062,16.485135940659,4.69238150343725e-61,1.2907787488104e-59,"AL096828.3",TRUE
2.45214876129121,2.11941944174966,0.351028298091383,6.03774525664571,1.56282523980602e-09,5.10764329471663e-09,"AL096677.1",TRUE
1.14823931769309,-1.92457445212231,0.174913315775045,-11.0030185157401,3.69550584688607e-28,3.22739846927566e-27,"AC104260.1",TRUE
4.8104062843561,2.21615510732715,0.196107826655152,11.3006968927567,1.30180790736803e-29,1.21430795941224e-28,"AL592071.1",TRUE
86.6510055485471,3.10250005252398,0.210684211367755,14.725830817519,4.40028333582615e-49,8.5126055031043e-48,"H3C8",TRUE
1.00793364880784,1.73064134574396,0.288230988425445,6.00435558715648,1.92093299261691e-09,6.23833468482662e-09,"AC239804.2",TRUE
46.3068022294011,-2.9201688510259,0.117538971959658,-24.8442606085424,2.98290699047427e-136,5.45518075037582e-134,"AC024909.1",TRUE
2.23464918066511,1.95489108401814,0.331903365174873,5.88994053431229,3.86334610505414e-09,1.22613440616322e-08,"AL360169.2",TRUE
7.63197783227696,1.73868579835633,0.173904599934236,9.99792874377003,1.55617794949276e-23,1.10359251232514e-22,"AC007014.2",TRUE
1.56747403647785,2.26911697373897,0.419490044530235,5.4092272351303,6.32972752968557e-08,1.82577718493102e-07,"AC040978.1",TRUE
4.59112597184223,-2.44196350126039,0.185102255015154,-13.1925108154974,9.69031380344501e-40,1.34006390181572e-38,"AC005089.1",TRUE
1249.24295610098,-1.68063654830379,0.0776302536756292,-21.6492471520983,6.17812092608425e-104,5.67335530148503e-102,"NATD1",TRUE
11.1394399227224,1.63538495130263,0.208787010680842,7.83279067969666,4.77158356932936e-15,2.21752500110106e-14,"RNVU1-27",TRUE
26.681305287336,1.92963797440151,0.155234153399944,12.4304989085102,1.78516714254704e-35,2.11844415376218e-34,"AC015912.3",TRUE
4.45535862053049,-1.50230175287653,0.16393733981508,-9.16387782411935,5.0065141642821e-20,2.98784777835198e-19,"AJ011932.1",TRUE
20.1237736625028,1.75962125904964,0.120691131410207,14.5795406712114,3.79058513963164e-48,7.09768566709335e-47,"AL137060.3",TRUE
3.84674762585474,2.93384760345603,0.314185979607613,9.33793292469673,9.82331195858351e-21,6.08720953528305e-20,"AC022929.2",TRUE
144.766520948665,3.09705523003183,0.152770693217993,20.2725743059407,2.24595330069843e-91,1.52071121792594e-89,"H2BC6",TRUE
5.47015184961826,-2.54947169745583,0.245771951256925,-10.3733224414639,3.27921089520742e-25,2.51610208421604e-24,"AC015722.2",TRUE
11.2514394204511,-1.51192726363585,0.103023669404747,-14.6755330340251,9.24859045759784e-49,1.76545406523628e-47,"AC032011.1",TRUE
0.730136517449491,1.6011241530074,0.452460567213922,3.53870429608154,0.000402096004907496,0.000800076694103893,"AC103564.3",TRUE
3.19231979168359,1.59400728522483,0.231876570253558,6.87437839658306,6.22607419913276e-12,2.39990499628981e-11,"AL110115.1",TRUE
4.36992473272604,2.16721976286042,0.196616453883752,11.022575781688,2.97424290560861e-28,2.60964268766147e-27,"AC004233.3",TRUE
12.7649387604246,1.55806238197741,0.212089503771015,7.34624936300282,2.03845920429329e-13,8.62209910400807e-13,"AC148476.1",TRUE
2.1107184143285,1.74231230500956,0.440631141740934,3.95412883920479,7.68140117163862e-05,0.00016540900791694,"AL357153.4",TRUE
0.554536415361365,-1.62551951224125,0.363650733533401,-4.47000201662442,7.82188596991711e-06,1.87146728800351e-05,"AP002383.5",TRUE
5.2515546604305,1.67430096808316,0.188225073550347,8.89520687388818,5.83105726253489e-19,3.2906437166711e-18,"AC007336.2",TRUE
3.70937082091403,2.24399956530339,0.385990355095894,5.81361564007449,6.11377027070905e-09,1.91141126319306e-08,"AC012354.2",TRUE
1.58870668946458,1.57416090001999,0.357677759352575,4.40105893883182,1.07723855963297e-05,2.54313621232682e-05,"AL121955.1",TRUE
2.11607245873169,1.73321252026288,0.217618212339625,7.96446447027121,1.65940850378276e-15,7.91369401090367e-15,"AC024884.1",TRUE
0.826609324492593,1.67341175732704,0.409226280992802,4.08920891705015,4.32846871899571e-05,9.5724897474818e-05,"AC006249.1",TRUE
2.27210115467117,2.07495070729172,0.315651464672933,6.57355006871808,4.91295421411052e-11,1.78457417842964e-10,"AC025031.3",TRUE
1.88694062824113,2.09214284195569,0.585332199895595,3.57428284712316,0.000351189134624329,0.000703486635588324,"AL390754.1",TRUE
1.86661106858503,2.82369365920793,0.531202636157977,5.31566198471985,1.06270262763711e-07,3.00643978820252e-07,"H4C6",TRUE
36.8712178379908,4.60743418978348,0.219063237381012,21.032439056718,3.3117856381274e-98,2.65188623639293e-96,"H2BC17",TRUE
4.24999078500429,-2.23957889714222,0.174232684192698,-12.8539539382019,8.17238972830287e-38,1.0608130546573e-36,"AC244669.2",TRUE
7.14225265910413,2.21192043629459,0.217947234145801,10.1488805075401,3.35186202962687e-24,2.45571830247319e-23,"AC099521.1",TRUE
13.8613132635027,2.61370024897705,0.235346608232925,11.1057485323529,1.17627593270233e-28,1.04849378883586e-27,"AL136964.1",TRUE
0.293902574226744,-2.0867404053692,0.738067774703814,-2.82730187780737,0.00469420526837273,0.00812533364209709,"AC141273.2",TRUE
16.2537238287556,-2.00363266378315,0.150938106239716,-13.2745316189474,3.25298694307328e-40,4.5717654335084e-39,"CCL23",TRUE
27.525601691054,1.70119702907014,0.190482657220562,8.93098119216337,4.22246888011357e-19,2.40265994549376e-18,"AC243829.1",TRUE
4.74062298147407,3.09376368176078,0.285778327281583,10.8257463439921,2.59952599450214e-27,2.18790058351623e-26,"AC012531.4",TRUE
1.13421921818711,-2.22292069330712,0.196647518293077,-11.3040871941956,1.25249810317665e-29,1.17058939222833e-28,"MIR7152",TRUE
11.6231766666045,3.62660574244246,0.195475321712341,18.5527549496981,7.74773048879863e-77,3.50515773476466e-75,"AL023803.2",TRUE
3.46978737823229,3.62195143065281,0.437225452994116,8.28394460077683,1.19161057278065e-16,6.00536108374742e-16,"LINC01297",TRUE
3.32108587749595,3.05538615454742,0.498472574702899,6.12949700666783,8.81573336122276e-10,2.93359330663357e-09,"AC132807.2",TRUE
1.31841603814752,1.89846147208845,0.348408230665411,5.44895701362352,5.06660559510383e-08,1.4717640159152e-07,"AL135936.1",TRUE
19.048872896585,2.08993677867771,0.175545222159663,11.9054039350434,1.10924861403646e-32,1.1711147304749e-31,"KRT89P",TRUE
1.94042834574242,1.81272213425358,0.330010114994949,5.49292901001329,3.95321730515083e-08,1.16029145794158e-07,"AC006449.1",TRUE
7.54680440619711,2.63937977497892,0.259788582272582,10.1597220012139,2.99930418832928e-24,2.2034037237156e-23,"H2AC12",TRUE
2.34000198684063,3.36385860585079,0.607587487472329,5.53641849973743,3.08719394781781e-08,9.13939850386286e-08,"RN7SL166P",TRUE
3.22532686356488,-2.86371228033409,0.169072002509635,-16.9378267118525,2.36709285527264e-64,7.20477627881293e-63,"AC002401.3",TRUE
0.796173457271341,-2.81479553207039,0.257942521010945,-10.9124913606274,1.00464680295141e-27,8.6015782613336e-27,"GXYLT1P4",TRUE
1.01671572854262,2.30292474507887,0.565600701505405,4.07164407496206,4.66824737148627e-05,0.000102838687501709,"AC091980.2",TRUE
0.795555729815733,-1.62430840945128,0.238133500845821,-6.82099916089895,9.04094701225166e-12,3.44614742602474e-11,"AC009159.1",TRUE
4.3611670826693,-2.11301159117273,0.130291772026282,-16.2175366741231,3.79096801964162e-59,9.89825648685616e-58,"AC026469.1",TRUE
1.84970024868568,2.96746214096028,0.759555940358865,3.90683817120599,9.3511736683051e-05,0.000199375910450056,"RN7SL296P",TRUE
4.84443207614669,1.99968683228578,0.194397305170471,10.2865974944056,8.0987774237355e-25,6.10555866564933e-24,"AL031710.2",TRUE
1.43507333979085,2.29709441049468,0.457533891359588,5.02059946568927,5.15104692000719e-07,1.37599297559887e-06,"AF117829.2",TRUE
11.6253145220605,-1.71854613014387,0.0904794842810448,-18.9937657558455,1.9204960938626e-80,9.59358928369326e-79,"AC048382.5",TRUE
2.0518817696184,3.49077040606779,0.673242156748914,5.18501459107183,2.15997954069349e-07,5.96180322161099e-07,"H4C13",TRUE
7.49303531881238,-2.36310875181938,0.162780956264434,-14.5171081805206,9.44098478353851e-48,1.73098089744062e-46,"CCL16",TRUE
21.9184308376384,4.91985259941256,0.576659971218877,8.53163535699131,1.44293254347272e-17,7.61332134184382e-17,"AL161431.1",TRUE
32.9234664028486,2.47584546692784,0.132415067411129,18.6976113469074,5.17725423958193e-78,2.42091325005803e-76,"AL121906.2",TRUE
1.64849714814205,-2.12475218098237,0.179542658972516,-11.834247042691,2.59663225474389e-32,2.70702048586344e-31,"MIR6503",TRUE
2.10282287346007,2.25842928957781,0.37250073790855,6.06288541133646,1.33700924439863e-09,4.39224531802747e-09,"C7orf77",TRUE
2.98176919503757,3.946945783541,0.378760321070691,10.4206949988416,1.99490054401986e-25,1.54716814878521e-24,"H3C11",TRUE
4.82273591556415,1.6172591367186,0.180543587710057,8.95772127512957,3.31457083148668e-19,1.89429127498629e-18,"AL031008.1",TRUE
6.42182317487738,-1.96144452285409,0.370958406170291,-5.28750525727047,1.23995798636296e-07,3.49074337560665e-07,"AL449403.2",TRUE
1.22743447498983,1.987198663965,0.26615207868352,7.46640294449089,8.24167111271832e-14,3.55959697012832e-13,"AC083806.3",TRUE
6.20326385643935,1.53144200328228,0.168430726995891,9.09241461220818,9.68635239115786e-20,5.68870552731492e-19,"AC004678.1",TRUE
32.8304681703732,1.62758058441994,0.148551133158635,10.9563659987829,6.19367728301264e-28,5.36031906025317e-27,"AP003419.3",TRUE
1.24180442968872,1.97147030898744,0.441006553424554,4.47038778376048,7.80779017198224e-06,1.86850137966595e-05,"AC010632.3",TRUE
1.85229567153443,1.87419763199444,0.398671829232847,4.70110375142609,2.58758991314202e-06,6.48851851331686e-06,"AC104763.2",TRUE
3.30425311482791,-1.80163259226058,0.15076608997838,-11.9498528649177,6.50402825599053e-33,6.93120640811237e-32,"AL355073.2",TRUE
6.2728345605703,1.84650278121138,0.214770939893288,8.5975448174173,8.14395803152148e-18,4.34424951971904e-17,"AL049539.1",TRUE
2.61682353409253,-2.93450186487777,0.231463221185391,-12.678048157497,7.82563560940613e-37,9.80730188596564e-36,"AC104237.2",TRUE
296.682723843568,3.28422885871231,0.175619637573731,18.700806493428,4.8761609847831e-78,2.28259336337569e-76,"H2BC9",TRUE
10.0462295476393,1.77609803163756,0.224117247837598,7.92486097689623,2.2840171895572e-15,1.0811382090512e-14,"H3C1",TRUE
1.01572878911352,1.7054416670498,0.443315173599973,3.84701848393916,0.000119563952296415,0.00025224265231759,"RN7SL736P",TRUE
2.5187208265406,1.88142244013042,0.387908690199797,4.85016831966659,1.23356749083255e-06,3.18807023379238e-06,"HTR1DP1",TRUE
3.90080820163507,1.98107736580215,0.213665350917619,9.27187004020121,1.8291043643047e-20,1.11771406432665e-19,"AL121829.2",TRUE
0.247941290994903,-2.78104622298872,0.469664655847094,-5.9213444920031,3.19320166896364e-09,1.02042487807249e-08,"MIR6500",TRUE
0.401130000138215,-2.62481833786026,0.389038575712549,-6.74693591259616,1.50999929685013e-11,5.66758584677377e-11,"AC093909.5",TRUE
4.54961012230916,-1.83989697597872,0.158177310043197,-11.6318641117127,2.83830714762392e-31,2.82913017301267e-30,"AL390755.1",TRUE
0.670943218194734,1.62810306673403,0.396303620713559,4.10822152924713,3.98717570699941e-05,8.84854501820725e-05,"LINC01742",TRUE
49.2267831830419,3.12950852523706,0.281920489532582,11.1006778202809,1.24496101883424e-28,1.10857267532259e-27,"PRSS2",TRUE
1.11528579742734,1.91484975744843,0.493669141267831,3.8788119357243,0.000104967863760702,0.00022267942983101,"RN7SL301P",TRUE
1234.69079912865,3.35085150523716,0.106784246303995,31.3796427957914,3.83598168893359e-216,5.01699908164769e-213,"UHRF1",TRUE
1.41891512570381,1.62941897089669,0.462992119900574,3.51932333372456,0.000432649075484632,0.000856644375535219,"RN7SL711P",TRUE
1.9876428261187,2.02539382076347,0.400323774509723,5.05938929868447,4.20601374902933e-07,1.13110818996888e-06,"AC012354.4",TRUE
0.782254866857338,-1.57643126502923,0.316762429597451,-4.97669899499316,6.46777803007956e-07,1.71309788142518e-06,"AC008073.3",TRUE
149.902721625703,1.84393073621741,0.164480908025587,11.2106064974456,3.61706353933908e-29,3.2990799314851e-28,"AC037198.1",TRUE
32.9298285954712,1.54758615030217,0.14826262882143,10.4381404984131,1.66031028551313e-25,1.2916184557092e-24,"FUT8-AS1",TRUE
3.43332182654181,2.84874048807023,0.390838267983706,7.28879621426681,3.12736667985739e-13,1.30905970228538e-12,"AC026336.3",TRUE
4258.39569311909,3.31807325508261,0.211884522779197,15.6598189030557,2.847067594429e-55,6.6818617387469e-54,"RN7SL1",TRUE
853.664155666159,2.02244822627133,0.109793921002632,18.4204025851564,9.01306676348922e-76,3.97348275293355e-74,"H4C9",TRUE
0.712724617610389,1.94204277209426,0.464726752353262,4.17889170842918,2.929331185008e-05,6.59485336940928e-05,"LINC00226",TRUE
3.97165014699837,1.55705393133004,0.212460232708639,7.32868410939439,2.32423503727353e-13,9.79150651134459e-13,"AC245014.3",TRUE
6.11359367894928,2.15949011548552,0.171407077923072,12.5986052714504,2.14911161731767e-36,2.63810174640019e-35,"AC024884.2",TRUE
8.54739126563729,-3.01647583186499,0.213866884821139,-14.1044549014108,3.5653349619101e-45,6.01328085017742e-44,"KCNE1B",TRUE
0.844875175353681,-2.23157053659558,0.272695687979057,-8.18337302336428,2.76007088192499e-16,1.36767691462552e-15,"AC078880.4",TRUE
17.7721329432898,-3.58311735585599,0.182877154767363,-19.5930287761424,1.7732095819379e-85,1.0300366831284e-83,"MIR145",TRUE
6.07507042635779,4.23951743274635,0.289199193951651,14.659506393559,1.17121287997713e-48,2.22783375494989e-47,"H2AC14",TRUE
15.1451034610694,-2.8080388283889,0.174592436108912,-16.0833933644022,3.33594678966074e-58,8.48935515576401e-57,"CNTNAP3P2",TRUE
5.38641133693892,3.46719034700688,0.277487597869267,12.494938057161,7.95582321923223e-36,9.54875779037995e-35,"LINC01879",TRUE
3.52542241718523,1.70038895672737,0.179050727814347,9.49668832673193,2.16671364915604e-21,1.38254525572997e-20,"MIR6835",TRUE
33.0937891902194,-3.34978203854236,0.190449662224197,-17.588805353716,3.00138496120102e-69,1.07146215819219e-67,"CCL14",TRUE
4.27051883165463,3.66132600000068,0.358557841669456,10.2112562451665,1.76563854147048e-24,1.31048941444309e-23,"H2BC3",TRUE
7.74458677977983,1.57230316050302,0.202635343017418,7.75927405895759,8.54168910103492e-15,3.91773965569253e-14,"AL713922.2",TRUE
3.42124229796727,-3.07303854858757,0.220200371525034,-13.9556465200523,2.90654015207841e-44,4.74456403039728e-43,"AC104237.3",TRUE
0.678025180135925,1.92505111934173,0.661889347920249,2.90841834120841,0.00363262032612622,0.00638137055946956,"AC243773.1",TRUE
5.92950551760408,2.14987694293274,0.27673793450819,7.76863839340793,7.93342951043458e-15,3.64301327450108e-14,"AL445649.1",TRUE
13.5187152390625,1.50114283662243,0.124066587386492,12.0994932499116,1.06265116225258e-33,1.17600061955952e-32,"AC105137.2",TRUE
2.09626765105866,2.1962625021946,0.262577848276126,8.36423375624975,6.05068544232901e-17,3.09746867146151e-16,"PADI6",TRUE
2.31366164575817,2.56409453011089,0.253263112553643,10.1242320851908,4.31351276862236e-24,3.14266055188625e-23,"AC069499.2",TRUE
2.99905320821691,-2.76924308143384,0.186465660944596,-14.8512228332307,6.8311129343976e-50,1.35429873334222e-48,"LINC02227",TRUE
1.84378539191565,1.64090544884612,0.355906656809388,4.61049384003214,4.01713544660685e-06,9.90457388606408e-06,"AC244093.2",TRUE
3.67196416774577,2.15079880408833,0.233804684933041,9.19912620529522,3.60872257137076e-20,2.17137133947249e-19,"AC020922.4",TRUE
8.59485307850026,3.55208876139503,0.248916967673799,14.2701752901392,3.35733667196326e-46,5.83344004677675e-45,"H2AC16",TRUE
3.83263521548241,2.84601123239901,0.274127803159354,10.3820597531459,2.99248071547746e-25,2.30182619283563e-24,"AL139351.1",TRUE
151.647954102369,3.83706528337497,0.20596059577973,18.6300941150832,1.83201873037772e-77,8.4838978973286e-76,"H4C5",TRUE
26.5595562173607,2.68793620044546,0.256874573172228,10.4640025957075,1.26400677089481e-25,9.88664955270384e-25,"AC120498.10",TRUE
19.6255190665801,2.16257834053121,0.202118034570937,10.6995812873502,1.02239154285987e-26,8.37313453317492e-26,"AL031663.3",TRUE
1.64312730479289,1.85835388000262,0.474343216525857,3.91774102645213,8.93826570447023e-05,0.000191045658433865,"AC096552.1",TRUE
334.151310047137,2.25521764928422,0.174127395535928,12.9515383971783,2.30292256398815e-38,3.0423672440076e-37,"H2AC8",TRUE
3.14864853179447,2.46944580291454,0.274717593647393,8.98903404812194,2.49412764549051e-19,1.43605321744091e-18,"AC012531.6",TRUE
5.29499745076405,-1.88375845376519,0.153319701601659,-12.2864735196224,1.07076033405798e-34,1.23237376047847e-33,"AC012409.3",TRUE
23.6763709320958,3.64259726333886,0.207006978922924,17.5964949698393,2.62048337993897e-69,9.37034487805848e-68,"H4C4",TRUE
99.1509550254377,1.85678568209748,0.133109968515981,13.9492609216158,3.17882385743763e-44,5.17728444101918e-43,"AC006449.5",TRUE
0.523117356965526,-3.58105679622104,0.326531053100017,-10.9669716317123,5.50866052758215e-28,4.77705019832119e-27,"LINC01632",TRUE
1.97010306325158,-1.62393130562382,0.18681134312148,-8.69289454531574,3.53320294762758e-18,1.9217774318791e-17,"AC009159.2",TRUE
112.482897070082,3.79223649352456,0.212478977410949,17.8475844515672,3.01811240213125e-71,1.14667016968296e-69,"H2BC7",TRUE
5.85552175828045,1.96975596009557,0.183830795942843,10.7150488577986,8.65115694327308e-27,7.09990366365594e-26,"AL035420.3",TRUE
6.17875338723713,3.05482494826262,0.334498700320429,9.13254654005018,6.69066079381737e-20,3.96606125341516e-19,"AC026355.4",TRUE
11.4169511487275,4.98446717216266,0.478525091509985,10.4163130849297,2.08894751716865e-25,1.61836249938968e-24,"LHX1-DT",TRUE
5.42604009743011,-3.71526137150011,0.25776040819892,-14.4136230907617,4.24827102625345e-47,7.63026955859753e-46,"AL160412.1",TRUE
1.7456319294778,-2.40739441374073,0.172720894391033,-13.9380612995814,3.71905704706131e-44,6.03664919711043e-43,"LINC02881",TRUE
13.5562362218856,1.83392074768747,0.16406840054958,11.1777815931916,5.23830591963412e-29,4.74969082965144e-28,"AL034550.2",TRUE
2.69892824870169,1.88950760493158,0.382732295303809,4.93689094993069,7.93778260819402e-07,2.0865746840225e-06,"AC012354.7",TRUE
10.5395531369154,2.04729916734179,0.155117466906222,13.1983793197159,8.96429545072215e-40,1.24205133757036e-38,"AC010331.1",TRUE
0.331923626046884,-2.39061936224569,0.502706612879944,-4.7554961502299,1.97959632946531e-06,5.01846564344921e-06,"LINC02338",TRUE
402.668399630442,-3.52093953730463,0.15240560482315,-23.1024281645698,4.37695556410606e-118,5.41287685234434e-116,"GPIHBP1",TRUE
2.26594601690598,1.89579724757355,0.244787983877311,7.74464995195079,9.58455244490499e-15,4.37977007434727e-14,"AC010536.3",TRUE
1.39620750065401,-2.10243089741286,0.242841792586785,-8.65761562298432,4.81734797246049e-18,2.60416756627498e-17,"AC245123.1",TRUE
27.8647417121615,-3.07879992675814,0.197656097343127,-15.5765492091721,1.05076095036274e-54,2.42258774666966e-53,"PNMA8C",TRUE
0.816481700966367,1.56357160522902,0.301599618280073,5.18426254696731,2.16871251538498e-07,5.98437645700504e-07,"AC026471.5",TRUE
3.36063299499642,-1.69428434213911,0.148467848206423,-11.4117929410781,3.65124576387452e-30,3.48414254187098e-29,"GOLGA8IP",TRUE
1.67360120518863,2.26841102114475,0.258964103775067,8.7595577459456,1.96017904855571e-18,1.08144353490559e-17,"AL023803.3",TRUE
48.0968793696182,1.71020277471771,0.213670843699966,8.00391267757221,1.20526875561791e-15,5.79292986336347e-15,"NEFL",TRUE
2.11482529907287,1.71652257647359,0.213014533170636,8.05824161818372,7.73997170986558e-16,3.75218666739075e-15,"AC005363.2",TRUE
8.82506219699021,3.30681062980547,0.235021248704315,14.0702623615358,5.78543697195029e-45,9.67452381671347e-44,"AC008406.3",TRUE
7.26011154515691,-3.67140414316173,0.188537828882451,-19.4730371349018,1.85914752016236e-84,1.04889943751905e-82,"PGM5P3-AS1",TRUE
200.760341127534,-2.73640218189975,0.170659115387882,-16.0343159852923,7.35893981585134e-58,1.8541263423943e-56,"AC007906.2",TRUE
3.70766523823465,-1.5977346176386,0.132822383104713,-12.0291066934027,2.49849403834048e-33,2.71761599533203e-32,"AL392048.1",TRUE
2.58771685638859,2.84736170859381,0.58886753961355,4.83531782115622,1.32933071404912e-06,3.42469489753239e-06,"AP003900.1",TRUE
1.00531908729227,2.2072461785136,0.292434151375493,7.54783997741579,4.42536182410422e-14,1.94202965255046e-13,"H3C5P",TRUE
22.4677304540802,-5.68988191475824,0.286857222868512,-19.8352401862523,1.47808776062815e-87,9.08750252830639e-86,"FP325317.1",TRUE
2.0732476308459,2.59585388148366,0.526126905977785,4.93389304365526,8.06065914693217e-07,2.11706960860216e-06,"AC006262.4",TRUE
1.24378528910828,1.82238033514297,0.657225977966258,2.77283673536796,0.00555699928837549,0.00952048623715014,"RBM22P4",TRUE
7.15245309771061,2.8617567611771,0.244764578610014,11.6918746063203,1.40256177352843e-31,1.41700763449174e-30,"H3C7",TRUE
12.1355681064646,-1.84377808096583,0.109641461786276,-16.8164310373743,1.84971432425674e-63,5.47180741843186e-62,"LINC02391",TRUE
1.57817840080577,-2.17168927638676,0.19710916959438,-11.0176978618284,3.13986716811039e-28,2.75272530927574e-27,"AL162574.1",TRUE
6.90439766929582,1.80582911750766,0.222492051723728,8.11637585934972,4.80311560676936e-16,2.35250192451391e-15,"NLRP3P1",TRUE
40.5218363022069,2.51439918229303,0.18853499450257,13.3365118180156,1.41947588257005e-40,2.02193330335721e-39,"SRD5A2",TRUE
0.800024296709189,1.96736890158357,0.499726817077557,3.93688878473424,8.25448387226246e-05,0.000177130971971783,"OR52E5",TRUE
48.1169832137723,-2.07465223599315,0.0983280247458624,-21.0992973911078,8.07266860563742e-99,6.57389390602474e-97,"AC092376.2",TRUE
7.51609670032273,-2.36318611399718,0.256869881034337,-9.19993463025463,3.58167586026951e-20,2.1559990255123e-19,"LINC02351",TRUE
1.32648109210242,2.56234068517028,0.530993698566396,4.82555761412653,1.39612096920533e-06,3.59119023963896e-06,"AL031658.2",TRUE
57.6142860788066,3.07049752747108,0.129058733479154,23.7914741970331,4.09242132640412e-125,6.13294807109729e-123,"RDM1",TRUE
12.3806428444798,3.52857592068918,0.400384926146365,8.81295895590051,1.21885183965418e-18,6.78432362644759e-18,"AL133325.3",TRUE
17.0408956719954,-1.58565328601209,0.10709403902484,-14.8061768932285,1.33627510914201e-49,2.63109642840187e-48,"AC009159.3",TRUE
1.4484338467731,2.70344603260222,0.342688855964104,7.88892310196802,3.0480525678499e-15,1.43304955150764e-14,"AC012366.1",TRUE
3.40409610714354,3.82365905881641,0.776303305216565,4.92547053854129,8.4157590598125e-07,2.20724453707771e-06,"RNVU1-2A",TRUE
1.41365853978336,-1.73854765653756,0.183770272102598,-9.46044012802536,3.06649721498711e-21,1.94175498531167e-20,"MIR6757",TRUE
1.16444326774605,-1.77342638765201,0.190095189551337,-9.32914921118025,1.06724122066717e-20,6.59821387824026e-20,"AL354811.1",TRUE
10.2455364847702,-1.77013272542089,0.213653926053113,-8.28504656161034,1.18062886226447e-16,5.9521015880545e-16,"AL118505.1",TRUE
3.83725734210691,-1.69327781232457,0.125312138534934,-13.5124803719835,1.31998058683348e-41,1.94305464282855e-40,"LINC02139",TRUE
1.3915506420743,2.48673339276743,0.602475566101314,4.12752571670144,3.66687434407017e-05,8.16795503148578e-05,"AP001318.3",TRUE
1.42782125760703,2.47290522315404,0.79132787326535,3.12500710097548,0.0017780076767327,0.00326090219384623,"AC005344.1",TRUE
7.79751886849628,2.27268894677743,0.268108542894259,8.47674946215261,2.31572886324889e-17,1.20825505002203e-16,"AC103705.1",TRUE
0.820804098979768,1.54814780035582,0.307871216980822,5.0285564709099,4.9418598168419e-07,1.32207692118575e-06,"RFPL4AP6",TRUE
1.38548573624354,1.51080245143333,0.290087131116174,5.20809884126945,1.90785294583066e-07,5.28449063933073e-07,"AL133373.2",TRUE
3.72315714544064,1.88202013304362,0.242110456294847,7.77339468044973,7.64101880396331e-15,3.51210193374927e-14,"AC026120.1",TRUE
5.94824817308261,-1.71883242573422,0.181179476672403,-9.48690468315076,2.37996306196414e-21,1.5159268853951e-20,"AC015712.7",TRUE
3.82107500935926,2.94228841438053,0.290214365003633,10.1383279712694,3.73436497369239e-24,2.73085720543144e-23,"H2AC4",TRUE
1.09176057666843,1.6494556137018,0.369876081746366,4.45948168887783,8.21580917276969e-06,1.96060114948988e-05,"YRDCP1",TRUE
1.2665783770893,2.03537366526066,0.627112988917931,3.24562511258561,0.00117193055604027,0.00220087558953521,"AC091046.2",TRUE
3.79222759094147,3.30578248642887,0.33126324352578,9.9793217359221,1.87745743669487e-23,1.32750758466171e-22,"H2BC10",TRUE
1.87027773376432,3.3765824122887,1.01283314962345,3.33379926747464,0.000856684581056737,0.00163756173959913,"LINC02335",TRUE
3.18378848771938,3.14061747470892,0.329564556698599,9.52959719385464,1.57894681311891e-21,1.01515484067053e-20,"H4C1",TRUE
5.00208059572407,1.80088372119772,0.215861435507752,8.34277654534105,7.25662100245317e-17,3.70251522007186e-16,"AC015813.4",TRUE
4.69276569400621,3.48980644351402,0.253137694498254,13.786198260323,3.08599583465466e-43,4.84333018995255e-42,"H2AC17",TRUE
7.39774919554337,3.50619102099814,0.315816038894495,11.1020042974114,1.22661816219674e-28,1.09269019361014e-27,"H4C2",TRUE
10.6046778514064,2.09734036599893,0.226735089060029,9.25017991125162,2.24115120275876e-20,1.36351967734801e-19,"AC133540.1",TRUE
14.6720667012585,1.65716161836452,0.150588419704229,11.0045753957665,3.63222937975055e-28,3.17277919510289e-27,"AC087239.1",TRUE
114.274240867215,5.14886645262324,0.306652029875211,16.7905833029005,2.86019935403702e-63,8.40341757115302e-62,"RN7SL3",TRUE
0.503998370654495,-3.1072307911078,0.322417827366887,-9.6372797263844,5.56429415796468e-22,3.64810779063885e-21,"MIR6071",TRUE
662.303610893726,4.34180901141469,0.177977918454001,24.3952117719416,1.92248177373684e-131,3.22857250406545e-129,"H3C10",TRUE
2.2273571081028,2.85156240320768,0.362032478038112,7.87653753790424,3.36577836637319e-15,1.57693220031119e-14,"AC092724.1",TRUE
18.8165409491786,1.5541416169255,0.127558094559657,12.1837945470301,3.79218973120082e-34,4.26782030765652e-33,"AC145207.9",TRUE
5.27155737845421,1.53207790220534,0.226674348057295,6.75893816541645,1.3900669978892e-11,5.23108306119959e-11,"AC010533.1",TRUE
1.54338809059328,1.6024706489665,0.334230622827102,4.79450576793935,1.6307637274961e-06,4.16767897197606e-06,"AC139792.2",TRUE
2.53490866547103,3.42198795547082,0.293782909439537,11.6480157474072,2.34863871764736e-31,2.35190828430766e-30,"AC010947.1",TRUE
7.08974563783274,1.82167821622755,0.210376933417502,8.65911574351336,4.75437884525452e-18,2.57077162316694e-17,"AC132154.1",TRUE
6.9868243272768,-2.14756937412707,0.304245170739436,-7.05868023774257,1.68091371454383e-12,6.73051636698318e-12,"AC136621.1",TRUE
4.00492067207135,-2.88411139198949,0.186306585830732,-15.4804586167976,4.70109517238748e-54,1.06007976823534e-52,"CR381670.1",TRUE
41.6031531632337,-1.61781826970233,0.119848964695414,-13.498808886784,1.58924764142465e-41,2.33464697766807e-40,"AC117489.1",TRUE
0.637858849689986,1.59108377457123,0.463496978091292,3.43278133359878,0.000597423711542055,0.00116425734366529,"AC012354.9",TRUE
1.27778791720341,2.84003926016544,0.699067611795281,4.06261027151854,4.85270111453641e-05,0.000106684280818761,"AC091931.1",TRUE
3.85193993175526,2.49285635086472,0.358706660918482,6.94956805229563,3.6640634298928e-12,1.43594822150344e-11,"AC091305.1",TRUE
8.8593657746125,1.7902969780486,0.15039809219272,11.9037213301516,1.13184942094634e-32,1.19409975575762e-31,"Z69720.2",TRUE
2.93130899669405,-2.79510270306422,0.272250239174527,-10.2666675759003,9.95853336099681e-25,7.48016532997951e-24,"OR10A6",TRUE
11.2727205261183,-1.61376297867613,0.110056709404056,-14.6630131630726,1.11225467280294e-48,2.11755234575099e-47,"AC009090.4",TRUE
5.10522006129704,1.86288983961614,0.295187151386545,6.3108771193659,2.77458433668992e-10,9.57319209941139e-10,"C18orf15",TRUE
6.37724954229441,2.13447317434448,0.244968372322184,8.71326022257766,2.95257819835202e-18,1.6138965937294e-17,"AC112255.1",TRUE
51.8885506592933,-2.22799414526155,0.0985875854187521,-22.599134929597,4.41944543571193e-113,4.95437051961888e-111,"AC005225.4",TRUE
4.75047409056045,-3.01163834023597,0.204166209976481,-14.7509146620437,3.03523017755373e-49,5.90624591808923e-48,"AC015656.1",TRUE
18.3686449881141,1.73572967835623,0.16115315957438,10.7706835096529,4.73473030540878e-27,3.93512343503645e-26,"AC011447.6",TRUE
3.60294273222399,2.11372007161513,0.247382745417815,8.5443310447751,1.29282952466039e-17,6.83554113491886e-17,"LINC01727",TRUE
1.49646988402138,1.93263512658416,0.472423200404271,4.09089800189816,4.2970609838879e-05,9.50741539265913e-05,"AL160274.1",TRUE
131.968882964054,-1.96996583680278,0.096745929041615,-20.3622607826258,3.61511772952625e-92,2.52065397748551e-90,"AC093535.2",TRUE
2.37018839996881,1.74104924650575,0.253554549397711,6.86656678273536,6.57653960888853e-12,2.5325075795827e-11,"AC027281.1",TRUE
0.963296890616908,-1.56475099175825,0.174000172680665,-8.99281286708816,2.40982340866916e-19,1.38843917124764e-18,"AL356309.3",TRUE
9.87093937767242,1.89918510851574,0.196831128886077,9.64880463402187,4.97320370290751e-22,3.27150543846195e-21,"AL590326.1",TRUE
1.49974776950333,2.03815688430561,0.470777424895692,4.32934286251553,1.49554938955788e-05,3.47237138379247e-05,"AC079316.2",TRUE
1.18034362112701,1.54546927581273,0.363686584153833,4.24945363164405,2.14292560409301e-05,4.89694864576982e-05,"AC110801.1",TRUE
20.4618963772468,1.59713579217314,0.165134493176766,9.67172733841565,3.97609530568135e-22,2.62638924691165e-21,"AC068669.1",TRUE
48.4236009662031,-3.6134036452778,0.120462877675365,-29.9959930810847,1.10682921163259e-197,9.55414975481255e-195,"AC134043.3",TRUE
3.83382746697361,-2.15168641961516,0.179578652225332,-11.9818608334094,4.4228316126534e-33,4.76152188580995e-32,"CR381653.2",TRUE
2.68317996145414,2.01751478629994,0.236689717332178,8.52388016277233,1.54295268594204e-17,8.12318101064388e-17,"AC138305.3",TRUE
0.794695182887649,1.68732462395941,0.535203283530835,3.15267988048918,0.00161779112198443,0.00298456357447523,"AC008761.3",TRUE
3.11299766793295,-1.7623418756109,0.2482528349332,-7.09897986093537,1.25681120609092e-12,5.07522189884768e-12,"AC006994.1",TRUE
1.41734069344979,1.67109498225027,0.411888359857935,4.05715515443711,4.96740840350594e-05,0.000109078273566683,"AC090617.7",TRUE
1.0979631990679,1.54290018869825,0.547862537762762,2.8162177231515,0.00485927235236194,0.00839475622334953,"AC120349.2",TRUE
1.50613381900213,-1.63655717022338,0.20501269169314,-7.98271149316429,1.43153234586458e-15,6.8550910959187e-15,"AC009159.4",TRUE
2.36045901624161,3.39352411058092,0.552666607631248,6.14027347359686,8.2379533668641e-10,2.74662083672348e-09,"AC024595.1",TRUE
1.63802450989772,-1.83305156336333,0.191944852075717,-9.54988656137671,1.29838379557511e-21,8.37516733179225e-21,"AL590560.4",TRUE
1.7464524108143,1.64635457341809,0.45621048199906,3.60876095219022,0.000307662941481906,0.000620182735713374,"AC105114.1",TRUE
2.62655064911975,-2.24094565252262,0.194359736500129,-11.5298862453497,9.32668676412084e-31,9.09900092087377e-30,"AC135584.1",TRUE
5.81535135852493,-1.52042348111632,0.11223947152667,-13.5462459011583,8.33869597742045e-42,1.24060020125979e-40,"AL118508.3",TRUE
1.74223223416221,1.61433722735327,0.394954905614278,4.08739631893536,4.36241530719126e-05,9.64212857368642e-05,"AC125437.2",TRUE
2.6177853566935,-2.21240028399615,0.252821716014362,-8.75083168832882,2.11786048020539e-18,1.16664784078704e-17,"KLHL30-AS1",TRUE
1.95499625529495,-2.06040230206768,0.154540811338452,-13.3324154585632,1.49962383754223e-40,2.13328163573905e-39,"AL157770.1",TRUE
1.76502269550311,1.76946459403381,0.470044435741668,3.7644623773534,0.00016690779447682,0.000346466930050959,"CR392039.3",TRUE
6.14158992531694,4.08040642697337,0.302195935727897,13.5025192087542,1.51118940056662e-41,2.22224649159983e-40,"AL356274.2",TRUE
3.5730915514801,2.07096682438213,0.295748791034328,7.00245237567766,2.5152039714908e-12,9.95563127380253e-12,"AC011755.1",TRUE
4.72365664325276,4.55864160680988,0.712590794115183,6.39727827591472,1.58170914411388e-10,5.54291707209769e-10,"FAM230C",TRUE
5.42990320516773,-1.96786980812185,0.146033732403827,-13.4754469103077,2.18160384382931e-41,3.18639668019198e-40,"AC011239.2",TRUE
0.796486701091468,-2.7224912773811,0.259088615135559,-10.5079541065772,7.93972531923678e-26,6.26125607122711e-25,"AC073862.2",TRUE
4.7113877296292,-2.94712092446361,0.205880171489101,-14.3147390209923,1.7702744708959e-46,3.10337311794749e-45,"AC006963.1",TRUE
3.86201947057401,-1.77050032748324,0.179234849462847,-9.87810312999562,5.18042148792224e-23,3.58484834726188e-22,"AC087762.2",TRUE
1.36745464107532,1.87587651781029,0.343432008683842,5.4621481701701,4.70407186235229e-08,1.37014267498397e-07,"AC005796.1",TRUE
4.80874163452528,-1.79075457911516,0.154958052311019,-11.5563828559286,6.85352884206673e-31,6.71810821766069e-30,"AC025280.2",TRUE
30.2342649561363,2.76160848825946,0.157660390614359,17.5161844867834,1.07818283851129e-68,3.78328222033718e-67,"AL359697.1",TRUE
0.533900748312221,-1.62076498536322,0.240512475823698,-6.73879797633153,1.59702266396851e-11,5.98640769297211e-11,"AC104623.2",TRUE
13.1000955805826,1.60716932484858,0.134172734689024,11.9783600488844,4.61359874772899e-33,4.95947501748401e-32,"AL603839.4",TRUE
60.2276541317985,2.32541679959681,0.250541290583572,9.2815710902596,1.66997683894581e-20,1.0226475648255e-19,"MAPT-IT1",TRUE
0.546009034785605,-4.3468865355648,0.457797181424123,-9.49522345690821,2.19739579155392e-21,1.40129436116234e-20,"AQP7P3",TRUE
3.02900070020623,-2.76787521483057,0.165229401033878,-16.7517112421358,5.50205677778975e-63,1.59804017852897e-61,"AP004782.1",TRUE
12.6320412577959,3.80464784701412,0.291251216778863,13.063113998603,5.34940007514815e-39,7.2285568955352e-38,"FP325330.3",TRUE
6.74019298029093,1.62938745604611,0.312164263507545,5.21964762313905,1.79263877723552e-07,4.97590132005179e-07,"LINC00552",TRUE
8.11297011353503,2.46373931937839,0.411918599148127,5.981131525679,2.21592850788924e-09,7.16668972652675e-09,"AL050303.3",TRUE
3.29950324314588,1.61199783646593,0.215105653861095,7.49398171331598,6.68150371072886e-14,2.90143575968465e-13,"AC079336.6",TRUE
0.629822018668984,-2.15159514221568,0.366650973796983,-5.86823790465925,4.4045096233141e-09,1.39160192699737e-08,"AL133384.2",TRUE
23.0038760367574,-1.61787485217497,0.104005584665257,-15.555653644774,1.45660532610599e-54,3.34755515839907e-53,"Z95114.3",TRUE
128.607317894724,-1.92844779488842,0.176551483820896,-10.9228637061173,8.9624575522653e-28,7.69484121654606e-27,"AC018629.1",TRUE
1.94811125516601,1.91035141772918,0.550442011399278,3.47057706019363,0.000519341300489072,0.00101959472930806,"AC010997.6",TRUE
2.08997764370155,2.94269612736758,0.790237842256787,3.72381069345367,0.000196238096039035,0.000404201404268625,"AL390318.1",TRUE
3.20485851477851,2.07624479324775,0.429005792822752,4.83966610237725,1.30057451800301e-06,3.35441593145751e-06,"C8orf87",TRUE
2.28650133464872,1.56802626126656,0.213850797286464,7.3323376913396,2.26172312100937e-13,9.53560319456525e-13,"AC093323.2",TRUE
1.24609513842148,-1.65695500548819,0.184852784934986,-8.96364642854014,3.14115013125873e-19,1.7980376613412e-18,"AC074029.4",TRUE
69.4832401458492,3.01758698607925,0.190205673904629,15.8648631459454,1.10959087605834e-56,2.71331117340952e-55,"AL032819.2",TRUE
2.10168928128539,1.80685750307538,0.387112246797794,4.66752865098371,3.04844250904617e-06,7.5986588905823e-06,"AP006248.3",TRUE
1.22981989266306,-2.77110125782024,0.378045342457078,-7.33007643953413,2.30021495566972e-13,9.69315343553066e-13,"AC073862.3",TRUE
0.448258874327994,-2.50031647867888,0.369244470353881,-6.7714391938831,1.27507550641228e-11,4.81177396666556e-11,"AC073862.4",TRUE
2.15176329574744,1.52371143819728,0.423198310529642,3.60046673222851,0.000317646471230108,0.000639202802046412,"AC008498.2",TRUE
1.90446780542945,2.12740743764846,0.52355229077863,4.06340966340643,4.8361043868785e-05,0.000106341076695372,"AC009044.1",TRUE
9.56903299158827,4.91653036100092,0.447269037997557,10.992333345971,4.16029349985143e-28,3.62670707844047e-27,"AC017037.4",TRUE
1.06324982442782,1.91230964442803,0.529448549296752,3.61188947815247,0.000303974121165032,0.000613119126529712,"AC139792.3",TRUE
1.63092051668448,2.18096343345491,0.274189896930122,7.95420786058625,1.80281232485685e-15,8.57687168659852e-15,"AD000813.1",TRUE
1.9897929256961,2.12021668065943,0.342352705814269,6.19307703620042,5.90008736365645e-10,1.99114684975692e-09,"AC007431.3",TRUE
2.3179589803529,2.45559877281264,0.463129302501153,5.30218830799748,1.14422722005145e-07,3.22797874484741e-07,"AC020661.4",TRUE
12.5912658797153,2.20031566935168,0.217287792136885,10.1262737667542,4.22442082877715e-24,3.07931097736905e-23,"TMEM75",TRUE
4.24357677767216,2.95535844819426,0.270438147415597,10.9280383571501,8.4658723422027e-28,7.27862649979021e-27,"AC138965.2",TRUE
118.506401820266,1.9187436781442,0.12867310933825,14.9117689625443,2.76333426270039e-50,5.54465396458154e-49,"AC011447.7",TRUE
1.39384219631885,2.0228576987327,0.472145882694282,4.28439127159034,1.83240191716732e-05,4.21143121278777e-05,"AP000590.1",TRUE
2.03126052932699,1.67614115085395,0.2593599125752,6.46260686245396,1.02914418436417e-10,3.65398675527786e-10,"AC073592.8",TRUE
3.07742376893947,1.87634822428028,0.30739345231691,6.10406048059161,1.03407127014031e-09,3.42442384863469e-09,"AL021920.2",TRUE
1.23434840257582,2.32811384123149,0.68846416952871,3.38160494659469,0.000720636999297743,0.00139018874937159,"AC136603.1",TRUE
222.470503343212,2.17935087244023,0.192171551292953,11.3406529623001,8.25263860816989e-30,7.7735461005808e-29,"AC093642.3",TRUE
0.515896017630442,-1.98561461861127,0.264534058185867,-7.50608308143118,6.09227607693657e-14,2.65036423224052e-13,"AL731532.2",TRUE
3.1910865830787,3.76498010003479,0.49380570357174,7.62441598548245,2.45141659366334e-14,1.09278186513643e-13,"AC084026.3",TRUE
1.22881897962858,1.97345791117149,0.671205120532652,2.94017112027603,0.00328031030055774,0.0057988200930605,"AC016542.3",TRUE
3.01177256458577,2.05494230859373,0.411293274422288,4.99629446039484,5.844240184928e-07,1.55356865226344e-06,"AC027279.4",TRUE
1.19185983584671,-2.59296355359538,0.25667318744876,-10.102198750748,5.4017256486856e-24,3.91829376466001e-23,"AC073862.5",TRUE
3.77344760309129,1.87854058111066,0.345291385269885,5.44045018569565,5.31460993447117e-08,1.54121188451102e-07,"AC009716.2",TRUE
2.91660514862098,1.76434195494072,0.237685364490515,7.4230147014842,1.14484063236848e-13,4.9038628119317e-13,"AC106795.5",TRUE
13.8253820082399,2.45497414337379,0.29984752508043,8.18740839269983,2.66911248496214e-16,1.32442969476852e-15,"AC126564.1",TRUE
4.61013806465465,4.11485374804325,0.410536771930856,10.0231064045495,1.20650060352001e-23,8.60419134962388e-23,"AL161658.1",TRUE
42.5059540561633,-1.89366669398044,0.131496282387367,-14.4009143041931,5.10634964357493e-47,9.12966241162775e-46,"AC079298.3",TRUE
0.706892313223578,1.64497941584358,0.397553802523506,4.13775294161932,3.50723717506291e-05,7.83054971164011e-05,"AC093671.1",TRUE
2.08860209743667,1.95341641690737,0.308304417150136,6.33599879938182,2.35808623478966e-10,8.1694495018078e-10,"AC130456.7",TRUE
0.346942178105517,-1.52914608644601,0.439413826769989,-3.47996806947644,0.000501473545271183,0.000986220642208341,"AL049781.1",TRUE
1.81275885040182,1.56360533550824,0.437141652540147,3.57688480706982,0.000347713307802302,0.000697106390038432,"AC016251.1",TRUE
30.5202298183884,-1.69102995605649,0.153866141453715,-10.9902668649502,4.25665634806438e-28,3.70996138898341e-27,"AC011008.2",TRUE
5.9307895572394,-3.66422361914073,0.196620883090366,-18.6359839379659,1.64108710330043e-77,7.61605584714479e-76,"AP005264.6",TRUE
13.1495897451703,-2.21993186593612,0.135869040374048,-16.3387616474264,5.23044490477237e-60,1.39607917186132e-58,"AC104260.2",TRUE
0.803195892927395,-2.33502693073602,0.337384394176892,-6.92096899275003,4.48564674256627e-12,1.74572149151632e-11,"AC053503.5",TRUE
3.18781831096792,1.64416885250412,0.287175251676147,5.72531526622731,1.03241834645092e-08,3.17034335345584e-08,"AC067931.2",TRUE
7.60058537123473,2.10892046473425,0.218106993802458,9.66920146835971,4.07545534152165e-22,2.69078556738679e-21,"AC016866.3",TRUE
295.985939838914,-3.5923634864921,0.12296878901234,-29.2136201010453,1.30215159439439e-187,8.26483276677377e-185,"AP001528.2",TRUE
1.19553979769864,1.57811233798748,0.533495549802217,2.95806092210616,0.00309580932805337,0.00548975432839408,"AL138713.1",TRUE
13.1709694490679,-3.34180826064385,0.240157538483428,-13.9150670919891,5.13117646672727e-44,8.28513192308078e-43,"AC084759.3",TRUE
2.3748984475056,1.75102275568199,0.421100890078289,4.15820245679473,3.20761683469359e-05,7.18948600879597e-05,"AC021766.1",TRUE
1.24164081258955,1.83636893940982,0.481322208047307,3.81525911064824,0.000136040109646629,0.000284954677619438,"AC018470.1",TRUE
5.46107959745187,-3.45382429782977,0.225210081004864,-15.3360110809391,4.39377761759181e-53,9.6408460587322e-52,"AF001548.3",TRUE
35.9075479501089,2.05655197116359,0.122189680131719,16.8308155725317,1.45089720134242e-63,4.30975383413207e-62,"LINC01943",TRUE
2.00842492782032,1.78274982674845,0.334506397807846,5.32949396015,9.84867955373005e-08,2.79209806581049e-07,"ELDR",TRUE
160.706120652852,2.04251501456293,0.291415289973498,7.00894937512952,2.40114308545848e-12,9.51375521604588e-12,"FOXCUT",TRUE
5.55657295500622,1.65027964421007,0.185524406167699,8.89521588183039,5.83058428904387e-19,3.2906437166711e-18,"LINC00628",TRUE
0.846514179373876,2.08620718551049,0.473378550774701,4.4070589639018,1.0478367057398e-05,2.47738330428538e-05,"AC004808.2",TRUE
4.80493012704259,-2.77496355626329,0.199672060418346,-13.897605656241,6.54959061716374e-44,1.0500755239108e-42,"PTENP1-AS",TRUE
1.68288393606222,2.145711314168,0.673447995845804,3.18615739805289,0.00144176135757179,0.00267617496098393,"SCHLAP1",TRUE
9.58856347101753,2.15568825915906,0.183884146086917,11.7230783894775,9.70790200237339e-32,9.87958147659598e-31,"LINC01338",TRUE
1.99709410855661,1.81993949907885,0.38504018880692,4.72662218642187,2.28285447582036e-06,5.75312385708319e-06,"ABALON",TRUE
31.4375802502855,-1.54557053323345,0.110234095248511,-14.0208029988283,1.16291342606892e-44,1.92156751413226e-43,"LINC00506",TRUE
9.6077140103484,3.26475313235518,0.482501302035454,6.76630947643596,1.32108807112492e-11,4.98149232480792e-11,"AL157778.1",TRUE
42.3143623485576,1.70619638011173,0.118669339785311,14.3777355060581,7.13924970322663e-47,1.26854679782322e-45,"SAMD12-AS1",TRUE
6.19009868392094,-1.72954569165638,0.186457934569091,-9.27579561391906,1.76298312967968e-20,1.0783780027916e-19,"PACRG-AS1",TRUE
42.2628801505011,-4.72600458244113,0.233931383542516,-20.2025248210537,9.30176950441503e-91,6.18589170740451e-89,"LINC01230",TRUE
1.06313861642706,1.86293938887247,0.47378998914905,3.93199398792363,8.42441731068586e-05,0.000180615891475437,"LINC00602",TRUE
1.64808850322099,2.65975076795737,0.516900506782451,5.14557585658701,2.66701401141474e-07,7.2978079460255e-07,"PAUPAR",TRUE
0.394259224652868,-2.42297070957342,0.33745559612226,-7.18011713960608,6.96517154374976e-13,2.85458934411015e-12,"AF067845.4",TRUE
5.19141370341015,-2.7003100006753,0.159649542804036,-16.9139851780836,3.54876988970377e-64,1.07408771696784e-62,"AC025268.1",TRUE
176.070451124916,1.78707422172728,0.350729914387838,5.09530025360519,3.4818896781111e-07,9.43722422175803e-07,"IGHV1-69-2",TRUE
0.471400445429243,-1.96454055037422,0.324177495709178,-6.06007689113811,1.36056492680345e-09,4.46696606769713e-09,"AP000357.2",TRUE
1.70100696443686,-2.42674287930667,0.252517350965409,-9.61020250699167,7.24064406572676e-22,4.7249198348468e-21,"AC245187.2",TRUE
1.78547516588138,2.94371665596229,0.688919567790279,4.27294679029702,1.92906502833817e-05,4.4248749268216e-05,"AL450990.1",TRUE
2.05822008493729,1.78825695751304,0.372906935563264,4.79545105486422,1.62309198120296e-06,4.14930106667772e-06,"DPRXP3",TRUE
5.8005367872722,1.57217802111154,0.262808220217922,5.98222544107593,2.20109333590933e-09,7.12084464266897e-09,"AL451007.2",TRUE
1.25069473786032,-2.19274387411818,0.322332733019698,-6.80273409894173,1.0265201477994e-11,3.89525317206102e-11,"AC100797.4",TRUE
1.96362416869078,2.80570028872459,0.310107027246005,9.04752244294952,1.46248834813137e-19,8.51605465533593e-19,"AC104073.4",TRUE
11.6235225072622,2.43897054237323,0.286184338807094,8.52237600610719,1.5631295821147e-17,8.22038171854152e-17,"AL392083.1",TRUE
18.4508831156276,-1.65034062019445,0.177984778488584,-9.2723694363577,1.8205584477553e-20,1.11280700474605e-19,"AC068733.3",TRUE
13.1050912817465,3.29211414231673,0.511652586380219,6.43427636241888,1.24062952311932e-10,4.38287388211752e-10,"TEX13C",TRUE
0.308016821303346,-2.0226899739983,0.432218232200635,-4.67978864218613,2.87170804947988e-06,7.17054784006664e-06,"AC009971.1",TRUE
0.640845772012682,1.74907620516586,0.300522117701335,5.82012471675757,5.88037330266238e-09,1.84110926182741e-08,"AC068544.2",TRUE
6.50454533007461,-2.69608303273383,0.132266080190112,-20.3837826664147,2.32939191927169e-92,1.63208693564555e-90,"AC004554.1",TRUE
1.60754723504288,2.05722947578418,0.514186381417266,4.00094119590211,6.30910364025225e-05,0.000136935364911334,"RHOXF1P2",TRUE
1.76363961129067,-1.77713480074637,0.155441811282221,-11.4327978173118,2.86719082349867e-30,2.74751234329935e-29,"AL162727.3",TRUE
2.13795706550646,1.72465039480519,0.334937810595141,5.1491660250024,2.61647208067725e-07,7.16541465748923e-07,"AC107068.2",TRUE
234.861432063252,4.38148914410975,0.292788031425934,14.9647139699361,1.24859575667708e-50,2.53477859163607e-49,"RHOXF1P3",TRUE
0.878843824677056,1.74604523607038,0.478836352833689,3.64643416427662,0.000265904563544615,0.000540067810004027,"AC140481.3",TRUE
2.07755682545886,3.08512375515726,0.622334382157824,4.95734101088901,7.1464480010378e-07,1.88487347668535e-06,"AC018558.5",TRUE
8.68392101663568,1.53923041245463,0.212089641942044,7.25745207715162,3.94449664312542e-13,1.64122698464565e-12,"PRNCR1",TRUE
49.7125465198536,3.22937025445791,0.185985831404383,17.3635283401583,1.5584472324627e-67,5.24669130679329e-66,"AL031777.2",TRUE
11.8298156310144,-2.01974898965207,0.161331247610159,-12.5192671572998,5.85734527950046e-36,7.05365575511272e-35,"AC009242.1",TRUE
2.77522357932983,1.51736737877121,0.256443708345358,5.91696083542725,3.27944742239634e-09,1.0472878338929e-08,"AC103703.1",TRUE
11.1963388494372,2.23775525197117,0.276663306038128,8.08837024329775,6.04683588142499e-16,2.94428516067579e-15,"FRG1FP",TRUE
2.62061384997463,-1.92550404630942,0.198790943296178,-9.68607530294085,3.45552849091957e-22,2.28883685801241e-21,"LINC01668",TRUE
28.165505066692,2.19327895685949,0.129483127488631,16.9387239820267,2.33126663408704e-64,7.10073873868714e-63,"AL353759.1",TRUE
0.356708027038311,-2.25141807458971,0.414361319790669,-5.43346583538999,5.52698698018264e-08,1.60064925226252e-07,"LINC02498",TRUE
6.06037811462603,4.86903853424475,0.712347521134797,6.83520106378441,8.18900920233204e-12,3.13109175383284e-11,"MGC4859",TRUE
2.85753074713155,1.77640815399215,0.592894359642579,2.99616301808477,0.00273400231946526,0.00488327843519785,"AC009951.5",TRUE
3.50094327961162,1.67599054500996,0.326106367137898,5.13939841076837,2.75619453628398e-07,7.5318067738392e-07,"AC022726.2",TRUE
0.369415697116353,-2.70866415743447,0.441086632606496,-6.14088924306834,8.20607881870553e-10,2.73662773771697e-09,"AP000550.3",TRUE
51.6259066625368,2.67661206313667,0.191159699074817,14.0019683860722,1.51612590195614e-44,2.49565194235038e-43,"AL390726.5",TRUE
5.51730814805803,-2.70024271553138,0.197321092749975,-13.6845112597914,1.25649134851911e-42,1.92852655057201e-41,"AC007920.2",TRUE
1.67187713425441,2.06449194605653,0.427854848913305,4.82521572748343,1.39851808198015e-06,3.59692750242913e-06,"AC103706.2",TRUE
11.6806780237336,1.529459638895,0.236104085537486,6.47790416423002,9.30053916244234e-11,3.31224746473316e-10,"BX119927.1",TRUE
1.01193248895416,1.95842557505565,0.554999521264911,3.5286977736344,0.000417609766488727,0.000828500920324223,"AC116565.1",TRUE
1.22183621718138,1.83747216036681,0.484474827008558,3.7927092553239,0.00014901258873299,0.000310829990320228,"AC103706.3",TRUE
6.28457778276109,-1.95263396056519,0.179540831288825,-10.8757097009538,1.50480119685668e-27,1.27974817056816e-26,"AC130466.1",TRUE
1.5672785499831,1.54345623452881,0.268696286766727,5.74424102804512,9.23341887455061e-09,2.84673447121655e-08,"AL590556.2",TRUE
4.25805803363822,-2.87387026437444,0.326626814782553,-8.79863542828743,1.38489801687407e-18,7.68873146491957e-18,"CCDC201",TRUE
6.21119326378244,1.96278422975854,0.174304766427827,11.2606457642181,2.052491273742e-29,1.89366232096419e-28,"AL356234.3",TRUE
7.82412426063625,1.77573414706198,0.216663720092112,8.19580752286103,2.48916373116794e-16,1.23755680955199e-15,"SMIM33",TRUE
2.90190504159725,-1.98116912838577,0.206582004358636,-9.59023093292465,8.78880764753499e-22,5.71789174054281e-21,"LINC02183",TRUE
1.70053860507209,1.53699452742039,0.378776123269461,4.0577914841981,4.95389676876646e-05,0.00010879818061264,"CFAP97D2",TRUE
0.646174480901913,1.71860403884584,0.421735848018685,4.07507222096448,4.60000688463131e-05,0.000101407854295989,"AC007603.3",TRUE
0.984037953119098,-1.83807197710621,0.288641318467353,-6.36801406973238,1.91491355479976e-10,6.67428482800272e-10,"CNTNAP3C",TRUE
5.54802510207053,-2.64046386354545,0.139530140282612,-18.9239676689016,7.23939409265623e-80,3.55463309486966e-78,"AC108477.1",TRUE
1.76632314815116,-1.51029557209608,0.305672133566848,-4.94090041664131,7.77626197007713e-07,2.0456114257849e-06,"MIR548A1HG",TRUE
51.7824254456214,2.87456604428717,0.26842548030864,10.7089909683013,9.23629993285919e-27,7.57148537705988e-26,"AC008703.1",TRUE
1.48654027902709,-1.96149018402691,0.277721148578084,-7.0628045219805,1.63175198839064e-12,6.53670092991833e-12,"AC109462.3",TRUE
1.55813097451904,2.08499384830675,0.291588477443952,7.15046721524694,8.64830363557251e-13,3.52598512102125e-12,"GPR141BP",TRUE
15.256171370917,-1.98331072773178,0.129303637988162,-15.338398505952,4.23514925095757e-53,9.30224130642894e-52,"AL136985.3",TRUE
0.66802029233904,-1.71417248553651,0.409236627262319,-4.18870739162293,2.80547854623517e-05,6.33055126551524e-05,"AC011139.1",TRUE
2.70981031266399,-2.54414284168141,0.205671855480282,-12.3699124303632,3.80235721626641e-35,4.4546617115651e-34,"LINC01902",TRUE
0.63644357278499,1.57170406026488,0.532976625662227,2.94891742824937,0.0031888916466496,0.00564646414233423,"AC006974.1",TRUE
78.3834239604868,2.1451836886636,0.192654912700258,11.1348506954566,8.48871348869741e-29,7.62323916296672e-28,"PRRT1B",TRUE
1.52811856447911,-1.92606358999212,0.26096324546392,-7.38059333439128,1.57585658537203e-13,6.69956365491103e-13,"AL035685.1",TRUE
18.1064660148303,1.53335640835699,0.145433973347092,10.5433164828515,5.45408920014672e-26,4.32797370616533e-25,"AC005972.3",TRUE
4.78410257848346,2.54173014276304,0.238410765875567,10.6611382813544,1.5469242030458e-26,1.25569397411053e-25,"LINC02341",TRUE
5.36907252273399,2.6815715330179,0.343297784221512,7.81121130478262,5.66409624166743e-15,2.62186179526347e-14,"BX276092.9",TRUE
0.81678421282949,1.61981493051571,0.334279648533707,4.84568814649922,1.26173574618779e-06,3.25755307803223e-06,"AC002407.1",TRUE
1.2680767686679,-2.66639388584675,0.333745767119257,-7.98929649014536,1.35710953739458e-15,6.50809418155001e-15,"AL512643.1",TRUE
1.26592064254555,1.95696644108849,0.317694258381412,6.15990496982487,7.27886105939156e-10,2.43833936140438e-09,"AC006974.2",TRUE
7.31488031754796,2.35025320846518,0.195116619780553,12.0453768167392,2.05136854371058e-33,2.24031038326287e-32,"AC138904.3",TRUE
0.675230099137595,-2.0421214337262,0.286482257083337,-7.12826495615102,1.01641981255938e-12,4.12881685741769e-12,"MIR548AH",TRUE
105.840461555724,1.64190953479218,0.175707318591623,9.34457111947788,9.22626285631465e-21,5.72710347876514e-20,"FAM238C",TRUE
1.80666635353059,1.50425990973873,0.37418567885692,4.02008947625686,5.81760418707585e-05,0.000126799210541457,"CPHXL",TRUE
3.78256633170091,-1.89756591186265,0.206841718113096,-9.17399995113706,4.55785263658629e-20,2.73028341145128e-19,"LINC00032",TRUE
2.03026949719905,1.78915083818465,0.291070571661677,6.14679398185349,7.90647131610368e-10,2.64019660128085e-09,"ATP6V0CP4",TRUE
12.9800134886446,1.96136013735389,0.176536477086992,11.11022588486,1.11876152548248e-28,9.98464587258559e-28,"SCO2",TRUE
3.2447407659958,3.27029838703576,0.288281024427837,11.3441333626674,7.93080589947319e-30,7.47692404153043e-29,"AL590132.1",TRUE
2.34380661716217,2.9108178172324,0.41292054930418,7.04934114356254,1.79766930797422e-12,7.1840191974229e-12,"AC092017.3",TRUE
50.5986103785059,3.01148947899973,0.21309847226983,14.1319149167176,2.41487244342916e-45,4.10823392425709e-44,"PERCC1",TRUE
2.29248152874127,-2.07084325868491,0.258559013124749,-8.00917064796255,1.15484571986423e-15,5.55726851035124e-15,"CR769775.2",TRUE
8.26879272369202,-1.55305571752878,0.235240579246821,-6.60198900419842,4.05677609825166e-11,1.48043000254115e-10,"MIR205",TRUE
0.651706617197422,-1.76998104841864,0.291548504830276,-6.07096595967464,1.27143139360265e-09,4.18222535994895e-09,"AC066615.1",TRUE
20.6454788485332,2.08156796963732,0.150915591683484,13.7929285265833,2.81112259858991e-43,4.42318816460592e-42,"AC107918.4",TRUE
3.05220592660905,1.91932122378365,0.203020155008829,9.4538457213777,3.26605453230758e-21,2.06418089931755e-20,"AP000553.4",TRUE
0.870065606537034,1.94899074548373,0.388038251857132,5.0226768524906,5.09562392883579e-07,1.36149579292452e-06,"AP000867.4",TRUE
12.8264992827122,2.29783522643915,0.279033647990666,8.2349753980782,1.79594539756177e-16,8.98805697573816e-16,"AC073648.6",TRUE
5.34122404380087,-2.84142839177549,0.178647703507865,-15.9052052502337,5.83118864923931e-57,1.43813772629239e-55,"AL590434.1",TRUE
1.58670190810735,-4.04538465581097,0.295498808507193,-13.6900201941508,1.16476883738981e-42,1.79156888887186e-41,"AL031291.1",TRUE
13.0710842441674,1.51541589320735,0.223814208718556,6.77086545078544,1.28014286580156e-11,4.83047439132676e-11,"AC097493.3",TRUE
6.24229329864141,2.62223533144506,0.174435536094017,15.0326899562009,4.48420110116254e-51,9.26906702711567e-50,"AC009093.8",TRUE
3.62123628788689,1.66039320090739,0.191609120479103,8.66552279325595,4.49445769847814e-18,2.43388700459619e-17,"AP000553.6",TRUE
7.21251472794365,1.78353538913072,0.164931320076278,10.813806548725,2.96121736472279e-27,2.48601714571942e-26,"AP000553.7",TRUE
30.7890134685466,3.03911973355129,0.270884051194578,11.2192641838787,3.27988041242256e-29,2.99787459974921e-28,"AC073869.6",TRUE
45.3959651482385,-1.54760093711002,0.134073017067106,-11.5429709196103,8.01096843827458e-31,7.8277880415651e-30,"AC092053.3",TRUE
0.703788757752323,-1.74351871821964,0.258646337358601,-6.74093720415741,1.57368215322867e-11,5.90045362986268e-11,"AL445648.1",TRUE
7.61822630186869,-2.27716660676376,0.168248539563485,-13.5345401075801,9.7792541460741e-42,1.4484303670026e-40,"AL031731.1",TRUE
1.14422169935742,2.50173622547685,0.608144510400346,4.1137199838077,3.89333667161436e-05,8.65408717859998e-05,"AC117945.2",TRUE
5.60478590261045,2.02777386235325,0.203468384047963,9.96603905732719,2.14617828827363e-23,1.51354664905049e-22,"AC083906.5",TRUE
319.233868957917,2.12816280752511,0.108229827771347,19.66336684949,4.4424300872665e-86,2.60156421392703e-84,"EEF1AKMT4",TRUE
1.32875133410965,2.46809793805405,0.274542889814091,8.98984468228385,2.47580057685378e-19,1.4258814104218e-18,"AC091057.4",TRUE
1.31143524395225,2.6525073283108,0.700018571453035,3.78919565348812,0.000151135847842452,0.000314984943400466,"AL356747.1",TRUE
6.69675366906513,1.51418189547584,0.261650910394494,5.78703086946226,7.16414172238959e-09,2.22927019485037e-08,"AL121935.1",TRUE
1.3750355209833,1.78727879785273,0.505502275374513,3.5356493628611,0.000406774217791156,0.000808602396825088,"AC091185.2",TRUE
1.61298972124802,1.57735573179271,0.376633858987856,4.18803486237698,2.8138030081198e-05,6.34767603128008e-05,"AC074008.1",TRUE
9.77685886045754,2.74755316269753,0.220423781913517,12.4648671701656,1.16065017346996e-35,1.38686770451173e-34,"AC107959.4",TRUE
1.79859540602193,-2.12243144606075,0.188086241696766,-11.2843524699832,1.56791906300559e-29,1.4549857398263e-28,"AC008581.2",TRUE
1.01491574631497,1.95092278917849,0.419245439384882,4.65341445822497,3.26483081289191e-06,8.11413669724835e-06,"AC092723.3",TRUE
1.42503204473253,2.0232544483701,0.327263338204906,6.18234373415606,6.31568181171921e-10,2.1259150444065e-09,"AC017002.3",TRUE
9.80613621289193,-2.9798338189656,0.201409690767897,-14.7948880096318,1.58047176340805e-49,3.10483210326316e-48,"SLC7A14-AS1",TRUE
200.628455212536,4.93432378630702,0.274458740736506,17.978380914617,2.87773905909772e-72,1.13739210431005e-70,"LINC01488",TRUE
3.73471778338459,-1.76526905231273,0.200476053061502,-8.8053861064951,1.30402892237575e-18,7.2490840146493e-18,"AC025887.2",TRUE
56.0278913007035,1.73237140652296,0.214482556148811,8.07698042036118,6.63902012225103e-16,3.22498715223809e-15,"AC103718.1",TRUE
52.7180256572643,1.50181104256571,0.136052857361593,11.0384380871494,2.49329450998212e-28,2.19613451124139e-27,"AC092306.1",TRUE
5.3199843091714,2.94696781838533,0.481208570818765,6.12409669547477,9.11995019869188e-10,3.03155461010121e-09,"AC104454.2",TRUE
0.771086504195269,-1.52637037421677,0.332251143547553,-4.59402594651509,4.34775284239193e-06,1.06819042908656e-05,"PRSS52P",TRUE
12.9167586727993,-2.46646644267593,0.282402939226754,-8.73385542455522,2.46135686450086e-18,1.3503516241497e-17,"LINC00842",TRUE
12.9899926388094,-2.34362291467757,0.178341910683982,-13.1411786813836,1.91224667688177e-39,2.62257917299705e-38,"AC108734.4",TRUE
9.11583651391811,-1.7027128894543,0.211631897481775,-8.04563447058321,8.5799731640606e-16,4.15240683741708e-15,"LINC02478",TRUE
9.18910802365037,4.62181759690032,0.454222910193184,10.1752190239251,2.55823810426265e-24,1.88451197439795e-23,"AL033530.1",TRUE
30.5396421647355,2.11232977477693,0.214029149008238,9.86935557406542,5.65265901273086e-23,3.90600004786205e-22,"BX571818.1",TRUE
9.26376535036581,-1.70535124147014,0.168986824955261,-10.0916224795728,6.01667029633634e-24,4.35046892259803e-23,"PDGFRL2P",TRUE
1.15579518594864,-1.65411826712196,0.176550782151307,-9.36907923582209,7.31680177048999e-21,4.56348503488942e-20,"H2BE1",TRUE
1.8510922649188,2.09681572801138,0.347738664983289,6.0298607522179,1.64101011477864e-09,5.35532355044555e-09,"AC005906.3",TRUE
0.833519524037005,-2.02863968140655,0.341935574816383,-5.93281258463943,2.97788708672991e-09,9.53949429698382e-09,"LINC02838",TRUE
2.5232479187119,2.55565339407089,0.446362071451814,5.72551647535486,1.03119537254307e-08,3.16681316913043e-08,"AC005293.1",TRUE
3.82882301963927,3.0456006454616,0.363339913170152,8.38223529831513,5.1931886844311e-17,2.66260422451944e-16,"AC069410.1",TRUE
0.675591294729462,-2.25890891188525,0.4341999664968,-5.20246219756883,1.96665371876847e-07,5.44281978211267e-07,"AC090099.2",TRUE
2.03796683684187,-1.50788340764337,0.190495055333257,-7.91560392476036,2.46055764475093e-15,1.16253604759113e-14,"AL031121.2",TRUE
1.18893334588914,2.44829919289726,0.591664781866839,4.13798364873486,3.50371333661739e-05,7.82308678781202e-05,"AP003398.2",TRUE
14.8857920445116,2.16214340091935,0.173883306999864,12.4344506567329,1.69904812354232e-35,2.01680189802218e-34,"AL590666.4",TRUE
7.6214703209412,-1.94725935080557,0.432370998102266,-4.50367707212638,6.6787669440259e-06,1.61027641642455e-05,"AL138686.2",TRUE
1.74550975432233,2.16858327621038,0.372552780681242,5.8208752924752,5.8540237746972e-09,1.83339138027669e-08,"AC019127.1",TRUE
44.4510018954686,1.96297813482934,0.238182292344918,8.24149484625288,1.70072260539488e-16,8.52138235997712e-16,"AC012470.1",TRUE
0.473899873059591,-1.6579362522283,0.589313800611873,-2.81333349143851,0.00490307717979784,0.00846534967117669,"AL160254.1",TRUE
2.05937595994529,1.53163113806607,0.228380073046154,6.70650078019955,1.99346782278191e-11,7.42196181398601e-11,"AC051619.10",TRUE
6.9054251598192,2.57718253781013,0.184029232213191,14.0042019782192,1.4692076343747e-44,2.41934381913819e-43,"AC023593.1",TRUE
1.82290926854228,2.44082847283502,0.606215268780566,4.02633948456111,5.66518809264595e-05,0.000123689557911068,"AL035693.1",TRUE
1.19276823253395,2.25301273235252,0.580992762779513,3.87786712105318,0.000105376242282135,0.000223512807985893,"AC004974.1",TRUE
4.49361699040711,1.50010010293435,0.276671126399131,5.42196116543898,5.89486906087935e-08,1.70490215551533e-07,"AL450163.1",TRUE
39.739290538902,3.58179707558325,0.208950283198882,17.1418627471974,7.22969813960231e-66,2.31136127189063e-64,"AL161449.2",TRUE
4.75868091172242,1.69988214739293,0.158254001942341,10.7414796879024,6.49942381734925e-27,5.36768335164167e-26,"AL357079.2",TRUE
14.6150922722421,1.53144243583335,0.15553282962072,9.84642560395702,7.10250590461695e-23,4.87584149583693e-22,"AL157827.2",TRUE
6.40504722075908,1.87669853513982,0.225992078204409,8.30426690196791,1.00437638498862e-16,5.08133686274866e-16,"AC006238.2",TRUE
0.800626105021564,-1.74071885223353,0.345986841357251,-5.03117068095702,4.87493904645683e-07,1.30527391459809e-06,"LINC02834",TRUE
2.64771398373141,-3.98947987305876,0.240211355752253,-16.6082068042336,6.07831625211452e-62,1.7112859063357e-60,"AL445259.1",TRUE
0.585045763208928,-1.51471949115256,0.362737968193232,-4.17579526813047,2.96946802178687e-05,6.68103215452856e-05,"AL049825.1",TRUE
1.26300165576518,-1.8310301544286,0.175909755266511,-10.4089176387888,2.25773929101929e-25,1.74599583946233e-24,"AC104260.3",TRUE
0.673070155346008,1.8122709524765,0.558856313931997,3.24282093142286,0.00118352570844527,0.00222129803341875,"AL008720.1",TRUE
1.58101087888324,1.76193292030045,0.276149492804839,6.3803590671291,1.76673249242848e-10,6.17126694506419e-10,"AL592164.2",TRUE
4.35919640308384,4.65000206765319,0.753860347584326,6.16825395121747,6.9048188052723e-10,2.31717579998097e-09,"LINC02835",TRUE
5.75359492952406,2.19780688443612,0.265129788501535,8.2895509284631,1.13676834909608e-16,5.7356700896641e-16,"AC063960.1",TRUE
2.35780033421721,-2.74570534018771,0.167875661227484,-16.3555891313338,3.96851787380304e-60,1.06253865653436e-58,"AL356275.1",TRUE
1.87250229191213,2.47434546321455,0.57593468915769,4.29622578704767,1.73730635043302e-05,4.00182217455778e-05,"AC207130.1",TRUE
0.638684220188038,-1.6117089089388,0.580823484560855,-2.77486870242061,0.00552239976383802,0.00946496599981134,"AC092110.1",TRUE
1.17965259602539,-3.290131867434,0.243755487720759,-13.4976730091226,1.61393665818031e-41,2.37010909040701e-40,"AC121334.3",TRUE
0.594893086338057,-1.51770524372342,0.226838109595711,-6.69069781276347,2.22108896629331e-11,8.2391233163059e-11,"AL031315.1",TRUE
0.956889716819655,1.5343016360801,0.35203008748699,4.35843892501605,1.30993466703111e-05,3.06100596800557e-05,"AC097636.1",TRUE
0.598429440991478,-1.57596547458787,0.364725371372336,-4.32096475399573,1.55348489066705e-05,3.59817580128743e-05,"AC253536.7",TRUE
1.1425266749423,-3.74057030642951,0.312887817825942,-11.9549886359282,6.11419398636615e-33,6.53027994188476e-32,"AL591463.1",TRUE
0.803859472130606,1.73711063119872,0.524501001424709,3.31193005633961,0.000926547079171884,0.00176290653928137,"AC109129.1",TRUE
5.97520116182573,-2.08443779540913,0.20011138601925,-10.4163877771983,2.08730820105025e-25,1.61738279995205e-24,"AC021517.3",TRUE
1.66686484897241,2.44423417951707,0.394064064082003,6.20263150665887,5.55267506631875e-10,1.87669111873389e-09,"AC026462.5",TRUE
13.4228687742031,-1.61690831664974,0.14740465989941,-10.9691804706386,5.37574199867399e-28,4.66459639450682e-27,"AC025774.1",TRUE
1.49070297777226,1.67535955137364,0.459551509283672,3.64564040706801,0.000266726734161549,0.000541559290888294,"AL353768.2",TRUE
10.9570200036585,5.95457472721648,0.874123419003113,6.81205262067836,9.62158975386081e-12,3.6600371388739e-11,"AC129926.2",TRUE
2.10120357109956,-3.02241476674724,0.24585706919536,-12.2933815840195,9.83059623535264e-35,1.13385498000486e-33,"AC027329.1",TRUE
1.35406961840751,2.58931798649138,0.561139763338678,4.61439048818323,3.94250583187292e-06,9.72445717817096e-06,"AL356413.1",TRUE
0.83765899171238,-2.64256232725957,0.312993652791478,-8.44286235101416,3.09659677928349e-17,1.60500921092681e-16,"AL646090.2",TRUE
5.74303458101431,2.39009899084001,0.248657725135819,9.61200376756648,7.1150659466991e-22,4.64437759013208e-21,"FO393414.3",TRUE
1.29944602434398,2.90051638124574,0.714729056798154,4.05820408958814,4.94515425654405e-05,0.000108611703074877,"AC010677.2",TRUE
139.884855942319,1.84029165396684,0.106374735980247,17.3000819885331,4.6971995129771e-67,1.55587974658551e-65,"AC083855.2",TRUE
2.20846182948848,-1.83774455417455,0.254607277705525,-7.21795767480006,5.27741350917261e-13,2.17777193857816e-12,"AC022440.1",TRUE
11.7209056153512,-1.82049825806466,0.127105562938117,-14.3227268420265,1.57807631382516e-46,2.76981592943042e-45,"AC092376.3",TRUE
5.5036174450416,2.83343588606128,0.452264544941208,6.26499670990041,3.72833279621986e-10,1.2743711371256e-09,"AC091074.2",TRUE
0.755638247775544,1.67823866083368,0.517413709111246,3.2435140996097,0.00118064967020915,0.00221609288363169,"AC034268.2",TRUE
4.22911275346065,1.88483986674507,0.373001040606046,5.05317589377931,4.34523383146915e-07,1.16745699804662e-06,"AC009899.1",TRUE
3.78140819426106,1.58617916143123,0.212429705203793,7.46684254873651,8.21419567665518e-14,3.54808532230222e-13,"AC020663.4",TRUE
3.9983380155417,-1.85929912765367,0.138872525635966,-13.3885310945345,7.05624897796525e-41,1.01549751880287e-39,"BX842242.1",TRUE
1.65885824241668,2.78871346279419,0.36527405768793,7.6345784873031,2.26560434804484e-14,1.01204185118625e-13,"AC087591.1",TRUE
2.1509350391656,2.28403128633889,0.338706645124176,6.74339083457169,1.54732244292506e-11,5.80313144218331e-11,"AP003025.2",TRUE
44.7751449932751,2.74787033447763,0.287645659744136,9.5529699176476,1.26030493310702e-21,8.13318793554113e-21,"CR589904.2",TRUE
3.41339184135732,1.76866882882184,0.376816234695048,4.69371716495495,2.68284899008549e-06,6.71606997344062e-06,"AC011997.2",TRUE
0.380460997756363,-1.63452992357098,0.381474771046963,-4.28476546190718,1.82932066032098e-05,4.20479734246437e-05,"AP001924.1",TRUE
84.4890764176837,2.30970804391806,0.323542764855291,7.13880294912826,9.41471825938137e-13,3.83013705415119e-12,"LCAL1",TRUE
6.43335507458394,4.85148148861416,0.669931159547,7.24176121602505,4.42895131535212e-13,1.83607279579865e-12,"AC244102.3",TRUE
1.29408968450053,1.8748399987754,0.422933488275177,4.43294288759551,9.29554957462201e-06,2.20898535205752e-05,"AL109955.1",TRUE
18.6382332746257,-2.23200121017295,0.22104741607452,-10.0973865689545,5.67339698849795e-24,4.10845325542905e-23,"AC016682.1",TRUE
2.287710897359,1.99795736406182,0.383246254590447,5.21324694013493,1.85563612486425e-07,5.1434882248501e-07,"AC117503.5",TRUE
1.52115714844325,2.22004994064634,0.335540011026662,6.61634937023929,3.6817765736519e-11,1.34757019096689e-10,"AC022267.1",TRUE
0.777459448496787,1.93158941052478,0.545521151107107,3.54081488243805,0.000398893341128537,0.000794106854386885,"AC093894.2",TRUE
1.15708498331554,1.98617053171592,0.361154678402743,5.49950104620001,3.80867447814033e-08,1.11908496478002e-07,"AL357972.1",TRUE
1.31453191077112,-2.89768711405676,0.28417475064243,-10.1968493242486,2.04808941642344e-24,1.51621851136939e-23,"AC084277.1",TRUE
2.03325347657152,2.50955901991036,0.494885634240682,5.07098781269102,3.9575611866269e-07,1.0669519696097e-06,"AL603764.2",TRUE
3.96143926268842,1.64410292394646,0.264882031772599,6.20692507130087,5.40313432395705e-10,1.82729413432053e-09,"AC068282.1",TRUE
3.49939659593125,1.8761742516183,0.533400507296424,3.51738370315359,0.000435823281405165,0.000862494054080743,"AC073140.1",TRUE
2.04409776290484,2.68947556273285,0.382177155673621,7.03724836193418,1.96073190319161e-12,7.81612532943105e-12,"RNVU1-8",TRUE
1.22843773982789,1.68290612011187,0.460593233165749,3.65377951505044,0.000258408191135251,0.000525410916728574,"AL596330.1",TRUE
2.68910401163992,1.59816689700554,0.232912893678879,6.86165060148605,6.80693897900318e-12,2.61772686744879e-11,"AC073140.2",TRUE
1.67139604154823,1.50672926681249,0.305312806710138,4.93503460614074,8.01365495105037e-07,2.10536491165896e-06,"AC007666.2",TRUE
2.44583436936659,1.51129112467884,0.357061585076633,4.2325783221807,2.31027418888176e-05,5.26153944341389e-05,"AC097499.2",TRUE
650.802948980916,2.02810880124306,0.281396680653923,7.20729468638382,5.70744010889027e-13,2.34961002575071e-12,"AC093838.1",TRUE
393.180799048068,-4.22475833344217,0.148862271743389,-28.3803161403103,3.53836395443637e-177,1.62463604546249e-174,"AUXG01000058.1",TRUE
2.8427728044143,1.86838202429752,0.444087932840541,4.2072343924022,2.58514969598761e-05,5.8563437370788e-05,"AC125437.3",TRUE
16.1462614796214,-2.22682772369452,0.271692217369257,-8.19614100564402,2.48227140025499e-16,1.23427227690098e-15,"AL161945.1",TRUE
3.76128994295229,3.27258456160517,0.530472256793156,6.16919079121837,6.86403641743193e-10,2.30384798021901e-09,"AC104370.1",TRUE
5.42958237059947,1.60612720524183,0.169214293843278,9.49167572527518,2.27349654712916e-21,1.44875403770994e-20,"AL353152.2",TRUE
10.5886486582122,-1.61116195549312,0.183092552243385,-8.79971323656793,1.37166203310874e-18,7.6172070701201e-18,"AC021733.4",TRUE
56.9276042971606,-2.21208788831962,0.173622153557485,-12.7408158636117,3.50707979928742e-37,4.44669694880274e-36,"AL109809.4",TRUE
90.1438620409617,-3.10998727093442,0.126641434462373,-24.5574229645862,3.60329657985424e-133,6.37370001584054e-131,"AL133482.1",TRUE
5.33212761534846,3.6973673642943,0.4303362720048,8.59180971910511,8.5610081503084e-18,4.5599544831212e-17,"AP005901.5",TRUE
0.806977136524034,-2.66104221894902,0.297468673114265,-8.94562170560679,3.69861851093158e-19,2.10986485503314e-18,"AL662873.1",TRUE
7.45745249462728,5.08973665793572,0.598863722473977,8.4989897816976,1.91247736502331e-17,1.00221616166108e-16,"AC084114.1",TRUE
2.65950769188013,2.64962462397955,0.498954592337289,5.31035221375101,1.09413576818649e-07,3.09131315494429e-07,"Z93020.1",TRUE
23.7879375485406,-5.26956907736066,0.223248799331627,-23.6040197892977,3.50466901916245e-123,4.97570772588984e-121,"AL356218.2",TRUE
2.06046386486882,1.52262202301619,0.475839487511313,3.19986479259982,0.00137492070805245,0.00255859861852902,"AL033381.3",TRUE
3.00731060567358,1.66283782190428,0.372391271021066,4.46529752790638,7.99575573546741e-06,1.91030621390962e-05,"Z99496.1",TRUE
2.43009495733807,1.50890410652647,0.3571792018654,4.22450159092713,2.39470160251725e-05,5.44347823061276e-05,"AP002762.3",TRUE
0.754748518606675,1.81884905789446,0.391449748821528,4.64644328772764,3.37706917513475e-06,8.37764717776847e-06,"AL359436.1",TRUE
2.94279529312802,1.84564382725925,0.249570952994183,7.39526697765292,1.41124438202551e-13,6.01632828212376e-13,"AC106742.1",TRUE
2.24348087399952,-1.77534055205705,0.244562337963355,-7.25925572531558,3.89226008715925e-13,1.62027339276421e-12,"AL512308.1",TRUE
1.41099578180517,2.22487073718548,0.442772720288567,5.02485956166285,5.0380106857818e-07,1.34671461165826e-06,"AP001999.3",TRUE
7.90614445434976,1.63236662068542,0.339746826523879,4.80465597688428,1.5501781403316e-06,3.9701927686157e-06,"AC114964.2",TRUE
0.346927714966813,-3.31529568797754,0.567720620708116,-5.83966050738546,5.23073012585239e-09,1.6443900665146e-08,"AL132799.1",TRUE
8.42149550202115,-2.89605473154527,0.166543491253599,-17.3891799057785,9.9649880327541e-68,3.37589390497384e-66,"AC138776.1",TRUE
15.8956044316998,1.6640339021644,0.153203818420677,10.8615693741731,1.75703333365039e-27,1.49043943947231e-26,"AC004863.1",TRUE
2.21903333691289,2.00802015058898,0.451093717314289,4.45144783337769,8.52932546629816e-06,2.03260828847346e-05,"AC002458.1",TRUE
5.30021937554811,1.6186831118736,0.21177278512626,7.64348974731825,2.11411970707421e-14,9.4633277906371e-14,"AL355501.1",TRUE
6.89024617107297,2.01872232459228,0.276474096549309,7.30166894399181,2.84219901971275e-13,1.19200573016036e-12,"AL133334.1",TRUE
11.3564774660259,1.84870655820091,0.197294224610781,9.37030245993267,7.23249705459019e-21,4.5135131994811e-20,"AL157996.2",TRUE
2.36046834074148,1.6236351299179,0.292244668121871,5.55573910159694,2.76439517102134e-08,8.21646550384141e-08,"BX004807.1",TRUE
1.35755875250471,1.93147495565196,0.374809914541928,5.15321201684994,2.560621815459e-07,7.01691667017208e-07,"AP006222.2",TRUE
0.619127232505825,-1.55848885825815,0.245019182541327,-6.36068099686554,2.00861212905593e-10,6.9907023215913e-10,"AC021573.1",TRUE
28.9341238053945,3.36180114407168,0.240303232418155,13.9898290599011,1.7984367642958e-44,2.95359706038839e-43,"AC016769.5",TRUE
2.23590487908114,1.79694538967346,0.274728986859556,6.54079283811457,6.11935482698887e-11,2.20478632884915e-10,"AC006538.4",TRUE
1.20930476087266,2.2376298380985,0.611764560664526,3.65766502666955,0.000254523382562069,0.00051778041060421,"AC092850.2",TRUE
1.16288644848841,-2.81857391854671,0.308961553837291,-9.12273350370012,7.32529343280976e-20,4.33095430904205e-19,"AP002755.1",TRUE
3.50536017812606,4.2334199903971,0.453261940124064,9.33989734332945,9.64275652121252e-21,5.9796174059703e-20,"AL583809.1",TRUE
1.68012510276309,2.47473590550057,0.401350758303212,6.16601776451849,7.00312204630046e-10,2.34888675410575e-09,"AC010251.1",TRUE
3.4363449236138,2.54045891414789,0.478219642877383,5.31232656789732,1.08234417322953e-07,3.05960011243035e-07,"AC007130.1",TRUE
3.29674832800357,-2.82611620685686,0.173800799379897,-16.2606628792282,1.87696238867009e-59,4.95775377570386e-58,"AC117509.1",TRUE
1.67086518849525,1.87796959143285,0.355063161486165,5.28911414964129,1.22910170955086e-07,3.46040637861807e-07,"AL359764.1",TRUE
2.98227591414533,1.85600871495821,0.416158761144583,4.45985736273707,8.20142168003533e-06,1.95738420543201e-05,"AL132982.1",TRUE
1.000948805434,-2.5166723437922,0.345208086862116,-7.2903052957662,3.0925343530878e-13,1.29510753618542e-12,"AL512643.2",TRUE
29.588505625527,2.81480564557336,0.229619805540025,12.2585490347988,1.51182670055761e-34,1.73032194102537e-33,"AL645768.1",TRUE
0.953428474874589,-4.87316978108672,0.369065769518918,-13.2040687150124,8.31213394421874e-40,1.15317165230627e-38,"FP325317.2",TRUE
3.31866514122152,-1.50390972475167,0.136948857854945,-10.981542659849,4.68848135546355e-28,4.07973498592352e-27,"AC004947.3",TRUE
3.50324401806571,-1.64951816192019,0.148000366226519,-11.1453654067014,7.54340150455864e-29,6.78418855879873e-28,"AC000050.2",TRUE
1.85297386122669,-3.21481340885547,0.220803409725173,-14.5596184989029,5.07401726710734e-48,9.43129135436488e-47,"AC026408.1",TRUE
0.486130797420034,-1.85321218797537,0.317397111711376,-5.83878088235594,5.25841723204632e-09,1.65285330809933e-08,"AC018695.8",TRUE
35.2959846683426,2.37731237806831,0.174463996746473,13.6263780631082,2.79091782455643e-42,4.23246708741586e-41,"AC009236.1",TRUE
21.3319805532114,4.6073733042451,0.27202853058562,16.9370958786066,2.39667862326052e-64,7.28968635517434e-63,"H3C2",TRUE
1.76315144565711,-3.22113646109606,0.324768996028947,-9.91823881122246,3.46821677592056e-23,2.42174787330095e-22,"AL022151.1",TRUE
2.05968950952216,-2.217382155027,0.156526579397821,-14.1661701390114,1.48374670379962e-45,2.54020260753635e-44,"AL161665.2",TRUE
4.41221871286613,1.67158823549455,0.306081747301951,5.461247690296,4.72799846114968e-08,1.37655432800337e-07,"AC021683.6",TRUE
1.8034287627589,2.41489666194401,0.405869678987817,5.94993118965287,2.68255241666234e-09,8.62348892470926e-09,"AC008798.2",TRUE
1.9129042604467,1.9954738775432,0.282869122445247,7.05440685888031,1.73338511582316e-12,6.93354046329263e-12,"AC138409.3",TRUE
0.68969907591311,1.77163605137851,0.37017209486288,4.7859794835015,1.70155439334291e-06,4.34191129340665e-06,"AC091838.1",TRUE
5.33733466143961,-2.34674886871589,0.296812990885609,-7.90648974532357,2.6474809789647e-15,1.24880086395756e-14,"AC099845.1",TRUE
11.9715533630372,2.38709130009348,0.180854336307225,13.1989718844144,8.89406367453892e-40,1.23271608282948e-38,"AC078983.1",TRUE
3.18344814076995,2.54441783271712,0.292689069311749,8.69324515158783,3.52231215639514e-18,1.9160951937234e-17,"AC104304.3",TRUE
6.92492209254897,2.25270058283549,0.192850218306036,11.681089099213,1.59242003711434e-31,1.60431486465581e-30,"AC006197.2",TRUE
2.38413236862224,2.69511765897076,0.361265417776968,7.46021491776063,8.63814626597644e-14,3.72412738826834e-13,"LINC02885",TRUE
29.6374692291994,1.77761246250688,0.205383498899979,8.65508900192888,4.92527174486127e-18,2.66084276515474e-17,"AP006261.1",TRUE
0.334064586609678,-2.22340405080644,0.495228395834983,-4.48965380318641,7.13390221438045e-06,1.714933828521e-05,"AL512358.1",TRUE
5.27375593329349,1.56378993529773,0.207309138914704,7.54327543630937,4.58311725667071e-14,2.00799249617204e-13,"AL135818.3",TRUE
3.23772351698954,-1.52275586641324,0.147424891309191,-10.3290282454379,5.20855554705824e-25,3.94873102777153e-24,"AC034111.2",TRUE
2.0290869918351,-3.09957347600462,0.292041815634128,-10.6134577655406,2.58019993292607e-26,2.07647639576895e-25,"AC113370.1",TRUE
2.78146110917402,-2.55093536772634,0.196500241998833,-12.981843390002,1.55102094407312e-38,2.06292955150064e-37,"AC123595.2",TRUE
0.959035854203143,-2.42311810753113,0.277635865064334,-8.72768403667749,2.59940651462446e-18,1.42500171689561e-17,"AC093151.5",TRUE
2.06526041744372,2.86841227601669,0.415472409574311,6.9039777610158,5.05662194768533e-12,1.96103695985352e-11,"AC091646.1",TRUE
0.888515532565497,1.69212600676367,0.529053665281277,3.19840144357384,0.00138191760011168,0.0025708432595181,"AP000248.1",TRUE
25.4768616787624,-4.32945281098639,0.382244942698466,-11.3263834975095,9.71330298865549e-30,9.11559375930356e-29,"AC008459.1",TRUE
6.84882078899387,-4.20203686231637,0.35631636352187,-11.7929943513763,4.24186313745883e-32,4.38407119283341e-31,"AC006566.2",TRUE
1.75859685640215,1.5218391738361,0.491982579533345,3.09327857762686,0.0019795821452723,0.00360698971545373,"AC005153.1",TRUE
0.79802302058189,1.85074290121367,0.35624880568879,5.19508520915695,2.04626093825937e-07,5.65407311749515e-07,"AC025253.2",TRUE
2.5347352401096,-3.52583508179821,0.214140045578942,-16.4650898073075,6.53655647758382e-61,1.7889522991282e-59,"AL358976.1",TRUE
1.10785816748052,2.19532710451593,0.299314333520311,7.3345204644767,2.22516766452436e-13,9.38606688827908e-13,"AL158077.2",TRUE
1.15057825765175,-2.78630104596031,0.227141175174777,-12.2668249991062,1.3650170189455e-34,1.56436894683185e-33,"AC026316.5",TRUE
0.452061558382679,-2.80632363666002,0.318191756637386,-8.81959880518881,1.14870548229972e-18,6.39882919670312e-18,"AC092623.1",TRUE
1.55405997631826,-3.2437211560083,0.419418047034401,-7.73386166604855,1.0433240172708e-14,4.76073584454271e-14,"AC108075.1",TRUE
7.6198090699605,1.65187512969577,0.232643277907308,7.10046361345513,1.24339069402587e-12,5.02337754883054e-12,"AP003783.1",TRUE
2.57001497408885,1.6254677329248,0.377874774747769,4.30160423915514,1.69565971191388e-05,3.90860249766091e-05,"AL589863.2",TRUE
0.741882679357397,-1.53819121329717,0.274940564299674,-5.59463176055973,2.21090512987583e-08,6.62105643945607e-08,"AL021368.5",TRUE
3.36935248521714,2.58943320650491,0.294495454308942,8.79277818593577,1.45906353044372e-18,8.09319907132127e-18,"AC009236.2",TRUE
15.5244596495249,1.55161368844593,0.157079137247211,9.87791068653506,5.19037776102994e-23,3.59116229826951e-22,"AC091181.2",TRUE
44.7657175091527,1.66533091536683,0.176188446269124,9.45198706629761,3.32458499187223e-21,2.10055757940573e-20,"LINC02348",TRUE
2.53501582913019,2.05873639462416,0.319176852968299,6.45014315881056,1.11744545284534e-10,3.95773393605816e-10,"AC133530.1",TRUE
1.64300267540715,-1.6250120861532,0.195134294591045,-8.32766013559452,8.24558269764588e-17,4.19372318206925e-16,"AC127540.2",TRUE
2.80326017808301,-2.30454882717788,0.264216830274887,-8.72218785147131,2.72877121041728e-18,1.49478062497284e-17,"AL590807.1",TRUE
2.3657560266675,-2.67957480460071,0.268625298012146,-9.97513943932245,1.95826196671772e-23,1.38396244446597e-22,"AC188617.2",TRUE
0.535642052300856,-2.04010556651047,0.384361437297627,-5.30777900315407,1.10969069398492e-07,3.13382518827385e-07,"AC091010.1",TRUE
3.31051324545693,1.68650835908895,0.325187972696452,5.18625687507586,2.1456281247528e-07,5.92370689338776e-07,"AC097658.3",TRUE
0.767076998458651,1.54314179954526,0.405206017910376,3.80828944126534,0.000139931426154056,0.000292792958394776,"AC010494.1",TRUE
2.65533191866594,2.07454916626626,0.374526912436023,5.53911907898111,3.03996896219413e-08,9.00515170956064e-08,"AL109824.1",TRUE
9.04145714866106,-2.86577867919257,0.21318845920547,-13.4424663036312,3.40882954363423e-41,4.95871530513156e-40,"AL138716.1",TRUE
4.45202866204741,-1.85974662957857,0.207629748012285,-8.95703360131484,3.33530081290605e-19,1.9056338772177e-18,"AC009570.2",TRUE
1.97417934996913,2.09932489123996,0.33424242489846,6.28084508385706,3.36737555652656e-10,1.15455933444301e-09,"AL358232.2",TRUE
0.756023848986499,-2.15661816233084,0.297220735356353,-7.25594787236214,3.98858681264513e-13,1.65893231987823e-12,"AC008786.1",TRUE
1.44853105467937,2.72007135776747,0.505299599721922,5.38308631011065,7.3219407124924e-08,2.10116330552641e-07,"AC017037.5",TRUE
6.50635329738548,3.12338887473425,0.471582226733165,6.62321160059655,3.51477314138786e-11,1.28742772453789e-10,"AC074290.1",TRUE
7.07573171872517,1.74647105220232,0.163355443011964,10.6912326886739,1.1187407078663e-26,9.14659006469212e-26,"AC072054.1",TRUE
4.43922358865221,-2.87832721099666,0.159200900616958,-18.0798425124616,4.59392135626854e-73,1.85302472650982e-71,"AC100805.1",TRUE
8.35955691759743,-3.59027843827104,0.257702430845269,-13.9318764921808,4.05558372324222e-44,6.5779403793737e-43,"AC084212.1",TRUE
2.20315114351448,2.30321011341412,0.514522037525065,4.47640712241003,7.59096683342946e-06,1.81943759943808e-05,"AC009141.1",TRUE
8.54417143100595,2.434326546752,0.31466792613276,7.73617628167463,1.02451385149795e-14,4.67618631880833e-14,"AC079296.2",TRUE
6.260739191312,-2.11232639288137,0.213298457674309,-9.90314892996897,4.03370299249369e-23,2.80843073328001e-22,"AC017104.5",TRUE
3.52859400703401,3.62619080684239,0.486630346400593,7.45163312083567,9.21918027757404e-14,3.97065982217439e-13,"AL137018.1",TRUE
1.73554057790549,-1.57371153692053,0.178261640895618,-8.82809969107163,1.0646914074777e-18,5.93926342855599e-18,"AL731553.1",TRUE
0.881036568800341,-2.7938286480453,0.282907541735478,-9.8754124082615,5.32136121863518e-23,3.679428872097e-22,"AC016931.1",TRUE
0.524565659746627,-2.16783602656115,0.533281159732395,-4.06509021929256,4.80138852251058e-05,0.000105599229836709,"AC109635.5",TRUE
5.04962817080356,1.77320258456499,0.29084565882118,6.09671325936894,1.08271476726912e-09,3.5798071449584e-09,"AC090578.3",TRUE
64.8870465223636,1.83527225824823,0.123704390291531,14.8359508819621,8.57797496834052e-50,1.69362030939422e-48,"AL691432.4",TRUE
1.78422815303839,2.75054566001244,0.679124744570218,4.05013317804097,5.11884923846215e-05,0.000112209626254267,"AC069243.1",TRUE
1.20290633861927,-2.3242427412252,0.238237391133776,-9.75599476708539,1.73887434017209e-22,1.1680905295226e-21,"AL161717.1",TRUE
1.48874810633768,2.59322493153412,0.553307500844817,4.68676988396986,2.7755073918741e-06,6.93957241532187e-06,"AC091074.3",TRUE
1.68550088658609,-1.87568486640685,0.231358160745873,-8.10727773924138,5.17664415079474e-16,2.53171627816771e-15,"AC097462.3",TRUE
2.11843364834063,2.58486524717836,0.291907504427169,8.85508323004859,8.36213922843636e-19,4.68775073515149e-18,"AC079841.2",TRUE
8.70024211686739,2.82667805985892,0.37280361578772,7.5822173931609,3.396984489424e-14,1.50049995459564e-13,"AC018978.1",TRUE
2.72534836121059,2.28359259851202,0.227044648602955,10.0579010012496,8.47867396350553e-24,6.09188560454301e-23,"AC138470.2",TRUE
1.51332394439258,-2.49807452533316,0.405786710250497,-6.15612700522172,7.45454498144653e-10,2.49467443125713e-09,"AC097709.1",TRUE
63.4761549754949,-2.69164001332693,0.17525822267564,-15.3581382501436,3.12418125542766e-53,6.89364330185368e-52,"AC090004.2",TRUE
2.68458490515848,2.07138293172241,0.21873387969104,9.4698769785834,2.80173466858634e-21,1.77880065160616e-20,"AC124248.2",TRUE
3.70749014676418,-2.24890259060475,0.177345091063929,-12.6809407416531,7.5421182614779e-37,9.4599774532225e-36,"AL356489.3",TRUE
12.2237683163123,3.46890744102566,0.248394498805112,13.9653150843221,2.53780613488548e-44,4.14892851445672e-43,"H3C3",TRUE
3.68054535297776,2.14335924219949,0.407297234659238,5.26239576360669,1.42190280444717e-07,3.98321055623676e-07,"AP001066.1",TRUE
3.96233958661508,1.71642073144148,0.236498190574312,7.25764847195373,3.93877550020779e-13,1.63916257438018e-12,"AL138889.3",TRUE
2.23177550483368,-2.53539942052178,0.182788022265216,-13.8707087537883,9.53301473585987e-44,1.5216158136084e-42,"AL589693.1",TRUE
18.637698216316,2.47026575842038,0.289594175363182,8.53009476216988,1.46227885114897e-17,7.70974287998896e-17,"AL590550.1",TRUE
1.98757620311938,-1.69791471272362,0.327853207733392,-5.1788869917184,2.23213628753578e-07,6.15230871511875e-07,"AC093772.2",TRUE
2.3408460936161,1.68141931421381,0.421931460349864,3.9850531951791,6.74650102777402e-05,0.00014607885634813,"AC106743.1",TRUE
5.20365278834871,3.14996808165364,0.277969502242722,11.3320636121552,9.10342990801232e-30,8.56000075881942e-29,"AC023302.2",TRUE
6.69347064736526,-1.55465185223993,0.162649956093499,-9.5582678875501,1.19743936410906e-21,7.7390660309894e-21,"AP000224.1",TRUE
16.1057967634928,-3.53890263696631,0.144809621555753,-24.4383114805931,6.69986532690115e-132,1.1429493577433e-129,"AC009951.6",TRUE
2.52465639382096,3.17940038201467,0.338410408374768,9.39510222892935,5.71622862988979e-21,3.5838528132778e-20,"AL138773.1",TRUE
4.56291436759746,3.49077840942767,0.421248679450543,8.28674030261859,1.16394398201651e-16,5.87072832345828e-16,"AC073578.5",TRUE
1.32570866824816,2.37309356215087,0.440801597333302,5.38358657615415,7.30161028168738e-08,2.09560779197784e-07,"AL513317.1",TRUE
3.77019114106475,2.61113740063778,0.339915051038343,7.6817351648934,1.56948042933724e-14,7.08120168620066e-14,"AC093675.2",TRUE
0.873431170479253,-2.3254776432224,0.221853545353549,-10.4820395793833,1.04466135371691e-25,8.20520182464456e-25,"AL355053.1",TRUE
5.6428217493033,-2.26659373640192,0.137624071211922,-16.4694570974555,6.08136905318953e-61,1.66648817990895e-59,"AC000085.1",TRUE
107.808813881525,-5.54265256975632,0.286811891904089,-19.3250444845913,3.30698637641313e-83,1.79083478050176e-81,"LINCADL",TRUE
14.6924295318858,2.86938830934145,0.463940233125716,6.18482318295494,6.21721168717482e-10,2.09423910417908e-09,"AC117464.1",TRUE
3.89281693422816,2.72072058889816,0.29256406142946,9.29957211970873,1.41012004729849e-20,8.66592357132317e-20,"AC112254.1",TRUE
4.53388623068158,1.87901916315315,0.208390417350451,9.01682134449207,1.93625825772123e-19,1.12037681194863e-18,"AL513303.1",TRUE
3.75801930063657,1.92515064488097,0.314786434395875,6.11573573230892,9.61124882981717e-10,3.18995308747239e-09,"AC055807.1",TRUE
8.9282153812435,1.66897688035233,0.209675935530409,7.9597922199817,1.72328418539194e-15,8.21118850094017e-15,"AC131568.1",TRUE
2.73298408009592,2.28305142033284,0.516469975902318,4.42049204572666,9.84764107467283e-06,2.33452811591167e-05,"AC009682.1",TRUE
1.46949968078567,1.50999252999249,0.304491978506062,4.95905520204839,7.08368383560523e-07,1.86911899703321e-06,"AL162585.1",TRUE
3.56662619874945,3.41155968930748,0.431374753489033,7.90857522772067,2.60351301074792e-15,1.22846421278977e-14,"Z84468.2",TRUE
56.6356198799023,4.18697289254586,0.279154901588879,14.9987439543948,7.48218591771429e-51,1.53338624980317e-49,"AC084740.1",TRUE
0.848617354057454,-2.6936888823361,0.343978945865608,-7.83097022277788,4.84119335782431e-15,2.24914860413022e-14,"AL136119.1",TRUE
12.8878618471067,-1.69438299564534,0.154376950351038,-10.9756216312894,5.0060338251463e-28,4.35167008848569e-27,"AC079848.2",TRUE
2.82227492662054,2.8697648928625,0.59376501224022,4.83316603993749,1.34378617079054e-06,3.46090291987824e-06,"THCAT155",TRUE
11.208901140853,-1.87714708892344,0.118441848111036,-15.848681178663,1.43562125149318e-56,3.49669374799354e-55,"AC007877.1",TRUE
26.9977180033741,1.91361034827918,0.224436090973662,8.52630403593932,1.51097808502205e-17,7.95775645510089e-17,"AL512283.2",TRUE
1.38789757351227,-2.77594768149878,0.297660404472934,-9.32588829345354,1.10057776562348e-20,6.79944694593605e-20,"AL353600.2",TRUE
1.16448386358497,1.58683132688871,0.34484247800467,4.60161212177352,4.19233377811364e-06,1.03170900823004e-05,"AL031726.2",TRUE
0.549512791153163,-1.96084037532811,0.447773461136616,-4.37909019965311,1.19175800818903e-05,2.79727407186418e-05,"AP000428.2",TRUE
4.40895535955432,-2.04644188290541,0.191794092024247,-10.6699943742098,1.40634899357453e-26,1.14502966539666e-25,"AC002460.2",TRUE
1.52494081495224,1.53884165702699,0.356119626254121,4.32113689777069,1.55227325799747e-05,3.59594835570665e-05,"AL357054.5",TRUE
0.84835491105321,-1.8025448456355,0.324382042689787,-5.55685768142015,2.74674536299465e-08,8.16625541550246e-08,"AL035694.1",TRUE
3.80868008938018,3.78219216683223,0.328135280495525,11.5263197578775,9.72110751531074e-31,9.47094808940884e-30,"AC068075.2",TRUE
0.735660431575073,1.68200648329635,0.412870215588435,4.07393514908577,4.6225358367711e-05,0.000101883692531427,"AC090125.2",TRUE
43.8738993591195,3.59958302290953,0.203023721374088,17.7298642668312,2.46628990108499e-70,9.1526287300798e-69,"AL139351.3",TRUE
4.81452057396937,-2.12581246775216,0.220360483349241,-9.64697678749888,5.06262281480742e-22,3.32931282473089e-21,"AC188616.1",TRUE
6.60800061894861,1.62224065179151,0.474770811859497,3.41689213251717,0.000633403709362284,0.00123031971629506,"AC011029.1",TRUE
1.13932980861201,-1.61347716898695,0.231848172416902,-6.95919727193555,3.42217034686634e-12,1.34334581328559e-11,"AL589645.1",TRUE
5.2087371928808,-2.62954098464327,0.345153784569659,-7.61846197897498,2.56716078918904e-14,1.14248978821818e-13,"AL122014.1",TRUE
1.12861006599627,1.81019657728143,0.518614630118587,3.49044641657623,0.000482214302237003,0.000949642694129817,"AC012433.2",TRUE
1.70535385900064,2.69207928068842,0.464067435985874,5.8010518987813,6.59001980162587e-09,2.05509577050703e-08,"AC103871.1",TRUE
9.21624268189159,5.34536167150803,0.644164269638098,8.29813437884586,1.05759013270117e-16,5.34616890693164e-16,"AC244102.4",TRUE
36.1388088741893,-2.0329874867504,0.111427211567398,-18.2449821560932,2.2681094470926e-74,9.54109198211664e-73,"AC034139.1",TRUE
3.05189662491622,1.51072256386788,0.324578249061489,4.65441713434618,3.24898466401023e-06,8.07661433583006e-06,"AC016245.2",TRUE
9.08651417405362,1.72720060947946,0.21449341789878,8.0524643898142,8.1143351234602e-16,3.93102148309061e-15,"AC017028.2",TRUE
16.4230528794965,3.32295305459839,0.370160889614427,8.97705064967748,2.78121872665225e-19,1.59687907732222e-18,"AL596442.3",TRUE
0.849931741444102,-1.93984787121121,0.274612025988123,-7.06395819422382,1.61825448843985e-12,6.48503841421206e-12,"AP001591.1",TRUE
3.9387340033489,-3.20604621698042,0.20324275461135,-15.7744674495835,4.66314633068867e-56,1.11625843390196e-54,"AC006059.4",TRUE
2.10828744533969,1.56150850469728,0.38148442814587,4.09324310375311,4.25381320609762e-05,9.41558941356856e-05,"AL442071.2",TRUE
1.41203731040151,1.97844356537906,0.316009217839216,6.26071473138383,3.83216986900727e-10,1.30872330706088e-09,"AC069404.1",TRUE
1.44163481799314,2.81738684417048,0.969932067590608,2.90472594763168,0.00367574788697623,0.0064529297865322,"AL356313.1",TRUE
2.30360693984432,2.36843406211493,0.352440423399955,6.7200976530073,1.81602813781954e-11,6.78260422536269e-11,"AC079460.2",TRUE
0.675259547792432,1.87661684371916,0.554921126427034,3.38177220932661,0.000720198384777858,0.00138946682253866,"AL357558.3",TRUE
12.3404587695047,3.35281348201918,0.274475736100327,12.2153365162801,2.57434061106196e-34,2.91623466596941e-33,"AC007731.5",TRUE
31.7343162320377,2.98760544733322,0.47421837244798,6.30006263129536,2.97525398035464e-10,1.02401883406783e-09,"AC018558.7",TRUE
4.28741433545958,2.60327956247763,0.306065070267329,8.50564084364096,1.8059522990007e-17,9.47197730281568e-17,"AC005821.2",TRUE
3.25839258160074,1.65919041042066,0.558137594225094,2.97272648821344,0.00295167349234692,0.00524875028748383,"AL442636.1",TRUE
3.39957156921002,2.30366767605623,0.422354567266943,5.45434536428305,4.91535876616071e-08,1.42936857800496e-07,"AL355531.1",TRUE
0.72457604405197,1.59548697911229,0.382014870408091,4.17650490256545,2.96022365502082e-05,6.66162224050777e-05,"AC068580.5",TRUE
0.338078327005501,-2.16199246128257,0.429051510697345,-5.03900442575916,4.67959665171894e-07,1.25463654794502e-06,"AL512358.2",TRUE
2.68713212350442,1.66204231963903,0.354838400468563,4.68394152787385,2.8141031663797e-06,7.03199934350091e-06,"AC007749.2",TRUE
3.41379748667219,-1.51754887460518,0.33627941960435,-4.5127616682301,6.3988914183527e-06,1.54530077000953e-05,"AL450267.2",TRUE
11.8968254769117,2.27964145249388,0.242501560259401,9.40052282573102,5.42926132986682e-21,3.40740030532285e-20,"AC004921.2",TRUE
1.34578586500786,2.00592196561448,0.646365292196032,3.10338749594574,0.0019131896003242,0.0034925036226364,"AC007736.1",TRUE
1.8986217044487,2.06426673940533,0.425333147466524,4.85329382791121,1.21427573044935e-06,3.14084505131211e-06,"AL627308.3",TRUE
2.37487104385211,1.74365611458819,0.291728776255978,5.97697675548544,2.27316618589711e-09,7.34410154826851e-09,"AL445985.2",TRUE
1.74612355779085,1.66155014647809,0.347966612993745,4.77502750100902,1.79682697739152e-06,4.57474353139559e-06,"AL353689.3",TRUE
2.26506348348341,-2.01339151158617,0.147229289661051,-13.6752103893279,1.427936823697e-42,2.18855658063787e-41,"AC110792.4",TRUE
2.17737784225972,-2.09469965485234,0.201652859761276,-10.387651617399,2.82216155332477e-25,2.17352770595105e-24,"AC097518.2",TRUE
5.67496254653656,1.81475780951047,0.308129367619423,5.88959703364566,3.87138442628236e-09,1.22859523410549e-08,"AL109933.5",TRUE
12.3074448228526,1.76635344812623,0.318385533232807,5.54784455873707,2.89212819227293e-08,8.58193556400822e-08,"AL136305.1",TRUE
3.37305447649903,3.9877120751285,0.433260304126115,9.2039636152952,3.44984130516597e-20,2.07896049610393e-19,"AL731533.3",TRUE
1.92853599158876,1.57489691707494,0.23305799376742,6.75753228463218,1.40361773127214e-11,5.28069571841926e-11,"AL121899.4",TRUE
100.076329670024,3.55032448553189,0.184211872300332,19.2730492405157,9.04467221060906e-83,4.83128777982533e-81,"AL732437.3",TRUE
3.3662997165341,-2.0792411497871,0.271238355379893,-7.66573424645249,1.7781102201378e-14,7.99741945614294e-14,"AL035447.1",TRUE
2.38901924564083,1.82692968974115,0.42534130283501,4.29520875956364,1.74529023882332e-05,4.01914025758267e-05,"AC016549.1",TRUE
0.740604622189341,-3.21067498182244,0.329189297735338,-9.75327874845968,1.78604667346837e-22,1.19931765974427e-21,"AC090820.2",TRUE
31.9657943925954,1.63372881994252,0.127108488954285,12.8530268385938,8.27094782738824e-38,1.07328354849692e-36,"AC097369.4",TRUE
60.8041957041978,1.83128011043016,0.343565577677898,5.33021999120947,9.80938681175579e-08,2.78114126516048e-07,"AL589787.2",TRUE
0.718127941448989,-1.87309501658586,0.25043905900036,-7.47924474745441,7.47509472407793e-14,3.23530975021263e-13,"AC007922.4",TRUE
5.27930500697548,-2.22739956722576,0.187024499788681,-11.9096672882029,1.05396967135719e-32,1.11384258118943e-31,"AL357522.1",TRUE
3.36510631426848,2.31123524401552,0.319597222931522,7.23171253747324,4.76940932720048e-13,1.97399028156859e-12,"AC037193.1",TRUE
2.85167302891365,2.50994827147199,0.346004044018586,7.25410097038394,4.04338417971749e-13,1.68058995759444e-12,"AL590666.5",TRUE
14.059554760165,2.8959195153952,0.221841051309889,13.0540289919105,6.02736184811735e-39,8.12432658853044e-38,"AL021978.1",TRUE
4.27390560435828,2.26253686534509,0.502255701248,4.50475098584876,6.64508177060881e-06,1.60242333902937e-05,"AC011370.1",TRUE
0.766495013009823,2.00065998495941,0.500207512929403,3.99966000758924,6.34335480950596e-05,0.000137639733335819,"AC007483.1",TRUE
1.29174090468685,1.87931600279348,0.467050349555279,4.02379744407203,5.72671762341565e-05,0.00012496973031986,"AC092939.1",TRUE
2.23698104573802,-3.06052294276928,0.192566518398764,-15.8933285402793,7.04834647524389e-57,1.73534873857117e-55,"AC000082.1",TRUE
2.78790588917364,-2.47267379794968,0.155638683388121,-15.8872700804304,7.76356854992285e-57,1.90817550463935e-55,"AC068228.3",TRUE
4.94806770824461,-3.66472562786958,0.258786862328206,-14.1611733876266,1.59311647621495e-45,2.72528367472998e-44,"AP000821.2",TRUE
3.13373666364646,1.91823278066784,0.300564673201484,6.38209660581751,1.74679703775755e-10,6.10311342585734e-10,"AL132990.1",TRUE
2.94549695708019,1.51581807460904,0.326494387637579,4.64270790556944,3.43872329539249e-06,8.523246851728e-06,"AC020651.2",TRUE
13.8819206678694,2.09912745616439,0.158392417781653,13.2527016479923,4.35247937077942e-40,6.08529347725428e-39,"AC011317.1",TRUE
0.983229357042732,1.6983398727168,0.435876821691559,3.89637573781936,9.76428686292901e-05,0.000207793807506541,"AC009704.3",TRUE
22.8710196059549,-2.44849140073038,0.194962775959701,-12.5587635315394,3.55850247672079e-36,4.32511875233087e-35,"AC053545.1",TRUE
1.63905801668472,-3.82860603281412,0.343260686328638,-11.153639741746,6.87359905176138e-29,6.19859036928585e-28,"AC091691.3",TRUE
2.81404049156151,3.60088880633072,0.468528653915383,7.68552526347951,1.52370533810386e-14,6.8811470537368e-14,"AC012405.1",TRUE
1.28988071683662,-2.31107019061356,0.286484592181629,-8.06699645874273,7.20486380826316e-16,3.49483607041397e-15,"AC008780.1",TRUE
2.45222395516451,1.96269473714735,0.260427659138932,7.53642966970838,4.83013278176249e-14,2.11342792843541e-13,"AC006517.2",TRUE
2.17252559986263,2.09893446552325,0.332559403480637,6.31145727216058,2.76420122443783e-10,9.54041782061068e-10,"AC096536.3",TRUE
1.65419556155966,-1.59140937898319,0.286722952664262,-5.55033827670799,2.85117359426318e-08,8.46308190758023e-08,"AC115485.1",TRUE
7.2887787614447,4.35082242790672,0.254198913576652,17.1158183435538,1.13114787557828e-65,3.58973105220284e-64,"AF233439.2",TRUE
70.862813342057,2.23720640723625,0.128340074963364,17.4318614655234,4.72815000215613e-68,1.61317750271192e-66,"AL353572.4",TRUE
7.30288249562759,2.57784775576162,0.223928234563369,11.5119371203372,1.14868791798057e-30,1.1173624192031e-29,"AC099521.3",TRUE
1.83382883580071,1.80328731772016,0.432754101053122,4.16700226140386,3.08631437305114e-05,6.93055818631046e-05,"AC233976.2",TRUE
2.34300536295541,-2.67962299071581,0.204848663432501,-13.0809884029279,4.22905037313702e-39,5.73800107213436e-38,"AC025614.2",TRUE
1.28406974000981,2.73367324883597,0.351880123291676,7.76876290500219,7.92563613748072e-15,3.63982183117331e-14,"AC112482.2",TRUE
0.51647235370224,-2.00993677378135,0.463686699073666,-4.33468714499838,1.45967564948896e-05,3.39309533214539e-05,"AC103833.2",TRUE
1.90302923285887,2.33452931161603,0.316266703467778,7.38152099483936,1.56491331345526e-13,6.65566206235012e-13,"AC113615.2",TRUE
2.4213831790146,1.94323873802188,0.440526988285272,4.41116841804819,1.02814306996532e-05,2.4328209923083e-05,"AL158136.1",TRUE
3.18425305965863,-1.76034973272945,0.155342036905991,-11.3320886463898,9.10082792010095e-30,8.55941889369267e-29,"AC093577.1",TRUE
2.26711005445031,1.95240898981785,0.235696438366275,8.28357442883285,1.19532211322273e-16,6.02336280288303e-16,"AC107918.6",TRUE
4.2305541918901,3.38857037050647,0.394845595165938,8.58201386058868,9.3226403572464e-18,4.9564567358802e-17,"AC016705.3",TRUE
1.63829419553623,-2.07501370210013,0.192714196536652,-10.7673110719972,4.91135818409465e-27,4.07721137190854e-26,"AL050338.2",TRUE
7.47476769070553,1.82220035297611,0.150209921993619,12.1310252265061,7.2338076934989e-34,8.05498297346265e-33,"AL354743.2",TRUE
1.07529389475259,1.95581353608539,0.644327497883532,3.03543390978934,0.00240189857871114,0.00432391835900617,"AL953883.1",TRUE
1.33894693818978,2.06704897252739,0.444037388109369,4.65512370777719,3.23786241349407e-06,8.04989295889425e-06,"AC096585.1",TRUE
1.14516742807809,1.92362177422243,0.493396582228338,3.89873348034705,9.66971348312312e-05,0.000205913180349119,"AL161714.1",TRUE
6.6988128262749,1.50971601548403,0.152285922094791,9.91369389052453,3.62972652311548e-23,2.5328859618054e-22,"AP001885.2",TRUE
6.0006242078261,3.54600547785597,0.300329946371153,11.8070326342807,3.59009076755116e-32,3.72561475180351e-31,"AL450326.3",TRUE
83.1567397540562,2.51723449085846,0.227905781922085,11.0450663850162,2.31596415329048e-28,2.04160565473891e-27,"AL031668.2",TRUE
6.1031185853763,4.98117599276681,0.830386550811697,5.99862315676687,1.98997566003443e-09,6.4552686574285e-09,"AL137001.2",TRUE
0.43521548176081,-1.77982269607458,0.505103956450712,-3.52367601430233,0.000425604310191684,0.000843469649548768,"AC007402.2",TRUE
3.46590442551103,-1.50316224716938,0.19248202931298,-7.80936408731024,5.74772413052397e-15,2.65971666638163e-14,"AC093433.2",TRUE
4.15042834356253,2.67880103880626,0.352844784230262,7.59200974062893,3.1498133404277e-14,1.39376871698791e-13,"AL391560.2",TRUE
1.69484734134464,-3.1801184669889,0.215126791080574,-14.7825310414165,1.89893859567882e-49,3.72029912798446e-48,"AC083864.5",TRUE
1.17190145200575,1.80437966045269,0.441214656862211,4.0895732550793,4.32167566050146e-05,9.55844632096152e-05,"AC174469.1",TRUE
1.33656495810257,2.40101628085312,0.787247790417429,3.04988633830272,0.00228927986022913,0.0041341137559619,"AP000465.1",TRUE
258.058531509033,4.67332258941845,0.357608272717413,13.0682731523702,4.99874124843404e-39,6.76106776190577e-38,"AC061961.1",TRUE
6.41539177066159,-2.12228441760564,0.152473688697418,-13.9190206240585,4.85511246593245e-44,7.84525099324764e-43,"AL137026.3",TRUE
4.38505623665299,3.02478855482234,0.397151724962604,7.61620399636224,2.61244701435764e-14,1.16192511479468e-13,"AL023754.2",TRUE
278.581545161205,2.02394093428852,0.225252453704747,8.98521148604856,2.58237176521915e-19,1.48507881927859e-18,"AL078582.2",TRUE
0.716007379996375,1.53922423292509,0.454811184052731,3.38431482535099,0.000713561328711484,0.00137770899826374,"AL713868.1",TRUE
0.725997220164597,-1.51510190890453,0.336430551977494,-4.50346111552284,6.68556049754287e-06,1.61182432730393e-05,"AC021979.3",TRUE
2.00592187912243,2.0502428040558,0.440688430105243,4.65236358387302,3.28151822331403e-06,8.1532627090112e-06,"AL603824.1",TRUE
90.6365874188835,4.90238974330837,0.286645349535941,17.1026313569887,1.41852504234454e-65,4.48524108627035e-64,"AC105328.1",TRUE
0.617010064930072,-4.4550761716716,0.437194294116961,-10.1901516822627,2.19421588689367e-24,1.62161571367005e-23,"AC010872.2",TRUE
2.35154561548535,-1.83831343838084,0.229760379021865,-8.00100281087147,1.2340997090391e-15,5.92873368679068e-15,"AC092053.5",TRUE
2.43771026481389,2.3622818935116,0.429758166236851,5.49677022823501,3.86810167113652e-08,1.1360821240303e-07,"AC021236.1",TRUE
0.565790208228321,-1.90797685397596,0.319370656750547,-5.97417706870371,2.31254522414656e-09,7.46685508148169e-09,"AC245164.2",TRUE
17.2171412826507,3.08908445342937,0.308073896044011,10.0270892571439,1.15882420008313e-23,8.26965153366205e-23,"AC093642.6",TRUE
12.3875208156145,2.1886792844073,0.17941937199233,12.1986787719939,3.15908211480459e-34,3.56366921262326e-33,"AC113143.2",TRUE
3.63110372313808,-2.28834560273095,0.235130439584527,-9.7322388661138,2.19703204788865e-22,1.46808953687682e-21,"AL135841.1",TRUE
0.321133421755968,-3.62535986786257,0.536379370055949,-6.75894724937765,1.38997985913159e-11,5.23108306119959e-11,"FO082814.1",TRUE
1.99484962126502,-1.83751874384419,0.217793201729004,-8.43698852515412,3.25618417004213e-17,1.68630800070816e-16,"AL354950.3",TRUE
0.655029708048491,1.52703228272247,0.30907820921207,4.9406015604119,7.7881913178186e-07,2.04849983105034e-06,"AL354811.2",TRUE
2.65119573850786,-2.13593993125383,0.270716073409087,-7.88996347485486,3.02274991369146e-15,1.42161802631496e-14,"AC091912.3",TRUE
1.36691664700954,-1.67606547218226,0.228966017697174,-7.32014946601811,2.47694914041553e-13,1.04216343244623e-12,"AC104211.3",TRUE
11.0052348315848,-1.67901866940397,0.135836884854265,-12.3605504587751,4.27221174473924e-35,4.99157170825516e-34,"AP003120.1",TRUE
0.333994170674458,-1.96498934502568,0.441931453243663,-4.44636680780054,8.73347737628038e-06,2.07919291499951e-05,"AC093677.3",TRUE
4.40987301998596,-1.77832789879296,0.149525762632654,-11.8931204060256,1.28513785901346e-32,1.35251280163426e-31,"AC117488.1",TRUE
1.6558567888791,2.81820507131817,0.510034260293435,5.52552110851687,3.28509075972201e-08,9.70475691115853e-08,"AC005301.2",TRUE
2.17842250629038,1.65570621909994,0.253783838596955,6.52408060439751,6.84199096689475e-11,2.45674151523442e-10,"AL049839.3",TRUE
4.7678668270027,2.21949752902973,0.276267496023267,8.03387137820515,9.44442044981633e-16,4.56309399545587e-15,"AC104472.5",TRUE
13.5768188048891,-2.46981214170329,0.205520513596087,-12.0173509616527,2.88058871510917e-33,3.12298942336378e-32,"AC104088.3",TRUE
2.41477613336687,1.81416168612121,0.398004029805625,4.55814903936324,5.16064122426144e-06,1.25845118503375e-05,"AC010727.1",TRUE
1.65160943628951,2.94597553340193,0.380745113638343,7.7373955117917,1.01474015059729e-14,4.63304611232192e-14,"AL355338.1",TRUE
7.22327036891943,1.54156215320811,0.209278885210859,7.36606634565597,1.75736387281699e-13,7.4528667338883e-13,"AL136981.3",TRUE
2.86503799818147,2.59417388083842,0.459921832508902,5.6404669173608,1.69589651750245e-08,5.13000376334494e-08,"AC018398.2",TRUE
27.1236170344335,-1.50815997260066,0.18225736033194,-8.27489199807288,1.28572105106282e-16,6.4675664992857e-16,"AC026329.1",TRUE
1.0031647493523,1.53110083813068,0.492098720121786,3.11136927515633,0.0018622190493993,0.00340550714681894,"AC139272.1",TRUE
3.47194076168976,2.1853458767997,0.4237288705274,5.15741557586029,2.50381680638167e-07,6.86473976390756e-07,"AP003086.3",TRUE
1.5570402982484,-1.67507282460294,0.301171325705517,-5.56186024907568,2.6691400543561e-08,7.94264235700561e-08,"AC004470.2",TRUE
26.5693946995561,1.89400435837276,0.117985301690937,16.052883971379,5.45684078657663e-58,1.3797144015738e-56,"C3orf36",TRUE
3.78348607575574,-1.86684641753191,0.285531301860485,-6.53814977681179,6.22845343850405e-11,2.2424094962115e-10,"AL159996.1",TRUE
2.77971396550131,-1.66973105999818,0.208415291568843,-8.01155734509354,1.1326489935959e-15,5.45288684479634e-15,"AC023296.1",TRUE
18.2400370633264,-1.81414489930219,0.258438292285941,-7.01964435399917,2.22433699707893e-12,8.8318661263962e-12,"AC007461.1",TRUE
2.31944301663097,1.6140328833739,0.263235091307974,6.13152629215968,8.70399466576202e-10,2.89752726397446e-09,"AL161669.4",TRUE
7.86095862477204,2.10895189239977,0.268902811393157,7.84280343323118,4.40597409572631e-15,2.05092581936527e-14,"NPBWR1",TRUE
2.48358302897933,-2.91998762467288,0.531302731051218,-5.49590177881353,3.88718833083216e-08,1.14145494869177e-07,"LNCDAT",TRUE
1.84256872762133,2.05320282437632,0.464308784633226,4.42206327411664,9.77628155425838e-06,2.31812060148221e-05,"AL139190.1",TRUE
