sample_id,true_label,predicted_label,correct,max_probability,entropy,prob_Basal,prob_Her2,prob_LumA,prob_LumB,prob_Normal,confidence
TCGA-BH-A18H-01A-11R-A12D-07,BRCA_LumA,BRCA_LumA,True,0.9984345,0.018348001,9.613725e-05,6.568507e-05,0.9984345,0.0012828168,0.000120808836,High
TCGA-E2-A14P-01A-31R-A12D-07,BRCA_Her2,BRCA_Her2,True,0.9969236,0.034480095,0.001959731,0.9969236,0.00014834284,0.0006887979,0.00027945603,High
TCGA-AN-A04A-01A-21R-A034-07,BRCA_LumA,BRCA_LumA,True,0.9990472,0.012797991,0.00017105583,0.00019627664,0.9990472,0.00032717688,0.00025829716,High
TCGA-5L-AAT1-01A-12R-A41B-07,BRCA_LumA,BRCA_LumA,True,0.9986745,0.017062593,0.00020402607,0.0004807967,0.9986745,0.00018401466,0.00045669696,High
TCGA-AQ-A0Y5-01A-11R-A14M-07,BRCA_LumA,BRCA_LumA,True,0.98764044,0.113925576,0.0008137713,0.0081166895,0.98764044,0.0018790774,0.0015500474,High
TCGA-A8-A07I-01A-11R-A00Z-07,BRCA_Her2,BRCA_LumB,False,0.73405844,0.95258147,0.0015784451,0.24562404,0.017782534,0.73405844,0.00095647684,Borderline
TCGA-E9-A1R4-01A-21R-A14D-07,BRCA_LumB,BRCA_LumB,True,0.5255233,1.0835721,0.0006899777,0.010300794,0.46291298,0.5255233,0.0005729589,Low
TCGA-AC-A8OP-01A-11R-A36F-07,BRCA_LumA,BRCA_LumA,True,0.9992605,0.0095552,6.627485e-05,2.2245877e-05,0.9992605,0.0005765436,7.44631e-05,High
TCGA-AR-A24Q-01A-12R-A169-07,BRCA_Basal,BRCA_Basal,True,0.9988194,0.014782705,0.9988194,9.126117e-05,5.3177777e-05,0.00025152497,0.0007845436,High
TCGA-D8-A1XU-01A-11R-A14M-07,BRCA_LumA,BRCA_LumA,True,0.9995833,0.0059413845,4.670445e-05,4.414586e-05,0.9995833,0.00025020997,7.568672e-05,High
TCGA-AO-A03N-01B-11R-A10J-07,BRCA_LumB,BRCA_LumB,True,0.99502796,0.05271046,0.0005011879,0.0012496529,0.0029496902,0.99502796,0.0002714819,High
TCGA-A1-A0SN-01A-11R-A144-07,BRCA_LumB,BRCA_LumB,True,0.98864496,0.10351117,0.00052851246,0.0028981573,0.007657001,0.98864496,0.00027136176,High
TCGA-D8-A1JP-01A-11R-A13Q-07,BRCA_LumA,BRCA_LumA,True,0.97794753,0.17059162,0.0006291652,0.0023286622,0.97794753,0.018653186,0.0004414515,High
TCGA-D8-A1XL-01A-11R-A14M-07,BRCA_LumB,BRCA_LumB,True,0.9939883,0.05786654,0.0003051997,0.0051336368,0.00044393932,0.9939883,0.00012891385,High
TCGA-B6-A1KI-01A-11R-A14M-07,BRCA_LumA,BRCA_LumA,True,0.99970967,0.0041646585,1.9637147e-05,1.7839579e-05,0.99970967,0.00022182953,3.103499e-05,High
TCGA-B6-A0IP-01A-11R-A034-07,BRCA_LumA,BRCA_LumA,True,0.99994195,0.0010138305,1.502221e-05,9.150687e-06,0.99994195,1.8674773e-05,1.5171425e-05,High
TCGA-B6-A0IM-01A-11R-A034-07,BRCA_LumA,BRCA_LumA,True,0.9928846,0.06401286,0.00016998024,0.0001489047,0.9928846,0.006684914,0.00011156127,High
TCGA-A1-A0SB-01A-11R-A144-07,BRCA_Normal,BRCA_Normal,True,0.99592483,0.040753923,0.0036193777,6.131906e-05,0.0003452582,4.925814e-05,0.99592483,High
TCGA-A8-A08B-01A-11R-A00Z-07,BRCA_Her2,BRCA_LumB,False,0.8810583,0.63875437,0.0049962807,0.096248105,0.014726229,0.8810583,0.0029711025,Borderline
TCGA-AN-A0FD-01A-11R-A034-07,BRCA_LumA,BRCA_LumA,True,0.9959902,0.043618366,0.0004148558,0.0006315789,0.9959902,0.0026028233,0.000360587,High
TCGA-3C-AALJ-01A-31R-A41B-07,BRCA_LumB,BRCA_LumB,True,0.83806765,0.6851692,0.002332271,0.0019873888,0.15596223,0.83806765,0.0016504733,Borderline
TCGA-AC-A4ZE-01A-11R-A41B-07,BRCA_LumA,BRCA_LumA,True,0.99949944,0.006885121,5.379434e-05,3.221465e-05,0.99949944,0.00034891078,6.5660824e-05,High
TCGA-AO-A124-01A-11R-A10J-07,BRCA_Basal,BRCA_Basal,True,0.9996673,0.0049726535,0.9996673,9.0341e-05,4.7255035e-05,9.4171286e-05,0.00010099665,High
TCGA-AR-A24M-01A-11R-A169-07,BRCA_LumA,BRCA_LumA,True,0.999884,0.0019052514,2.5841824e-05,1.4927658e-05,0.999884,4.0875875e-05,3.43117e-05,High
TCGA-E9-A22A-01A-11R-A157-07,BRCA_LumB,BRCA_LumB,True,0.9945649,0.05655373,0.0007490027,0.000558119,0.0036165924,0.9945649,0.00051134673,High
TCGA-BH-A0BZ-01A-31R-A12P-07,BRCA_LumB,BRCA_LumB,True,0.9947849,0.05502172,0.00057752064,0.002969614,0.0014318051,0.9947849,0.00023619794,High
TCGA-A8-A07F-01A-11R-A00Z-07,BRCA_LumA,BRCA_LumA,True,0.9884416,0.09651409,0.00023778054,0.00043499927,0.9884416,0.010721872,0.00016373959,High
TCGA-B6-A0WT-01A-11R-A109-07,BRCA_LumA,BRCA_LumA,True,0.9995012,0.006753055,4.3031894e-05,4.1786134e-05,0.9995012,0.00038525218,2.8636214e-05,High
TCGA-C8-A12Y-01A-11R-A12D-07,BRCA_LumA,BRCA_LumA,True,0.98335165,0.12678209,0.00022609073,0.00019798393,0.98335165,0.016059825,0.00016451509,High
TCGA-AN-A0FF-01A-11R-A034-07,BRCA_LumB,BRCA_LumA,False,0.5932625,0.98264146,0.00022855612,0.0002242539,0.5932625,0.4060982,0.00018655078,Borderline
TCGA-BH-A1F5-01A-12R-A13Q-07,BRCA_LumA,BRCA_LumA,True,0.9899738,0.084922686,0.00017182773,0.00018497401,0.9899738,0.0094744265,0.0001950003,High
TCGA-D8-A1Y2-01A-11R-A157-07,BRCA_LumB,BRCA_LumB,True,0.9838808,0.13724907,0.0013758113,0.0013969482,0.012449475,0.9838808,0.00089691795,High
TCGA-BH-A0B6-01A-11R-A19W-07,BRCA_LumA,BRCA_LumA,True,0.9966061,0.038653903,0.0003464704,0.0008027483,0.9966061,0.00053455215,0.0017100677,High
TCGA-A8-A093-01A-11R-A00Z-07,BRCA_LumA,BRCA_LumA,True,0.999532,0.006243177,2.4432058e-05,2.9987328e-05,0.999532,0.00039849832,1.5176749e-05,High
TCGA-E2-A1B1-01A-21R-A12P-07,BRCA_LumA,BRCA_Normal,False,0.6975241,0.9525923,0.0039036854,0.0022672722,0.29406875,0.0022362508,0.6975241,Borderline
TCGA-AR-A255-01A-11R-A169-07,BRCA_LumA,BRCA_LumA,True,0.9934249,0.06593566,0.00075291004,0.0005231989,0.9934249,0.004627757,0.0006712915,High
TCGA-B6-A0WX-01A-11R-A109-07,BRCA_Basal,BRCA_Basal,True,0.9933728,0.06099025,0.9933728,0.00026551497,0.00019206338,8.4968146e-05,0.006084644,High
TCGA-EW-A1J2-01A-21R-A13Q-07,BRCA_LumA,BRCA_LumA,True,0.9998766,0.0019622324,1.735521e-05,8.911045e-06,0.9998766,1.7368058e-05,7.974311e-05,High
TCGA-A1-A0SP-01A-11R-A084-07,BRCA_Basal,BRCA_Basal,True,0.9990107,0.012803102,0.9990107,0.00054444757,4.5357698e-05,9.0805974e-05,0.00030865538,High
TCGA-BH-A1F8-01A-11R-A13Q-07,BRCA_LumB,BRCA_LumB,True,0.99629456,0.040756945,0.00026464224,0.0014140422,0.0018803179,0.99629456,0.00014641075,High
TCGA-AC-A3HN-01A-11R-A213-07,BRCA_LumA,BRCA_LumA,True,0.9998109,0.0028494122,1.9117842e-05,1.3277305e-05,0.9998109,1.790983e-05,0.00013886334,High
TCGA-B6-A0RT-01A-21R-A084-07,BRCA_Basal,BRCA_Basal,True,0.9988864,0.0139205195,0.9988864,0.00011589316,4.4698525e-05,0.00014671298,0.00080624025,High
TCGA-A8-A08P-01A-11R-A00Z-07,BRCA_LumB,BRCA_LumB,True,0.99927396,0.009896066,0.00012307982,0.00035892485,0.00017172482,0.99927396,7.233757e-05,High
TCGA-BH-A0HN-01A-11R-A10U-07,BRCA_LumA,BRCA_LumA,True,0.9967378,0.035410315,0.00016591292,0.0005252661,0.9967378,0.002430604,0.00014041971,High
TCGA-BH-A0H0-01A-11R-A056-07,BRCA_LumB,BRCA_LumB,True,0.99779665,0.025491128,0.00022656734,0.0003144298,0.0015569257,0.99779665,0.00010541384,High
TCGA-BH-A18T-01A-11R-A12D-07,BRCA_Basal,BRCA_Basal,True,0.99853504,0.018069588,0.99853504,0.0006089017,3.9015504e-05,0.00069321546,0.0001238414,High
TCGA-BH-A0H9-01A-11R-A056-07,BRCA_LumA,BRCA_LumA,True,0.996223,0.039411753,0.00025709337,0.00018867849,0.996223,0.0031141408,0.00021704979,High
TCGA-E2-A14S-01A-11R-A12D-07,BRCA_LumB,BRCA_LumB,True,0.9981932,0.020184733,7.6106e-05,4.6769826e-05,0.0016286945,0.9981932,5.5243767e-05,High
TCGA-A7-A26G-01A-21R-A169-07,BRCA_Basal,BRCA_Basal,True,0.99628866,0.04159279,0.99628866,0.0005581069,0.0008450075,0.00033237596,0.0019758681,High
TCGA-W8-A86G-01A-21R-A36F-07,BRCA_LumA,BRCA_LumA,True,0.999673,0.004625622,3.3140786e-05,1.7792148e-05,0.999673,2.3539185e-05,0.00025253897,High
TCGA-B6-A0IH-01A-11R-A115-07,BRCA_LumA,BRCA_LumA,True,0.99647033,0.036212236,0.00020309465,0.00012946852,0.99647033,6.6142005e-05,0.0031310313,High
TCGA-E2-A574-01A-11R-A29R-07,BRCA_Basal,BRCA_Basal,True,0.9986853,0.016741123,0.9986853,0.00033990495,7.271634e-05,0.00027977023,0.0006222568,High
TCGA-A1-A0SG-01A-11R-A144-07,BRCA_LumA,BRCA_LumA,True,0.9995796,0.0061236094,6.734709e-05,0.00015115815,0.9995796,0.00013233339,6.9548165e-05,High
TCGA-AO-A0J9-01A-11R-A034-07,BRCA_LumA,BRCA_LumA,True,0.9978763,0.024693748,0.00022585147,0.00013592045,0.9978763,0.00024769426,0.0015142792,High
TCGA-A2-A3KD-01A-12R-A213-07,BRCA_LumA,BRCA_LumA,True,0.9995939,0.0059378417,9.329678e-05,5.2302268e-05,0.9995939,0.00014730523,0.00011321924,High
TCGA-C8-A1HK-01A-21R-A13Q-07,BRCA_Her2,BRCA_Her2,True,0.9987901,0.0151812015,0.00032674285,0.9987901,6.308872e-05,0.00074386364,7.618492e-05,High
TCGA-EW-A1P8-01A-11R-A144-07,BRCA_Basal,BRCA_Basal,True,0.99873906,0.015016236,0.99873906,0.0010668669,2.3058547e-05,8.542169e-05,8.55492e-05,High
TCGA-AO-A03M-01B-11R-A10J-07,BRCA_LumA,BRCA_LumA,True,0.97635114,0.2018219,0.0042578494,0.00531878,0.97635114,0.0122455675,0.0018266717,High
TCGA-EW-A424-01A-11R-A24H-07,BRCA_LumA,BRCA_LumA,True,0.9998178,0.002861593,4.722331e-05,2.6074986e-05,0.9998178,2.7981474e-05,8.0912665e-05,High
TCGA-BH-A0BL-01A-11R-A115-07,BRCA_Basal,BRCA_Basal,True,0.99690115,0.033102844,0.99690115,0.00030631077,0.00012921126,0.000100300516,0.0025629934,High
TCGA-BH-A0GZ-01A-11R-A056-07,BRCA_LumA,BRCA_LumA,True,0.9976005,0.02569332,7.0036156e-05,7.314941e-05,0.9976005,0.0021908176,6.5454245e-05,High
TCGA-C8-A12Q-01A-11R-A115-07,BRCA_Her2,BRCA_Her2,True,0.99775416,0.027425664,0.0004851067,0.99775416,0.00074985257,0.000461915,0.0005489974,High
TCGA-D8-A27I-01A-11R-A16F-07,BRCA_LumA,BRCA_LumA,True,0.99764293,0.024700882,4.0237665e-05,1.74235e-05,0.99764293,3.956744e-05,0.0022598016,High
TCGA-EW-A6S9-01A-22R-A33J-07,BRCA_LumA,BRCA_LumA,True,0.9867627,0.12439525,0.0028141702,0.006752366,0.9867627,0.002599373,0.0010713736,High
TCGA-AR-A24H-01A-11R-A169-07,BRCA_LumB,BRCA_LumB,True,0.9986143,0.017134905,0.00015196466,0.00089384045,0.00027405735,0.9986143,6.580444e-05,High
TCGA-XX-A89A-01A-11R-A36F-07,BRCA_LumA,BRCA_LumA,True,0.98494095,0.12620586,0.0013129978,0.0005671339,0.98494095,0.0006296096,0.012549329,High
TCGA-E9-A5UO-01A-11R-A28M-07,BRCA_LumB,BRCA_LumB,True,0.9927873,0.06585671,0.0001933972,0.00022748414,0.006564765,0.9927873,0.00022705692,High
TCGA-BH-A18G-01A-11R-A12D-07,BRCA_Basal,BRCA_Basal,True,0.9985483,0.017678943,0.9985483,0.0010160365,5.839408e-05,0.00016639844,0.00021075858,High
TCGA-E2-A1LB-01A-11R-A144-07,BRCA_Her2,BRCA_Her2,True,0.9971288,0.03352922,0.00071996555,0.9971288,0.0013583399,0.00047251268,0.00032046688,High
TCGA-B6-A0IC-01A-11R-A034-07,BRCA_LumA,BRCA_LumA,True,0.9832413,0.13148245,0.00050216913,0.00043929068,0.9832413,0.0154565815,0.00036063354,High
TCGA-E2-A15S-01A-11R-A115-07,BRCA_LumB,BRCA_LumB,True,0.9973617,0.030990437,0.0007441715,0.00032559948,0.0012844066,0.9973617,0.00028413947,High
TCGA-GM-A3XG-01A-31R-A24H-07,BRCA_LumA,BRCA_Normal,False,0.9489628,0.29491064,0.0002482746,9.753526e-05,0.050613746,7.766902e-05,0.9489628,High
TCGA-AR-A24S-01A-11R-A169-07,BRCA_LumB,BRCA_LumB,True,0.9952325,0.049314678,0.00053578865,0.00038299162,0.0035783227,0.9952325,0.0002703883,High
TCGA-Z7-A8R5-01A-42R-A41B-07,BRCA_LumA,BRCA_LumA,True,0.80791616,0.7676482,0.0037912172,0.0034005456,0.80791616,0.0011934527,0.1836986,Borderline
TCGA-C8-A12X-01A-11R-A115-07,BRCA_LumA,BRCA_LumA,True,0.98956305,0.09126537,0.00021455904,0.00096892356,0.98956305,0.009041526,0.00021199182,High
TCGA-A8-A07U-01A-11R-A034-07,BRCA_Basal,BRCA_Basal,True,0.99673575,0.036545634,0.99673575,0.0019332216,8.530314e-05,0.0006477121,0.0005979444,High
TCGA-A2-A0EV-01A-11R-A034-07,BRCA_LumA,BRCA_LumA,True,0.99984396,0.0024479527,2.0191497e-05,2.6202455e-05,0.99984396,9.344997e-05,1.6232494e-05,High
TCGA-C8-A12T-01A-11R-A115-07,BRCA_Her2,BRCA_Her2,True,0.9935195,0.0675501,0.0014392112,0.9935195,0.001377614,0.0032362603,0.00042737563,High
TCGA-A2-A0ER-01A-21R-A034-07,BRCA_LumA,BRCA_LumA,True,0.98845696,0.097545646,0.00036669945,0.00037804217,0.98845696,0.010501668,0.00029659717,High
TCGA-A2-A0YI-01A-31R-A10J-07,BRCA_LumA,BRCA_LumA,True,0.99976987,0.0034533706,2.1514126e-05,1.9172197e-05,0.99976987,0.00014717487,4.224306e-05,High
TCGA-D8-A1XA-01A-11R-A14D-07,BRCA_LumA,BRCA_LumA,True,0.9972516,0.02875554,6.541899e-05,4.951336e-05,0.9972516,0.00253375,9.976985e-05,High
TCGA-A2-A0D2-01A-21R-A034-07,BRCA_Basal,BRCA_Basal,True,0.99940395,0.008239076,0.99940395,8.7111046e-05,2.8032275e-05,0.00025340234,0.00022752497,High
TCGA-E2-A14N-01A-31R-A137-07,BRCA_Basal,BRCA_Basal,True,0.99823403,0.021662395,0.99823403,0.0005772849,5.55639e-05,0.00037044068,0.0007626282,High
TCGA-A2-A04Y-01A-21R-A034-07,BRCA_LumB,BRCA_LumB,True,0.9940749,0.06066525,0.00058454106,0.0007982494,0.00403323,0.9940749,0.00050914806,High
TCGA-D8-A1JA-01A-11R-A13Q-07,BRCA_Her2,BRCA_Her2,True,0.9960574,0.0438573,0.0006733281,0.9960574,0.00085499475,0.0020869318,0.00032730956,High
TCGA-E9-A24A-01A-11R-A169-07,BRCA_LumA,BRCA_LumA,True,0.99892247,0.012892629,4.838772e-05,3.9489667e-05,0.99892247,0.00096050353,2.918129e-05,High
TCGA-PL-A8LY-01A-11R-A41B-07,BRCA_Normal,BRCA_Normal,True,0.9979651,0.022977697,0.00021689647,8.9400455e-05,0.0016759381,5.272354e-05,0.9979651,High
TCGA-BH-A18I-01A-11R-A12D-07,BRCA_LumA,BRCA_LumA,True,0.9995339,0.0066868495,7.6217955e-05,5.6805475e-05,0.9995339,0.00020160619,0.00013153769,High
TCGA-AR-A5QM-01A-11R-A27Q-07,BRCA_LumA,BRCA_LumA,True,0.99991417,0.0014398153,1.3789821e-05,9.450754e-06,0.99991417,3.724097e-05,2.5396741e-05,High
TCGA-D8-A1XO-01A-11R-A14M-07,BRCA_LumA,BRCA_LumA,True,0.99963367,0.0053008217,4.3353186e-05,7.3735144e-05,0.99963367,0.00021292127,3.6254565e-05,High
TCGA-A1-A0SO-01A-22R-A084-07,BRCA_Basal,BRCA_Basal,True,0.98378813,0.1400244,0.98378813,0.010383909,0.00024514183,0.00463221,0.0009505598,High
TCGA-D8-A27E-01A-11R-A16F-07,BRCA_LumA,BRCA_LumA,True,0.99740237,0.028094731,0.000117431395,6.623741e-05,0.99740237,0.0022374387,0.00017654164,High
TCGA-BH-A18N-01A-11R-A12D-07,BRCA_LumA,BRCA_LumA,True,0.9927833,0.0653459,0.00037103542,8.294523e-05,0.9927833,0.0066421437,0.000120521974,High
TCGA-A8-A06O-01A-11R-A00Z-07,BRCA_LumB,BRCA_LumB,True,0.99884474,0.014420738,0.00011125312,0.00014383801,0.0008311034,0.99884474,6.898239e-05,High
TCGA-A2-A4S2-01A-12R-A266-07,BRCA_LumA,BRCA_LumA,True,0.99993813,0.0010741317,1.1751508e-05,1.1528446e-05,0.99993813,1.7276447e-05,2.1259353e-05,High
TCGA-B6-A0RU-01A-11R-A084-07,BRCA_Basal,BRCA_Basal,True,0.9899545,0.08533752,0.9899545,0.0003800098,9.7999924e-05,0.00015096269,0.009416583,High
TCGA-A7-A26J-01A-11R-A169-07,BRCA_LumA,BRCA_LumA,True,0.9943159,0.05449421,0.00025029993,0.00018899216,0.9943159,0.005038174,0.00020660825,High
TCGA-AC-A3TM-01A-11R-A22K-07,BRCA_LumA,BRCA_LumA,True,0.9985903,0.017922167,0.00019595333,0.00020527253,0.9985903,0.0006746542,0.000333812,High
TCGA-A7-A0DC-01B-04R-A22O-07,BRCA_LumA,BRCA_LumA,True,0.9955332,0.047929455,0.0007520446,0.00023752765,0.9955332,0.0028187935,0.00065844535,High
TCGA-A7-A0DC-01A-11R-A00Z-07,BRCA_LumA,BRCA_LumA,True,0.9856052,0.11461731,0.0003861331,0.00015543468,0.9856052,0.0135453325,0.00030795916,High
TCGA-A8-A08F-01A-11R-A00Z-07,BRCA_LumB,BRCA_LumB,True,0.99815744,0.021600178,0.00013199875,0.0013522808,0.00028880188,0.99815744,6.949334e-05,High
TCGA-A7-A0CD-01A-11R-A00Z-07,BRCA_LumA,BRCA_LumA,True,0.99722844,0.028072432,2.4992363e-05,1.533849e-05,0.99722844,0.002708041,2.314846e-05,High
TCGA-A8-A09K-01A-11R-A00Z-07,BRCA_LumA,BRCA_LumA,True,0.9767904,0.16770878,0.00036831739,0.00050341676,0.9767904,0.0220223,0.0003154718,High
TCGA-AR-A2LR-01A-12R-A18M-07,BRCA_Basal,BRCA_Basal,True,0.9991441,0.011083574,0.9991441,8.535803e-05,6.11871e-05,0.00010086335,0.00060848834,High
TCGA-GI-A2C8-01A-11R-A16F-07,BRCA_LumA,BRCA_LumA,True,0.9993524,0.00888211,6.161988e-05,0.00033057272,0.9993524,0.00018580125,6.9594455e-05,High
TCGA-B6-A1KC-01B-11R-A157-07,BRCA_LumB,BRCA_LumB,True,0.9568668,0.2698225,0.00049082085,0.00082846836,0.04136562,0.9568668,0.00044835187,High
TCGA-C8-A1HI-01A-11R-A137-07,BRCA_LumA,BRCA_LumA,True,0.99722326,0.031610403,0.00017354883,0.00010326512,0.99722326,0.0014234891,0.001076485,High
TCGA-BH-A0C0-01A-21R-A056-07,BRCA_LumB,BRCA_LumB,True,0.9892964,0.089972645,0.00021977212,0.010024591,0.00038874822,0.9892964,7.05052e-05,High
TCGA-A8-A07G-01A-11R-A034-07,BRCA_LumA,BRCA_LumA,True,0.9997055,0.0044315998,4.1016483e-05,7.695066e-05,0.9997055,0.00012233015,5.4155957e-05,High
TCGA-E9-A1R2-01A-11R-A14D-07,BRCA_LumA,BRCA_LumA,True,0.9985404,0.017329514,0.00010756015,7.362915e-05,0.9985404,0.0011774171,0.000100951904,High
TCGA-D8-A143-01A-11R-A115-07,BRCA_Basal,BRCA_Basal,True,0.98870087,0.10209305,0.98870087,0.008638323,0.00047401775,0.0013340347,0.0008526955,High
TCGA-BH-A18L-01A-32R-A12D-07,BRCA_LumB,BRCA_LumB,True,0.9997851,0.0033068515,3.1850475e-05,9.084266e-05,7.425797e-05,0.9997851,1.79373e-05,High
TCGA-E2-A1LI-01A-12R-A157-07,BRCA_Basal,BRCA_Basal,True,0.9995869,0.0059792465,0.9995869,0.000162813,3.4294077e-05,0.00014744813,6.862601e-05,High
TCGA-D8-A1XR-01A-11R-A14M-07,BRCA_LumB,BRCA_LumB,True,0.99460995,0.050888713,0.000110935165,0.00017750429,0.005017819,0.99460995,8.3780105e-05,High
TCGA-D8-A27R-01A-11R-A16F-07,BRCA_LumB,BRCA_LumB,True,0.9982168,0.021966517,0.0002852387,0.00036726773,0.00092245283,0.9982168,0.00020819092,High
TCGA-A2-A0SV-01A-11R-A084-07,BRCA_LumB,BRCA_LumB,True,0.9679321,0.22527957,0.0010151941,0.028542032,0.002130001,0.9679321,0.00038065296,High
TCGA-E9-A22G-01A-11R-A157-07,BRCA_Basal,BRCA_Basal,True,0.999483,0.0073074875,0.999483,0.00016668098,2.2652264e-05,0.00016459462,0.0001630501,High
TCGA-OL-A6VQ-01A-12R-A41B-07,BRCA_LumA,BRCA_LumA,True,0.9998099,0.0027777045,1.2422043e-05,6.316781e-06,0.9998099,8.2681745e-06,0.0001631218,High
TCGA-A2-A4RW-01A-21R-A266-07,BRCA_LumA,BRCA_LumA,True,0.9995598,0.006286745,6.249825e-05,6.810674e-05,0.9995598,6.430751e-05,0.00024519514,High
TCGA-B6-A0WV-01A-11R-A109-07,BRCA_LumB,BRCA_LumB,True,0.9974221,0.02935116,0.00026398056,0.00031836485,0.0018063468,0.9974221,0.00018916951,High
TCGA-LL-A9Q3-01A-11R-A41B-07,BRCA_LumA,BRCA_LumA,True,0.99935776,0.008802782,6.180625e-05,0.0001792446,0.99935776,0.00033698743,6.421938e-05,High
TCGA-AR-A2LM-01A-11R-A180-07,BRCA_LumA,BRCA_LumA,True,0.99990654,0.0015357544,1.9194633e-05,1.0441814e-05,0.99990654,9.1694765e-06,5.4659617e-05,High
TCGA-A2-A0CO-01A-13R-A22K-07,BRCA_LumA,BRCA_LumA,True,0.9986765,0.015269122,4.1969786e-05,2.2575823e-05,0.9986765,4.3695523e-05,0.0012152876,High
TCGA-BH-A0DI-01A-21R-A12P-07,BRCA_LumA,BRCA_LumA,True,0.97689396,0.16286118,0.00021807585,0.00021063832,0.97689396,8.555502e-05,0.022591816,High
TCGA-PE-A5DC-01A-12R-A27Q-07,BRCA_LumA,BRCA_LumA,True,0.9868607,0.12069366,0.0011890054,0.00067074527,0.9868607,0.007615693,0.003663813,High
TCGA-OL-A66K-01A-11R-A29R-07,BRCA_LumA,BRCA_LumA,True,0.99987507,0.002034819,2.1099906e-05,1.7851364e-05,0.99987507,3.75108e-05,4.8399004e-05,High
TCGA-AO-A128-01A-11R-A10J-07,BRCA_Basal,BRCA_Basal,True,0.99350893,0.06656926,0.99350893,0.0037260596,0.00026973218,0.0015356635,0.0009596895,High
TCGA-B6-A0RM-01A-11R-A084-07,BRCA_LumA,BRCA_LumA,True,0.9981007,0.022046953,0.00013952651,0.00019809206,0.9981007,0.001464054,9.7608674e-05,High
TCGA-GM-A2DF-01A-11R-A180-07,BRCA_Basal,BRCA_Basal,True,0.99899775,0.012850027,0.99899775,0.0006178811,3.287164e-05,9.444952e-05,0.00025706113,High
TCGA-E2-A15L-01A-11R-A12D-07,BRCA_LumA,BRCA_LumA,True,0.9817691,0.14138743,0.00026298268,0.00123969,0.9817691,0.016537383,0.00019093297,High
TCGA-A8-A08S-01A-11R-A034-07,BRCA_LumB,BRCA_LumB,True,0.99457896,0.054213315,0.00019281443,0.0009546823,0.0041471273,0.99457896,0.00012642873,High
TCGA-A2-A3XT-01A-11R-A22U-07,BRCA_Basal,BRCA_Basal,True,0.99916077,0.011285942,0.99916077,0.00032152046,5.904827e-05,0.00029749426,0.00016116617,High
TCGA-A8-A09C-01A-11R-A00Z-07,BRCA_LumB,BRCA_LumB,True,0.99575424,0.040873297,6.695386e-05,6.510727e-05,0.004073784,0.99575424,3.9946128e-05,High
TCGA-A7-A26F-01B-04R-A22O-07,BRCA_Basal,BRCA_Basal,True,0.9865367,0.12453557,0.9865367,0.0069167223,0.0011177991,0.0010267132,0.004402131,High
TCGA-BH-A1FB-01A-11R-A13Q-07,BRCA_LumA,BRCA_LumA,True,0.9889149,0.09202999,0.00031780644,0.00014710904,0.9889149,0.000116246934,0.010503928,High
TCGA-D8-A27G-01A-11R-A16F-07,BRCA_LumA,BRCA_LumA,True,0.9983516,0.019754495,6.859056e-05,0.00047319164,0.9983516,0.0010469181,5.979632e-05,High
TCGA-D8-A1Y3-01A-11R-A157-07,BRCA_LumB,BRCA_LumB,True,0.99509996,0.05200411,0.0014877702,0.002772082,0.00029645194,0.99509996,0.00034375943,High
TCGA-A2-A1G0-01A-11R-A13Q-07,BRCA_LumA,BRCA_LumA,True,0.9998085,0.0029389733,2.255647e-05,8.081972e-06,0.9998085,5.591732e-05,0.00010500659,High
TCGA-A2-A0CQ-01A-21R-A034-07,BRCA_LumA,BRCA_LumA,True,0.9973494,0.027581332,5.8174148e-05,5.080184e-05,0.9973494,0.0024994728,4.2208925e-05,High
TCGA-BH-A0W7-01A-11R-A115-07,BRCA_LumA,BRCA_LumA,True,0.9996214,0.0055700513,6.8545174e-05,0.00013871393,0.9996214,0.00011638753,5.490359e-05,High
TCGA-C8-A278-01A-11R-A169-07,BRCA_Her2,BRCA_Her2,True,0.99865556,0.016237417,0.00018042093,0.99865556,7.380426e-05,0.0010354962,5.473308e-05,High
TCGA-A2-A0EQ-01A-11R-A034-07,BRCA_Her2,BRCA_Her2,True,0.99660313,0.036661256,0.0004933691,0.99660313,0.00010585328,0.0025454066,0.00025227512,High
TCGA-E2-A1IN-01A-11R-A13Q-07,BRCA_LumA,BRCA_LumA,True,0.9996573,0.004992915,4.089163e-05,7.746485e-05,0.9996573,0.00019516848,2.917442e-05,High
TCGA-A7-A6VX-01A-12R-A33J-07,BRCA_LumB,BRCA_LumB,True,0.9890582,0.09664634,0.00019734139,0.0019259277,0.008691817,0.9890582,0.00012676608,High
TCGA-A2-A1FW-01A-11R-A13Q-07,BRCA_LumB,BRCA_LumB,True,0.9933211,0.066462,0.00041192494,0.0010391035,0.0047507775,0.9933211,0.00047706973,High
TCGA-LD-A9QF-01A-32R-A41B-07,BRCA_Normal,BRCA_Normal,True,0.99790823,0.024996907,0.00032824348,0.0011546152,0.00049999816,0.000108888555,0.99790823,High
TCGA-D8-A27K-01A-11R-A16F-07,BRCA_LumA,BRCA_LumA,True,0.9998217,0.0028249617,3.2400385e-05,3.2837033e-05,0.9998217,5.5644312e-05,5.7428722e-05,High
TCGA-BH-A0BQ-01A-21R-A115-07,BRCA_LumA,BRCA_LumA,True,0.9996525,0.0049419394,3.4019115e-05,2.598623e-05,0.9996525,3.6696052e-05,0.0002507409,High
TCGA-BH-A209-01A-11R-A157-07,BRCA_LumB,BRCA_LumB,True,0.99788374,0.025262542,0.00065815746,0.0011031296,0.00015764897,0.99788374,0.0001972592,High
TCGA-A8-A09B-01A-11R-A00Z-07,BRCA_LumA,BRCA_LumA,True,0.99992526,0.0012484594,1.0804795e-05,9.785964e-06,0.99992526,4.660837e-05,7.5764797e-06,High
TCGA-AO-A1KS-01A-11R-A13Q-07,BRCA_LumB,BRCA_LumB,True,0.9412807,0.40594316,0.0052696196,0.011530985,0.038289107,0.9412807,0.0036295832,Borderline
TCGA-E2-A1IJ-01A-11R-A144-07,BRCA_LumA,BRCA_LumA,True,0.9995592,0.0060145813,3.176415e-05,3.9825292e-05,0.9995592,2.0147821e-05,0.00034897326,High
TCGA-D8-A1XC-01A-11R-A14D-07,BRCA_LumA,BRCA_LumA,True,0.9935561,0.06003492,0.00020104482,0.00017603232,0.9935561,0.005834315,0.0002324888,High
TCGA-C8-A131-01A-11R-A115-07,BRCA_Basal,BRCA_Basal,True,0.95956486,0.26721376,0.95956486,0.036710143,0.00041860074,0.0021272385,0.0011791749,High
TCGA-A8-A0A9-01A-11R-A00Z-07,BRCA_LumA,BRCA_LumA,True,0.9949346,0.047762427,0.00010449779,8.553893e-05,0.9949346,0.004811347,6.396295e-05,High
TCGA-B6-A0RO-01A-22R-A084-07,BRCA_LumA,BRCA_LumA,True,0.9996126,0.0055242362,4.5592125e-05,2.9942936e-05,0.9996126,0.0002493697,6.252957e-05,High
TCGA-A7-A0CE-01A-11R-A00Z-07,BRCA_Basal,BRCA_Basal,True,0.99917054,0.01112973,0.99917054,0.00017048589,5.0903625e-05,0.00022304384,0.00038508396,High
TCGA-LL-A6FP-01A-11R-A31O-07,BRCA_LumA,BRCA_LumA,True,0.9947866,0.052954827,0.00014731268,0.0012332882,0.9947866,0.0036872101,0.00014559922,High
TCGA-A8-A06U-01A-11R-A00Z-07,BRCA_LumA,BRCA_LumA,True,0.97226363,0.21121138,0.0013052354,0.0036003836,0.97226363,0.021917759,0.00091297046,High
TCGA-A8-A09I-01A-22R-A034-07,BRCA_LumB,BRCA_LumB,True,0.99884546,0.014715201,0.0001282017,0.00066852674,0.00029234265,0.99884546,6.5478955e-05,High
TCGA-C8-A1HO-01A-11R-A13Q-07,BRCA_LumA,BRCA_LumA,True,0.96544033,0.22432359,0.0003287078,0.00021219732,0.96544033,0.033637658,0.00038108215,High
TCGA-PL-A8LV-01A-21R-A41B-07,BRCA_Basal,BRCA_Basal,True,0.9981887,0.020423641,0.9981887,0.0015852602,3.4686425e-05,9.007688e-05,0.000101272104,High
TCGA-GM-A2DO-01A-11R-A18M-07,BRCA_LumB,BRCA_LumB,True,0.6050336,1.0330901,0.0026942282,0.0016035035,0.38745585,0.6050336,0.0032128463,Low
TCGA-AR-A0U0-01A-11R-A109-07,BRCA_Basal,BRCA_Basal,True,0.99691135,0.032671914,0.99691135,0.0025898174,2.9257108e-05,0.00037697094,9.259592e-05,High
TCGA-BH-A0BD-01A-11R-A034-07,BRCA_LumB,BRCA_LumB,True,0.99282783,0.072588116,0.00081613596,0.0010991221,0.0044308566,0.99282783,0.0008260903,High
TCGA-BH-A0B1-01A-12R-A056-07,BRCA_LumA,BRCA_LumA,True,0.9919892,0.072422706,0.00029472364,0.0001797686,0.9919892,0.0071794074,0.00035692932,High
TCGA-A2-A0YM-01A-11R-A109-07,BRCA_Basal,BRCA_Basal,True,0.9993661,0.008782482,0.9993661,0.00025221863,3.7116377e-05,0.00015896659,0.00018565536,High
TCGA-E2-A1IG-01A-11R-A144-07,BRCA_LumA,BRCA_LumA,True,0.99885666,0.014653089,0.00014210078,8.598734e-05,0.99885666,0.00026067556,0.00065458374,High
TCGA-AR-A2LE-01A-11R-A180-07,BRCA_LumA,BRCA_LumA,True,0.9995678,0.0059901364,3.8320944e-05,2.8503302e-05,0.9995678,0.00031809727,4.7209975e-05,High
TCGA-BH-A0HA-01A-11R-A12P-07,BRCA_LumA,BRCA_LumA,True,0.9998429,0.002508252,2.4242945e-05,2.4756107e-05,0.9998429,4.9173334e-05,5.8876576e-05,High
TCGA-AQ-A7U7-01A-22R-A352-07,BRCA_LumA,BRCA_LumA,True,0.9994523,0.0076506,7.114196e-05,3.6551588e-05,0.9994523,0.0001946005,0.00024537765,High
TCGA-AC-A2FG-01A-11R-A17B-07,BRCA_LumA,BRCA_LumA,True,0.9994066,0.007709058,3.457653e-05,1.4670253e-05,0.9994066,3.950097e-05,0.0005046766,High
TCGA-A2-A0CR-01A-11R-A22K-07,BRCA_LumA,BRCA_LumA,True,0.98642725,0.107595906,0.00025923198,0.0001378384,0.98642725,0.00012164126,0.013054056,High
TCGA-BH-A0B0-01A-21R-A115-07,BRCA_LumA,BRCA_LumA,True,0.9993814,0.008572662,8.211957e-05,0.00014023321,0.9993814,8.273666e-05,0.00031351243,High
TCGA-AO-A03O-01A-11R-A00Z-07,BRCA_LumB,BRCA_LumB,True,0.9978058,0.024636641,0.00014171917,0.0017933588,0.00019231923,0.9978058,6.689048e-05,High
TCGA-BH-A0BM-01A-11R-A056-07,BRCA_LumA,BRCA_LumA,True,0.9984705,0.017562792,7.262454e-05,4.771244e-05,0.9984705,5.347751e-05,0.0013557135,High
TCGA-AC-A2FF-01A-11R-A17B-07,BRCA_LumA,BRCA_LumA,True,0.98576444,0.11264561,0.000324087,0.0001852805,0.98576444,0.00016336062,0.01356277,High
TCGA-D8-A1JG-01B-11R-A13Q-07,BRCA_Her2,BRCA_Her2,True,0.9991805,0.010823976,0.00036603597,0.9991805,1.8066292e-05,0.000346579,8.880108e-05,High
TCGA-A8-A0A2-01A-11R-A034-07,BRCA_LumA,BRCA_LumA,True,0.9997638,0.003536264,2.7491587e-05,3.1375723e-05,0.9997638,0.0001539014,2.342795e-05,High
TCGA-A7-A6VV-01A-22R-A33J-07,BRCA_Basal,BRCA_Basal,True,0.9992803,0.009522822,0.9992803,0.00047190746,3.3021657e-05,4.6042147e-05,0.00016882653,High
TCGA-A8-A095-01A-11R-A00Z-07,BRCA_LumB,BRCA_LumB,True,0.98908174,0.09284487,0.00031696647,0.00045172457,0.009977094,0.98908174,0.00017247423,High
TCGA-A2-A25B-01A-11R-A169-07,BRCA_LumB,BRCA_LumB,True,0.9995852,0.006029745,0.00010090335,0.000114951516,0.00016035535,0.9995852,3.8617345e-05,High
TCGA-BH-A1FE-01A-11R-A13Q-07,BRCA_LumA,BRCA_LumA,True,0.932326,0.46339488,0.005102103,0.017014854,0.932326,0.006636259,0.038920805,Borderline
TCGA-A2-A3XX-01A-21R-A239-07,BRCA_Basal,BRCA_Basal,True,0.99948347,0.0072577964,0.99948347,0.00026239574,3.1428313e-05,0.00012664113,9.602959e-05,High
TCGA-E2-A15T-01A-11R-A115-07,BRCA_LumB,BRCA_LumB,True,0.9964814,0.036680408,0.00016989397,0.00019765379,0.0030012648,0.9964814,0.00014971459,High
TCGA-BH-A1EN-01A-11R-A13Q-07,BRCA_Her2,BRCA_Her2,True,0.99718565,0.033031408,0.0004568325,0.99718565,0.00079982926,0.0012325576,0.00032516968,High
TCGA-A2-A0ET-01A-31R-A034-07,BRCA_LumA,BRCA_LumA,True,0.9853858,0.11273493,0.00013455478,9.5585216e-05,0.9853858,0.014295438,8.857665e-05,High
TCGA-E2-A14V-01A-11R-A12D-07,BRCA_Her2,BRCA_Her2,True,0.9928617,0.070465915,0.00067178806,0.9928617,0.0011763197,0.0049884836,0.00030174182,High
TCGA-E9-A1RI-01A-11R-A169-07,BRCA_LumA,BRCA_LumA,True,0.99978095,0.003361852,3.8477556e-05,2.4523217e-05,0.99978095,0.00011328353,4.2798176e-05,High
TCGA-AR-A2LJ-01A-12R-A19W-07,BRCA_LumA,BRCA_LumA,True,0.999092,0.0116961235,8.473516e-05,6.664812e-05,0.999092,0.00011733376,0.0006393148,High
TCGA-A8-A083-01A-21R-A00Z-07,BRCA_LumA,BRCA_LumA,True,0.9987941,0.014626104,7.740394e-05,7.41785e-05,0.9987941,0.0009803621,7.392341e-05,High
TCGA-3C-AALK-01A-11R-A41B-07,BRCA_LumA,BRCA_LumA,True,0.9997125,0.004358222,4.7454352e-05,9.5932126e-05,0.9997125,7.734091e-05,6.668991e-05,High
TCGA-AC-A2FK-01A-12R-A180-07,BRCA_Normal,BRCA_Normal,True,0.99922144,0.0099949865,0.000102096994,3.7323574e-05,0.00060599943,3.3087425e-05,0.99922144,High
TCGA-B6-A0WY-01A-11R-A109-07,BRCA_LumA,BRCA_LumA,True,0.9898812,0.08657456,0.00027625254,0.00012959383,0.9898812,0.00034960115,0.009363265,High
TCGA-A2-A0CV-01A-31R-A115-07,BRCA_LumA,BRCA_LumA,True,0.9988225,0.013823044,4.837508e-05,2.3969635e-05,0.9988225,3.2184795e-05,0.0010729283,High
TCGA-A2-A0EY-01A-11R-A034-07,BRCA_LumB,BRCA_LumB,True,0.99075514,0.08553705,0.00016126678,0.0064124255,0.0025565973,0.99075514,0.000114531984,High
TCGA-AR-A1AL-01A-21R-A12P-07,BRCA_LumA,BRCA_LumA,True,0.99902534,0.0119939195,5.5575074e-05,2.2631466e-05,0.99902534,7.6837605e-05,0.0008196324,High
TCGA-AN-A0XP-01A-11R-A109-07,BRCA_LumA,BRCA_LumA,True,0.99762636,0.025574068,8.183772e-05,7.16725e-05,0.99762636,0.002142742,7.743867e-05,High
TCGA-A7-A4SF-01A-11R-A266-07,BRCA_Her2,BRCA_Her2,True,0.9906873,0.08445455,0.0008326097,0.9906873,0.0004286766,0.0077704927,0.00028094498,High
TCGA-EW-A1J5-01A-11R-A13Q-07,BRCA_LumA,BRCA_LumA,True,0.99888176,0.0141903525,0.00012519036,0.0001284319,0.99888176,0.00074678764,0.0001178437,High
TCGA-A8-A07R-01A-21R-A034-07,BRCA_Basal,BRCA_Basal,True,0.99946636,0.007516226,0.99946636,0.00015876465,3.190126e-05,0.0002252594,0.00011776635,High
TCGA-AN-A046-01A-21R-A034-07,BRCA_LumA,BRCA_LumA,True,0.9994485,0.007645983,6.1244915e-05,0.0001310559,0.9994485,0.00031515796,4.4040215e-05,High
TCGA-E2-A15I-01A-21R-A137-07,BRCA_LumA,BRCA_LumA,True,0.99974364,0.003913038,5.3739586e-05,3.5855206e-05,0.99974364,0.00010382144,6.287775e-05,High
TCGA-LL-A740-01A-21R-A32P-07,BRCA_LumA,BRCA_Her2,False,0.59852743,1.4841552,0.049890213,0.59852743,0.05438047,0.012874367,0.2843275,Low
TCGA-EW-A3E8-01B-11R-A24H-07,BRCA_LumA,BRCA_LumA,True,0.9997726,0.0034496104,2.2729275e-05,1.755771e-05,0.9997726,6.737128e-05,0.00011974637,High
TCGA-AC-A2BK-01A-11R-A21T-07,BRCA_Basal,BRCA_Basal,True,0.99901414,0.013010701,0.99901414,0.00024683002,4.991725e-05,0.00029957946,0.0003894699,High
TCGA-E2-A1IF-01A-11R-A144-07,BRCA_LumA,BRCA_LumA,True,0.9988746,0.014745021,0.00017137207,0.00017471409,0.9988746,0.0003027819,0.00047648163,High
TCGA-C8-A26X-01A-31R-A16F-07,BRCA_Her2,BRCA_Her2,True,0.9990559,0.012536612,0.00032997734,0.9990559,9.719022e-05,0.00012945375,0.0003874835,High
TCGA-A7-A3RF-01A-11R-A22K-07,BRCA_LumA,BRCA_LumA,True,0.9974317,0.029703848,0.00024216298,0.0003758544,0.9974317,0.001627722,0.00032252682,High
TCGA-E2-A1B5-01A-21R-A12P-07,BRCA_LumA,BRCA_LumA,True,0.9903162,0.092104614,0.0005498939,0.00027678328,0.9903162,0.0035088116,0.0053483294,High
TCGA-AC-A6IX-01A-12R-A32P-07,BRCA_LumA,BRCA_LumA,True,0.9996176,0.0055015096,3.290848e-05,4.12393e-05,0.9996176,8.6639804e-05,0.00022158436,High
TCGA-BH-A0DT-01A-21R-A12D-07,BRCA_LumA,BRCA_LumA,True,0.99994445,0.000963683,1.2253671e-05,5.993278e-06,0.99994445,9.498098e-06,2.783113e-05,High
TCGA-E2-A1B0-01A-11R-A12P-07,BRCA_Her2,BRCA_Her2,True,0.9971179,0.031790555,0.0021706077,0.9971179,8.020322e-05,0.00031752346,0.00031385652,High
TCGA-AO-A12A-01A-21R-A115-07,BRCA_LumA,BRCA_LumA,True,0.9998524,0.0022859047,2.1409325e-05,9.789246e-06,0.9998524,1.235776e-05,0.00010404238,High
TCGA-E2-A10C-01A-21R-A10J-07,BRCA_LumB,BRCA_LumB,True,0.99798787,0.023524597,0.0001228853,0.00046756593,0.0013499215,0.99798787,7.170059e-05,High
TCGA-B6-A0RG-01A-11R-A056-07,BRCA_LumA,BRCA_LumA,True,0.9856856,0.117437735,0.00045380462,0.0007180468,0.9856856,0.012805704,0.00033684875,High
TCGA-BH-A1EW-01A-11R-A137-07,BRCA_LumA,BRCA_LumA,True,0.98696125,0.11653106,0.00097605406,0.0005256837,0.98696125,0.00934888,0.002188165,High
TCGA-AN-A04C-01A-21R-A034-07,BRCA_Her2,BRCA_Her2,True,0.9988938,0.014098954,0.00023290071,0.9988938,6.2716186e-05,0.000689495,0.000121171055,High
TCGA-A7-A0CG-01A-12R-A056-07,BRCA_LumA,BRCA_LumA,True,0.9981528,0.022739874,0.00013939521,0.00056344207,0.9981528,0.0003602008,0.00078419497,High
TCGA-4H-AAAK-01A-12R-A41B-07,BRCA_LumA,BRCA_LumA,True,0.9995321,0.006678881,8.0743564e-05,9.2368624e-05,0.9995321,5.7792116e-05,0.00023704303,High
TCGA-AN-A0FS-01A-11R-A034-07,BRCA_LumA,BRCA_LumA,True,0.99949193,0.0068746908,4.337512e-05,2.2469261e-05,0.99949193,5.4665776e-05,0.0003875554,High
TCGA-GM-A2DM-01A-11R-A180-07,BRCA_LumA,BRCA_LumA,True,0.9994486,0.007558965,6.0799444e-05,3.8889157e-05,0.9994486,0.0003630473,8.867527e-05,High
TCGA-E2-A153-01A-12R-A12D-07,BRCA_LumA,BRCA_LumA,True,0.9997551,0.0037461864,2.8943425e-05,4.1523566e-05,0.9997551,9.310151e-05,8.1369464e-05,High
TCGA-E2-A1IK-01A-11R-A144-07,BRCA_LumA,BRCA_LumA,True,0.9995592,0.006294179,6.1569954e-05,2.962258e-05,0.9995592,0.00021189504,0.00013764625,High
TCGA-C8-A26Y-01A-11R-A16F-07,BRCA_Her2,BRCA_Her2,True,0.99885523,0.014683405,0.00044414203,0.99885523,8.6095366e-05,0.0005249903,8.952979e-05,High
TCGA-AQ-A04L-01B-21R-A10J-07,BRCA_LumA,BRCA_LumA,True,0.44225714,1.8501923,0.035680864,0.31496853,0.44225714,0.15857579,0.048517723,Low
TCGA-B6-A402-01A-11R-A239-07,BRCA_Basal,BRCA_Basal,True,0.999318,0.0092985565,0.999318,0.00019231849,3.0519415e-05,0.00033127202,0.00012787164,High
TCGA-BH-A0E9-01B-11R-A115-07,BRCA_LumA,BRCA_LumA,True,0.99833775,0.01848925,4.615014e-05,2.2634767e-05,0.99833775,4.017969e-05,0.0015532227,High
TCGA-A8-A08C-01A-11R-A00Z-07,BRCA_LumA,BRCA_LumA,True,0.997783,0.024587533,0.0001558205,8.189414e-05,0.997783,0.0018878417,9.14446e-05,High
TCGA-A2-A0YJ-01A-11R-A109-07,BRCA_Basal,BRCA_Basal,True,0.99884427,0.014549928,0.99884427,0.0007106917,2.696451e-05,0.000111151254,0.00030689788,High
TCGA-A2-A25C-01A-11R-A169-07,BRCA_LumB,BRCA_LumB,True,0.9971251,0.031581614,0.0001516689,0.00045827872,0.0021779337,0.9971251,8.701542e-05,High
TCGA-AN-A0AS-01A-11R-A00Z-07,BRCA_LumA,BRCA_LumA,True,0.98426914,0.14208266,0.0013467143,0.005418622,0.98426914,0.007815155,0.001150349,High
TCGA-BH-A0GY-01A-11R-A056-07,BRCA_LumA,BRCA_LumA,True,0.9852786,0.13509789,0.003244447,0.008096453,0.9852786,0.0021655902,0.0012148935,High
TCGA-AO-A03V-01A-11R-A115-07,BRCA_LumA,BRCA_LumA,True,0.99924445,0.0104098385,0.00021525031,0.000120456716,0.99924445,0.00020604266,0.0002138357,High
TCGA-OL-A5S0-01A-11R-A28M-07,BRCA_Basal,BRCA_Basal,True,0.9989644,0.013261996,0.9989644,0.00019349645,4.975688e-05,0.0001292667,0.0006630475,High
TCGA-BH-A0DE-01A-11R-A115-07,BRCA_LumA,BRCA_LumA,True,0.9997254,0.0040944903,3.2694483e-05,1.5267145e-05,0.9997254,9.740925e-05,0.00012919122,High
TCGA-AR-A1AN-01A-11R-A12P-07,BRCA_LumA,BRCA_LumA,True,0.9988367,0.014526024,8.3371124e-05,9.558801e-05,0.9988367,0.00083267305,0.00015169093,High
TCGA-GM-A2DN-01A-11R-A180-07,BRCA_LumA,BRCA_LumA,True,0.9991455,0.011374634,7.636569e-05,9.6441785e-05,0.9991455,0.00024321354,0.00043850014,High
TCGA-C8-A12L-01A-11R-A115-07,BRCA_Her2,BRCA_Her2,True,0.5516483,1.5279936,0.24111988,0.5516483,0.005962957,0.19290341,0.008365416,Low
TCGA-BH-A42V-01A-11R-A24H-07,BRCA_LumA,BRCA_LumA,True,0.9874369,0.098581165,5.8750484e-05,4.319423e-05,0.9874369,2.7691935e-05,0.012433522,High
TCGA-E2-A15M-01A-11R-A12D-07,BRCA_LumA,BRCA_LumA,True,0.97001374,0.24712434,0.0035020725,0.0035050816,0.97001374,0.0138504505,0.009128605,High
TCGA-BH-A8G0-01A-11R-A352-07,BRCA_LumA,BRCA_LumA,True,0.997186,0.028209535,1.9504774e-05,6.2617055e-06,0.997186,8.128923e-06,0.0027800743,High
TCGA-WT-AB44-01A-11R-A41B-07,BRCA_LumA,BRCA_LumA,True,0.99669814,0.037737943,0.00035312597,0.0016566024,0.99669814,0.00048043454,0.0008117294,High
TCGA-E9-A1RC-01A-11R-A157-07,BRCA_LumA,BRCA_LumA,True,0.9700087,0.20294772,0.00042426982,0.00043461804,0.9700087,0.028876424,0.00025605113,High
TCGA-E2-A9RU-01A-11R-A41B-07,BRCA_LumB,BRCA_LumB,True,0.6478914,1.096848,0.006755053,0.3277151,0.014344689,0.6478914,0.0032938237,Low
TCGA-AR-A251-01A-12R-A169-07,BRCA_Basal,BRCA_Basal,True,0.9994735,0.0073895548,0.9994735,7.835565e-05,2.9857421e-05,0.00020919484,0.00020907697,High
TCGA-A8-A082-01A-11R-A00Z-07,BRCA_LumB,BRCA_LumB,True,0.95431507,0.29823783,0.0010716905,0.0035068637,0.040355425,0.95431507,0.0007509247,High
TCGA-E9-A1R6-01A-11R-A14D-07,BRCA_LumA,BRCA_LumA,True,0.9453836,0.31538385,0.00042690217,0.00033798834,0.9453836,0.05349024,0.00036130619,Borderline
TCGA-B6-A401-01A-11R-A239-07,BRCA_LumA,BRCA_LumA,True,0.9994252,0.008087676,9.849913e-05,9.2332324e-05,0.9994252,0.00012799737,0.00025604124,High
TCGA-AR-A24X-01A-11R-A169-07,BRCA_LumA,BRCA_LumA,True,0.99946386,0.0071478356,3.622349e-05,3.6624384e-05,0.99946386,0.00043120046,3.2153963e-05,High
TCGA-E2-A56Z-01A-12R-A29R-07,BRCA_LumB,BRCA_LumA,False,0.76850593,0.7968122,0.00057811156,0.0005954906,0.76850593,0.22990385,0.00041657727,Borderline
TCGA-E9-A1R3-01A-31R-A14M-07,BRCA_LumA,BRCA_LumA,True,0.99969685,0.0045444495,5.0728155e-05,4.4075616e-05,0.99969685,0.0001313405,7.699418e-05,High
TCGA-BH-A0DZ-01A-11R-A00Z-07,BRCA_LumA,BRCA_LumA,True,0.9748599,0.20213771,0.0008873483,0.014366373,0.9748599,0.00921328,0.00067307486,High
TCGA-D8-A142-01A-11R-A115-07,BRCA_Basal,BRCA_Basal,True,0.6755626,1.3262229,0.6755626,0.19418876,0.011332205,0.009072631,0.109843746,Low
TCGA-A2-A04P-01A-31R-A034-07,BRCA_Basal,BRCA_Basal,True,0.9984515,0.019547986,0.9984515,0.000570178,0.00015119072,0.00030173865,0.00052539154,High
TCGA-D8-A1XJ-01A-11R-A14M-07,BRCA_Her2,BRCA_Her2,True,0.9969823,0.032319292,0.00034232263,0.9969823,0.000115180854,0.0024865142,7.3703515e-05,High
TCGA-B6-A0RV-01A-11R-A084-07,BRCA_LumA,BRCA_LumA,True,0.99964654,0.0051690964,5.9531525e-05,2.9755927e-05,0.99964654,8.2432816e-05,0.0001817091,High
TCGA-E2-A1LA-01A-11R-A144-07,BRCA_LumA,BRCA_LumA,True,0.9812368,0.14713262,0.00078963325,0.00075164856,0.9812368,0.016681477,0.0005404298,High
TCGA-E9-A229-01A-31R-A157-07,BRCA_LumA,BRCA_LumA,True,0.9968329,0.035614766,0.00035210262,0.00038333505,0.9968329,0.002040732,0.0003909385,High
TCGA-D8-A1JT-01A-31R-A13Q-07,BRCA_LumB,BRCA_LumB,True,0.9854761,0.121055156,0.0005166081,0.0011659588,0.012441449,0.9854761,0.00039990837,High
TCGA-A2-A0CS-01A-11R-A115-07,BRCA_LumA,BRCA_LumA,True,0.99868363,0.015321963,4.0007937e-05,6.358707e-05,0.99868363,0.0011824194,3.0332032e-05,High
TCGA-BH-A0C7-01B-11R-A115-07,BRCA_LumB,BRCA_LumB,True,0.99327266,0.06458882,0.00037458556,0.0004934152,0.0055407826,0.99327266,0.00031853878,High
TCGA-AN-A0FW-01A-11R-A034-07,BRCA_LumA,BRCA_LumA,True,0.8790254,0.589352,0.0031131078,0.0022009653,0.8790254,0.112571806,0.003088743,Borderline
TCGA-A7-A2KD-01A-31R-A21T-07,BRCA_LumB,BRCA_LumB,True,0.9977481,0.025438229,0.00016363307,0.0002029887,0.001780962,0.9977481,0.00010427888,High
TCGA-E2-A1LS-01A-12R-A157-07,BRCA_Basal,BRCA_Basal,True,0.9880425,0.10653527,0.9880425,0.0010586902,0.0010394071,0.0005151883,0.009344299,High
TCGA-D8-A1XM-01A-21R-A14M-07,BRCA_LumA,BRCA_LumA,True,0.9993255,0.009227794,9.353476e-05,9.7182055e-05,0.9993255,0.00037056993,0.000113213995,High
TCGA-E9-A1RB-01A-11R-A157-07,BRCA_LumB,BRCA_LumB,True,0.9989384,0.013939343,0.00040312632,0.00020277995,0.00037074977,0.9989384,8.5011234e-05,High
TCGA-E9-A3X8-01A-31R-A22U-07,BRCA_LumA,BRCA_LumA,True,0.99898976,0.012784429,8.4172956e-05,7.332613e-05,0.99898976,0.00011521571,0.00073750044,High
TCGA-B6-A3ZX-01A-11R-A239-07,BRCA_Basal,BRCA_Basal,True,0.9983386,0.019622201,0.9983386,0.00019827292,8.8937624e-05,0.00010275469,0.0012714294,High
TCGA-AN-A0G0-01A-11R-A034-07,BRCA_Basal,BRCA_Basal,True,0.99724704,0.03128797,0.99724704,0.0017154696,7.8218836e-05,0.00064298714,0.00031623905,High
TCGA-AR-A1AK-01A-21R-A12P-07,BRCA_LumA,BRCA_LumA,True,0.99676126,0.03435343,0.00012161121,5.0707036e-05,0.99676126,0.00042545024,0.0026409375,High
TCGA-D8-A1JC-01A-11R-A13Q-07,BRCA_LumB,BRCA_LumB,True,0.9966569,0.037486695,0.00036131236,0.00062994316,0.0020477772,0.9966569,0.0003040384,High
TCGA-A7-A5ZX-01A-12R-A29R-07,BRCA_LumA,BRCA_LumA,True,0.99808866,0.020808738,5.9793918e-05,2.5559608e-05,0.99808866,2.8870336e-05,0.0017970933,High
TCGA-A8-A09M-01A-11R-A00Z-07,BRCA_LumB,BRCA_LumB,True,0.99909973,0.0109752435,3.8840233e-05,2.6923939e-05,0.0008089435,0.99909973,2.5564279e-05,High
TCGA-D8-A1JI-01A-11R-A13Q-07,BRCA_LumB,BRCA_LumB,True,0.97509366,0.1744602,0.0002628092,0.00014505813,0.02410504,0.97509366,0.0003934686,High
TCGA-D8-A1J8-01A-11R-A13Q-07,BRCA_LumB,BRCA_LumB,True,0.99799,0.024127582,0.00020190504,0.00086514285,0.000838662,0.99799,0.00010425702,High
TCGA-GM-A4E0-01A-12R-A266-07,BRCA_LumA,BRCA_LumA,True,0.98281765,0.12963943,0.00025890928,0.00014360617,0.98281765,0.00014372221,0.016636174,High
TCGA-E9-A22B-01A-11R-A157-07,BRCA_LumA,BRCA_LumA,True,0.9982357,0.020845385,0.00015343056,0.00012299696,0.9982357,0.0013097661,0.00017805489,High
TCGA-A8-A08R-01A-11R-A034-07,BRCA_Basal,BRCA_Basal,True,0.99933916,0.009027894,0.99933916,0.00019979892,2.560457e-05,0.00031720035,0.00011821821,High
TCGA-A2-A4S3-01A-21R-A266-07,BRCA_LumB,BRCA_LumB,True,0.9978187,0.025026122,0.00033711886,0.0016093751,0.00013679622,0.9978187,9.79462e-05,High
TCGA-BH-A1FC-01A-11R-A13Q-07,BRCA_Basal,BRCA_Basal,True,0.99793136,0.024123915,0.99793136,0.0014050873,4.6417717e-05,0.00039515743,0.00022192666,High
TCGA-AR-A0TV-01A-21R-A084-07,BRCA_LumB,BRCA_LumB,True,0.99871325,0.01649532,0.0002120663,0.00036205282,0.000593824,0.99871325,0.000118797085,High
TCGA-A2-A0SW-01A-11R-A084-07,BRCA_LumB,BRCA_LumB,True,0.99840945,0.018747065,0.00011638618,0.001243987,0.00019372268,0.99840945,3.6523026e-05,High
TCGA-C8-A133-01A-32R-A12D-07,BRCA_LumA,BRCA_LumA,True,0.9908811,0.08303197,0.00032647053,0.00075780274,0.9908811,0.0076135336,0.00042111255,High
TCGA-A8-A094-01A-11R-A00Z-07,BRCA_Her2,BRCA_Her2,True,0.99758863,0.027633747,0.0003301904,0.99758863,0.00017700403,0.0017029278,0.00020127122,High
TCGA-B6-A2IU-01A-32R-A18M-07,BRCA_LumA,BRCA_LumA,True,0.998966,0.012575541,5.2702482e-05,4.4940174e-05,0.998966,0.0008899844,4.6364163e-05,High
TCGA-AQ-A04J-01A-02R-A034-07,BRCA_Basal,BRCA_Basal,True,0.9963676,0.035909567,0.9963676,8.697013e-05,3.9027687e-05,4.3241715e-05,0.0034631894,High
TCGA-A7-A6VW-01A-21R-A33J-07,BRCA_Basal,BRCA_Basal,True,0.99336904,0.06536771,0.99336904,0.004879339,0.0001847688,0.0005586488,0.0010082431,High
TCGA-LL-A5YO-01A-21R-A28M-07,BRCA_Her2,BRCA_Her2,True,0.99562573,0.04373447,0.0038122216,0.99562573,4.4063727e-05,0.00023296087,0.00028504987,High
TCGA-A8-A08A-01A-11R-A32Y-07,BRCA_LumA,BRCA_LumA,True,0.9994543,0.0072870785,3.4801953e-05,3.9498485e-05,0.9994543,0.00043114557,4.0185212e-05,High
TCGA-A8-A0A7-01A-11R-A00Z-07,BRCA_Her2,BRCA_Her2,True,0.99548954,0.050277106,0.0011361254,0.99548954,0.00074721186,0.00085428276,0.0017728055,High
TCGA-EW-A1P0-01A-11R-A144-07,BRCA_LumB,BRCA_LumB,True,0.9936098,0.058554545,0.0001343818,0.00017038299,0.005989465,0.9936098,9.599594e-05,High
TCGA-A2-A1FZ-01A-51R-A14D-07,BRCA_LumA,BRCA_LumA,True,0.9999181,0.0013733943,1.4965014e-05,6.7881424e-06,0.9999181,2.1219026e-05,3.8866263e-05,High
TCGA-A8-A09Z-01A-11R-A00Z-07,BRCA_LumB,BRCA_LumB,True,0.983133,0.14404987,0.00097054313,0.002885352,0.012204806,0.983133,0.0008062839,High
TCGA-E9-A3HO-01A-11R-A213-07,BRCA_LumB,BRCA_LumA,False,0.553979,1.1820109,0.007931111,0.010557455,0.553979,0.41885224,0.008680184,Low
TCGA-E2-A10B-01A-11R-A10J-07,BRCA_LumA,BRCA_LumA,True,0.9991788,0.010386706,5.4208376e-05,4.1845946e-05,0.9991788,0.0006749588,5.0155595e-05,High
TCGA-A8-A086-01A-11R-A00Z-07,BRCA_LumA,BRCA_LumA,True,0.980294,0.14848068,0.0004978436,0.0003612003,0.980294,0.018453903,0.00039309834,High
TCGA-S3-A6ZF-01A-32R-A32P-07,BRCA_LumB,BRCA_LumB,True,0.99494153,0.050997853,0.0002470631,0.000664291,0.00399786,0.99494153,0.00014922058,High
TCGA-E2-A14O-01A-31R-A115-07,BRCA_LumB,BRCA_LumB,True,0.9953335,0.045701656,0.00014397297,0.00021705234,0.0042088577,0.9953335,9.660046e-05,High
TCGA-D8-A147-01A-11R-A115-07,BRCA_Basal,BRCA_Basal,True,0.9995629,0.00631365,0.9995629,0.00014171442,3.163349e-05,0.00013760409,0.00012610907,High
TCGA-BH-A0HP-01A-12R-A084-07,BRCA_LumA,BRCA_LumA,True,0.9981554,0.021664396,0.00017554982,0.00019699497,0.9981554,0.00010379906,0.0013682719,High
TCGA-S3-AA15-01A-11R-A41B-07,BRCA_Basal,BRCA_Basal,True,0.9929975,0.06205348,0.9929975,0.00013735774,4.752768e-05,5.7513706e-05,0.00676006,High
TCGA-A2-A0YE-01A-11R-A109-07,BRCA_Basal,BRCA_Basal,True,0.9995826,0.0060311183,0.9995826,0.00017804434,2.619648e-05,0.00011283369,0.000100361816,High
TCGA-B6-A40B-01A-11R-A239-07,BRCA_LumA,BRCA_LumA,True,0.99963427,0.0052344324,3.9211474e-05,6.0821872e-05,0.99963427,0.00023872346,2.6919983e-05,High
TCGA-AO-A125-01A-11R-A10J-07,BRCA_LumA,BRCA_LumA,True,0.99814534,0.021555841,0.00014461287,0.00012585495,0.99814534,0.0014478385,0.00013642039,High
TCGA-C8-A12O-01A-11R-A115-07,BRCA_LumA,BRCA_LumA,True,0.9629012,0.26382333,0.0012507172,0.0048123407,0.9629012,0.029967133,0.0010686144,High
TCGA-A2-A0D0-01A-11R-A00Z-07,BRCA_Basal,BRCA_Basal,True,0.99920374,0.010620538,0.99920374,0.00038783625,2.1325704e-05,0.0001316527,0.0002554899,High
TCGA-BH-A42U-01A-12R-A24H-07,BRCA_Normal,BRCA_Normal,True,0.99891365,0.013375748,0.00014365162,4.577077e-05,0.0008569788,4.0009105e-05,0.99891365,High
TCGA-BH-A0BA-01A-11R-A056-07,BRCA_LumA,BRCA_LumA,True,0.9991609,0.011263975,9.8637e-05,8.766391e-05,0.9991609,0.00031438205,0.0003384472,High
TCGA-A7-A13H-01A-11R-A22K-07,BRCA_LumA,BRCA_LumA,True,0.9999212,0.00132524,1.3105583e-05,8.707866e-06,0.9999212,1.6299462e-05,4.0684183e-05,High
TCGA-A8-A08T-01A-21R-A00Z-07,BRCA_LumA,BRCA_LumA,True,0.9955043,0.044481,0.00016734541,0.0001684133,0.9955043,0.004017127,0.00014282695,High
TCGA-C8-A132-01A-31R-A115-07,BRCA_LumA,BRCA_LumA,True,0.99914587,0.011414014,0.00013337561,0.00018988467,0.99914587,8.7173474e-05,0.0004437405,High
TCGA-BH-A0E2-01A-11R-A056-07,BRCA_LumA,BRCA_LumA,True,0.6091625,1.1818974,0.009309064,0.012574592,0.6091625,0.35755876,0.011395081,Low
TCGA-C8-A1HM-01A-12R-A137-07,BRCA_LumB,BRCA_LumB,True,0.99947554,0.0073050046,0.00010109792,0.00030710734,8.101628e-05,0.99947554,3.5296922e-05,High
TCGA-E2-A3DX-01A-21R-A213-07,BRCA_LumA,BRCA_LumA,True,0.99597013,0.039446864,8.3285246e-05,4.8001515e-05,0.99597013,9.179121e-05,0.0038068523,High
TCGA-AC-A3W6-01A-12R-A22K-07,BRCA_LumA,BRCA_LumA,True,0.9983317,0.019916162,0.0001056931,0.00015254827,0.9983317,0.0001992069,0.0012107915,High
TCGA-B6-A0X4-01A-11R-A109-07,BRCA_LumA,BRCA_LumA,True,0.9991442,0.010999404,8.377767e-05,4.701303e-05,0.9991442,0.000634863,9.0179274e-05,High
TCGA-AR-A2LK-01A-11R-A180-07,BRCA_LumB,BRCA_LumB,True,0.9994791,0.006986195,5.3581378e-05,3.080455e-05,0.00041084798,0.9994791,2.5664436e-05,High
TCGA-OL-A5DA-01A-11R-A27Q-07,BRCA_LumA,BRCA_LumA,True,0.9998828,0.0019323697,2.5763542e-05,3.2458494e-05,0.9998828,2.8682765e-05,3.0223588e-05,High
TCGA-OL-A66H-01A-11R-A29R-07,BRCA_LumA,BRCA_LumA,True,0.99943024,0.007883473,6.4051674e-05,6.327991e-05,0.99943024,0.0003329201,0.000109507666,High
TCGA-D8-A3Z5-01A-41R-A24H-07,BRCA_LumA,BRCA_LumA,True,0.99795485,0.022770757,9.008825e-05,4.2306787e-05,0.99795485,0.00014084279,0.001771903,High
TCGA-BH-A208-01A-11R-A157-07,BRCA_Normal,BRCA_Normal,True,0.9973259,0.031260524,0.001185594,0.00084604335,0.0005271825,0.000115209456,0.9973259,High
TCGA-A7-A26H-01A-11R-A169-07,BRCA_LumA,BRCA_LumA,True,0.99919325,0.010303525,6.095283e-05,4.7478716e-05,0.99919325,0.00064181443,5.6550918e-05,High
TCGA-BH-A0C3-01A-21R-A12P-07,BRCA_LumB,BRCA_LumB,True,0.9698836,0.23759398,0.0013820741,0.0015437189,0.017130055,0.9698836,0.010060491,High
TCGA-AC-A23H-01A-11R-A157-07,BRCA_Her2,BRCA_Her2,True,0.9985416,0.017199399,8.249922e-05,0.9985416,0.000111628884,0.0012061492,5.814739e-05,High
TCGA-BH-A18S-01A-11R-A12D-07,BRCA_LumA,BRCA_LumA,True,0.99846673,0.01775007,6.705516e-05,7.094111e-05,0.99846673,0.0013259962,6.929657e-05,High
TCGA-AO-A0JM-01A-21R-A056-07,BRCA_LumB,BRCA_LumB,True,0.9955396,0.04802905,0.00045302403,0.0016054236,0.0022611953,0.9955396,0.00014070695,High
TCGA-BH-A1FM-01A-11R-A13Q-07,BRCA_LumB,BRCA_LumB,True,0.9988796,0.014409803,0.0001076515,0.0003837157,0.0005538128,0.9988796,7.516569e-05,High
TCGA-B6-A0RP-01A-21R-A084-07,BRCA_LumA,BRCA_LumA,True,0.999297,0.009133867,3.8463186e-05,5.7421417e-05,0.999297,0.00055397575,5.310476e-05,High
TCGA-GM-A2DH-01A-11R-A180-07,BRCA_Her2,BRCA_Her2,True,0.99340713,0.06540325,0.0042569116,0.99340713,0.00018374683,0.0019247774,0.0002273849,High
TCGA-B6-A0I9-01A-11R-A034-07,BRCA_Her2,BRCA_Her2,True,0.9947003,0.056911897,0.0006806741,0.9947003,0.0020075405,0.00216289,0.00044857294,High
TCGA-A2-A0EN-01A-13R-A084-07,BRCA_LumA,BRCA_LumA,True,0.9998647,0.0021924989,2.207145e-05,3.3643137e-05,0.9998647,2.5771971e-05,5.3811844e-05,High
TCGA-A8-A08O-01A-21R-A056-07,BRCA_LumA,BRCA_LumA,True,0.99995947,0.0007276609,1.1189527e-05,5.3344465e-06,0.99995947,1.3578251e-05,1.0401279e-05,High
TCGA-BH-A0B9-01A-11R-A056-07,BRCA_Basal,BRCA_Basal,True,0.9994924,0.0072243325,0.9994924,0.00018888744,4.1854284e-05,0.0001252048,0.00015163599,High
TCGA-C8-A273-01A-11R-A16F-07,BRCA_LumA,BRCA_LumA,True,0.9911308,0.0785051,0.00028468345,0.00035720968,0.9911308,0.0080294525,0.00019784435,High
TCGA-AC-A3QP-01A-11R-A22U-07,BRCA_LumA,BRCA_LumA,True,0.9985827,0.016627222,9.8443044e-05,5.083983e-05,0.9985827,5.9417376e-05,0.0012086071,High
TCGA-B6-A0I1-01A-11R-A21T-07,BRCA_Basal,BRCA_Basal,True,0.999451,0.0076995464,0.999451,0.00021980425,2.893048e-05,0.00011327401,0.00018698574,High
TCGA-EW-A1IW-01A-11R-A13Q-07,BRCA_LumA,BRCA_LumA,True,0.9845596,0.13374513,0.0006711023,0.001122106,0.9845596,0.011306206,0.002341043,High
TCGA-D8-A1XF-01A-11R-A14D-07,BRCA_LumB,BRCA_LumB,True,0.9966844,0.03750258,0.0006530885,0.00052545394,0.0018790124,0.9966844,0.0002581258,High
TCGA-A7-A13E-01A-11R-A12P-07,BRCA_Basal,BRCA_Basal,True,0.99911195,0.011667551,0.99911195,0.0005029317,3.1002797e-05,0.00018859077,0.0001654679,High
TCGA-D8-A145-01A-11R-A115-07,BRCA_LumA,BRCA_LumA,True,0.9997793,0.0032471875,2.074274e-05,8.050366e-06,0.9997793,2.2410035e-05,0.00016954559,High
TCGA-BH-A0HI-01A-11R-A084-07,BRCA_LumA,BRCA_LumA,True,0.9998441,0.002419487,1.5685495e-05,1.5992087e-05,0.9998441,0.0001047296,1.947764e-05,High
TCGA-E2-A1B6-01A-31R-A12P-07,BRCA_Basal,BRCA_Basal,True,0.9992368,0.010236226,0.9992368,0.00020111236,3.4019176e-05,0.00012237884,0.0004056422,High
TCGA-A2-A0YK-01A-22R-A109-07,BRCA_Normal,BRCA_Normal,True,0.9960043,0.040531963,0.00022023136,0.00015641516,0.0034960317,0.00012303585,0.9960043,High
TCGA-A8-A07O-01A-11R-A00Z-07,BRCA_Basal,BRCA_Basal,True,0.998021,0.02312135,0.998021,0.0003781085,4.6491754e-05,0.0013757382,0.00017863086,High
TCGA-S3-AA0Z-01A-11R-A41B-07,BRCA_Basal,BRCA_Basal,True,0.9986318,0.016790278,0.9986318,0.0008400325,3.707974e-05,0.00042066223,7.041888e-05,High
TCGA-LL-A8F5-01A-11R-A36F-07,BRCA_Basal,BRCA_Basal,True,0.9986979,0.016509237,0.9986979,0.00046512263,5.441235e-05,0.00019678142,0.0005857611,High
TCGA-MS-A51U-01A-31R-A266-07,BRCA_LumA,BRCA_LumA,True,0.9997385,0.0037814789,2.5784942e-05,1.1459712e-05,0.9997385,2.2251003e-05,0.00020200259,High
TCGA-S3-AA14-01A-11R-A41B-07,BRCA_LumA,BRCA_LumA,True,0.9988431,0.015181364,0.00025176324,0.00027802057,0.9988431,0.00018371044,0.00044341508,High
TCGA-LL-A50Y-01A-11R-A266-07,BRCA_LumA,BRCA_LumA,True,0.99838436,0.018841434,8.325416e-05,0.00012019429,0.99838436,0.001330986,8.122498e-05,High
TCGA-LL-A6FQ-01A-11R-A31O-07,BRCA_LumA,BRCA_LumA,True,0.9952068,0.047127716,0.00010609055,0.00030992273,0.9952068,0.004232487,0.0001447349,High
TCGA-BH-A0AY-01A-21R-A00Z-07,BRCA_LumA,BRCA_LumA,True,0.99222976,0.07983391,0.0008604952,0.0022458,0.99222976,0.0033305192,0.0013334616,High
TCGA-AR-A1AP-01A-11R-A12P-07,BRCA_LumA,BRCA_LumA,True,0.9987525,0.01585388,0.00014828765,0.00024104447,0.9987525,0.0007266647,0.00013151912,High
TCGA-A2-A0T0-01A-22R-A084-07,BRCA_Basal,BRCA_Basal,True,0.99721116,0.030430462,0.99721116,0.0022433698,6.1347986e-05,0.0002642544,0.00021984857,High
TCGA-AC-A3QQ-01B-06R-A22O-07,BRCA_LumA,BRCA_LumA,True,0.9939247,0.060570948,0.0005451875,0.0002892768,0.9939247,0.0045969896,0.00064389425,High
TCGA-D8-A73U-01A-11R-A33J-07,BRCA_LumA,BRCA_LumA,True,0.99817646,0.022448203,0.000218864,0.00020608702,0.99817646,0.00080844306,0.0005901905,High
TCGA-C8-A135-01A-11R-A115-07,BRCA_Her2,BRCA_Her2,True,0.99666,0.037813112,0.0017301153,0.99666,0.00023189705,0.0004297778,0.00094818947,High
TCGA-B6-A0IG-01A-11R-A034-07,BRCA_LumA,BRCA_LumA,True,0.9771045,0.18225728,0.00073787966,0.016919794,0.9771045,0.004645118,0.00059275964,High
TCGA-BH-A0DQ-01A-11R-A084-07,BRCA_LumA,BRCA_LumA,True,0.9992519,0.0098156035,6.64188e-05,6.922968e-05,0.9992519,7.2538656e-05,0.0005399252,High
TCGA-BH-A5IZ-01A-11R-A27Q-07,BRCA_Basal,BRCA_Basal,True,0.9989046,0.014031753,0.9989046,0.00061935856,5.086344e-05,0.0003052345,0.000119906035,High
TCGA-D8-A1XQ-01A-11R-A14M-07,BRCA_Basal,BRCA_Basal,True,0.9985714,0.01790004,0.9985714,0.0007045113,6.936792e-05,0.00019900461,0.00045572946,High
TCGA-D8-A3Z6-01A-11R-A239-07,BRCA_LumA,BRCA_LumA,True,0.99976486,0.0035661694,2.478578e-05,3.337716e-05,0.99976486,0.00013168005,4.5321085e-05,High
TCGA-BH-A0DL-01A-11R-A115-07,BRCA_Basal,BRCA_Basal,True,0.99660873,0.037292946,0.99660873,0.002292239,0.00011160657,0.00045924334,0.0005282054,High
TCGA-AO-A1KP-01A-11R-A13Q-07,BRCA_LumB,BRCA_LumB,True,0.89058375,0.5083138,0.00041393304,0.00032640708,0.108370595,0.89058375,0.00030534333,Borderline
TCGA-A2-A25E-01A-11R-A169-07,BRCA_LumB,BRCA_LumB,True,0.9991209,0.011610652,0.000120368335,0.00016955823,0.00051171303,0.9991209,7.744145e-05,High
TCGA-BH-A0BR-01A-21R-A115-07,BRCA_LumA,BRCA_LumA,True,0.9709858,0.20919152,0.0005729761,0.025429929,0.9709858,0.0025567992,0.00045456024,High
TCGA-AR-A1AO-01A-11R-A12P-07,BRCA_Normal,BRCA_Normal,True,0.9808865,0.146926,0.017363437,0.00048272128,0.0011502823,0.00011709751,0.9808865,High
TCGA-A8-A0A1-01A-11R-A00Z-07,BRCA_LumA,BRCA_LumA,True,0.99986696,0.0021278586,2.1296475e-05,1.9531675e-05,0.99986696,7.508702e-05,1.7122615e-05,High
TCGA-AN-A0FT-01A-11R-A034-07,BRCA_LumA,BRCA_LumA,True,0.9890976,0.101892665,0.00032394967,0.004009151,0.9890976,0.0059548104,0.00061448326,High
TCGA-E9-A1RH-01A-21R-A169-07,BRCA_Her2,BRCA_Her2,True,0.99597883,0.042245507,0.0030863374,0.99597883,0.00011509028,0.000348224,0.00047146145,High
TCGA-AR-A2LQ-01A-22R-A18M-07,BRCA_Normal,BRCA_Normal,True,0.99864656,0.016857281,0.000248016,0.00015163833,0.0008602986,9.3484414e-05,0.99864656,High
TCGA-AR-A1AI-01A-11R-A12P-07,BRCA_Basal,BRCA_Basal,True,0.9993319,0.009149146,0.9993319,0.0003122276,3.9833325e-05,0.000108049615,0.00020797554,High
TCGA-C8-A12N-01A-11R-A115-07,BRCA_LumA,BRCA_LumA,True,0.99907255,0.0117212655,5.6798322e-05,0.000106270716,0.99907255,0.0007145472,4.9854225e-05,High
TCGA-E9-A1N9-01A-11R-A14D-07,BRCA_Basal,BRCA_Basal,True,0.97690547,0.20317657,0.97690547,0.0070701665,0.0033553306,0.0075845337,0.0050844643,High
TCGA-D8-A4Z1-01A-21R-A266-07,BRCA_LumA,BRCA_LumA,True,0.9925689,0.064360894,6.9211106e-05,2.4299692e-05,0.9925689,3.5520432e-05,0.00730204,High
TCGA-AO-A1KR-01A-12R-A144-07,BRCA_Basal,BRCA_Basal,True,0.9966503,0.0364444,0.9966503,0.002361011,4.4236964e-05,0.00033505438,0.0006094768,High
TCGA-AC-A6IW-01A-12R-A33J-07,BRCA_Basal,BRCA_Basal,True,0.9993771,0.008570782,0.9993771,0.0002835017,1.7303744e-05,0.000147273,0.00017491203,High
TCGA-OL-A5RU-01A-11R-A28M-07,BRCA_LumA,BRCA_LumA,True,0.9997547,0.0037098285,2.9890442e-05,3.2203774e-05,0.9997547,4.833382e-05,0.0001348136,High
TCGA-BH-A0DS-01A-11R-A056-07,BRCA_LumA,BRCA_LumA,True,0.9985613,0.017119352,7.439681e-05,0.00012456685,0.9985613,0.0011569939,8.276074e-05,High
TCGA-PL-A8LX-01A-11R-A41B-07,BRCA_LumA,BRCA_LumA,True,0.98972136,0.09773647,0.0018863112,0.00097441516,0.98972136,0.006609749,0.0008082165,High
TCGA-AC-A3EH-01A-22R-A22K-07,BRCA_LumA,BRCA_LumA,True,0.998892,0.0140262125,8.83946e-05,0.00073382474,0.998892,0.00021371909,7.2083196e-05,High
TCGA-E9-A295-01A-11R-A16F-07,BRCA_LumA,BRCA_LumA,True,0.9996686,0.0048794895,3.9259816e-05,3.4359837e-05,0.9996686,0.00016439048,9.3446135e-05,High
TCGA-C8-A26W-01A-11R-A16F-07,BRCA_LumB,BRCA_LumB,True,0.98672104,0.12513842,0.0029143242,0.0022207396,0.0067097372,0.98672104,0.0014341058,High
TCGA-B6-A40C-01A-11R-A239-07,BRCA_LumA,BRCA_LumA,True,0.9902498,0.087942116,0.00048747094,0.00075170206,0.9902498,0.008127764,0.0003832565,High
TCGA-A2-A0EU-01A-22R-A056-07,BRCA_LumA,BRCA_LumA,True,0.99570894,0.04364506,0.00020565973,0.00019101817,0.99570894,0.0036239862,0.00027040503,High
TCGA-AQ-A1H3-01A-31R-A13Q-07,BRCA_LumA,BRCA_LumA,True,0.99984264,0.0024290138,1.5163785e-05,9.809448e-06,0.99984264,0.00010812464,2.4229626e-05,High
TCGA-BH-A0BC-01A-22R-A084-07,BRCA_LumA,BRCA_LumA,True,0.9978783,0.025168512,0.00021080121,0.00032762598,0.9978783,0.0013253253,0.00025792804,High
TCGA-B6-A0I2-01A-11R-A034-07,BRCA_Basal,BRCA_Basal,True,0.999534,0.006606492,0.999534,7.748855e-05,4.1929816e-05,8.752703e-05,0.00025906708,High
TCGA-A8-A08L-01A-11R-A00Z-07,BRCA_Her2,BRCA_Her2,True,0.99854386,0.01758454,0.00023763963,0.99854386,7.846305e-05,0.001062662,7.741348e-05,High
TCGA-A1-A0SF-01A-11R-A144-07,BRCA_LumA,BRCA_LumA,True,0.99952376,0.0063417293,2.668709e-05,2.274456e-05,0.99952376,2.1036363e-05,0.00040575673,High
TCGA-AO-A03R-01A-21R-A034-07,BRCA_Normal,BRCA_Normal,True,0.9938591,0.06507689,0.0014921952,0.0003992743,0.0021639108,0.0020855118,0.9938591,High
TCGA-AN-A0FV-01A-11R-A00Z-07,BRCA_Her2,BRCA_Her2,True,0.99851435,0.018627133,0.00030248167,0.99851435,0.00080116536,0.00022811403,0.00015387115,High
TCGA-AR-A24N-01A-11R-A169-07,BRCA_LumB,BRCA_LumB,True,0.9108164,0.49110174,0.00076079817,0.010474727,0.07741145,0.9108164,0.00053660857,Borderline
TCGA-AN-A0FK-01A-11R-A034-07,BRCA_LumA,BRCA_LumA,True,0.98691535,0.1038682,0.00013809268,0.00014730595,0.98691535,0.012677834,0.00012142252,High
TCGA-E2-A14Q-01A-11R-A12D-07,BRCA_LumA,BRCA_LumA,True,0.9996538,0.0049349423,3.3046224e-05,1.541069e-05,0.9996538,5.6789217e-05,0.00024098904,High
TCGA-A2-A0EM-01A-11R-A034-07,BRCA_LumA,BRCA_LumA,True,0.99982053,0.0028247642,3.0701314e-05,2.1664617e-05,0.99982053,7.427264e-05,5.2871408e-05,High
TCGA-AO-A12D-01A-11R-A115-07,BRCA_Her2,BRCA_Her2,True,0.9994301,0.008041944,0.00018975999,0.9994301,8.882166e-05,0.00020297247,8.826519e-05,High
TCGA-LQ-A4E4-01A-11R-A266-07,BRCA_LumA,BRCA_LumA,True,0.993768,0.060308244,0.0002132584,0.0007764885,0.993768,0.0050868494,0.00015541328,High
TCGA-BH-A0H5-01A-21R-A115-07,BRCA_LumA,BRCA_LumA,True,0.9970114,0.030920612,0.00010619671,4.6900153e-05,0.9970114,8.384267e-05,0.002751595,High
TCGA-D8-A27T-01A-11R-A16F-07,BRCA_LumA,BRCA_LumA,True,0.9998072,0.002940593,2.1955517e-05,1.7429304e-05,0.9998072,0.00012686457,2.6650117e-05,High
TCGA-D8-A1JN-01A-11R-A13Q-07,BRCA_LumA,BRCA_LumA,True,0.9941884,0.05944486,0.0002454134,0.0017866179,0.9941884,0.0035060353,0.00027353546,High
TCGA-A2-A1G6-01A-11R-A13Q-07,BRCA_Normal,BRCA_Normal,True,0.99890244,0.0133413775,9.5833275e-05,3.2820953e-05,0.00091740827,5.151858e-05,0.99890244,High
TCGA-EW-A1J3-01A-11R-A13Q-07,BRCA_LumA,BRCA_LumA,True,0.9841488,0.13267677,0.0009679387,0.001003995,0.9841488,0.013019501,0.0008597407,High
TCGA-GM-A3NY-01A-11R-A21T-07,BRCA_LumA,BRCA_LumA,True,0.99979955,0.0031325035,3.7398524e-05,2.8431115e-05,0.99979955,5.740051e-05,7.7252465e-05,High
TCGA-EW-A423-01A-11R-A24H-07,BRCA_LumA,BRCA_LumA,True,0.9975714,0.027181018,6.690827e-05,0.0004931383,0.9975714,0.0018051051,6.347362e-05,High
TCGA-A2-A0CY-01A-12R-A034-07,BRCA_LumB,BRCA_LumB,True,0.99154305,0.0866172,0.0025156762,0.0029349423,0.0018788753,0.99154305,0.0011274375,High
TCGA-E2-A10A-01A-21R-A115-07,BRCA_LumA,BRCA_LumA,True,0.9680923,0.21213269,0.00028812123,0.00056152284,0.9680923,0.03084687,0.0002111181,High
TCGA-A2-A1G1-01A-21R-A13Q-07,BRCA_Basal,BRCA_Basal,True,0.99913895,0.011519703,0.99913895,0.0003459918,3.914957e-05,0.00025247724,0.00022340594,High
TCGA-A8-A075-01A-11R-A084-07,BRCA_LumB,BRCA_LumB,True,0.9976718,0.026459752,0.00016459308,0.001722165,0.00036041677,0.9976718,8.103799e-05,High
TCGA-JL-A3YX-01A-11R-A22U-07,BRCA_LumA,BRCA_LumA,True,0.9921685,0.07191361,0.00026592295,0.00051560346,0.9921685,0.006817295,0.00023272762,High
TCGA-BH-A0HW-01A-11R-A034-07,BRCA_LumB,BRCA_LumB,True,0.9864861,0.10725783,0.0001904485,0.00011690202,0.012994187,0.9864861,0.00021241224,High
TCGA-BH-A0WA-01A-11R-A109-07,BRCA_Basal,BRCA_Basal,True,0.99957114,0.0061431145,0.99957114,9.9873825e-05,3.7146412e-05,6.505443e-05,0.00022681101,High
TCGA-D8-A1JB-01A-11R-A13Q-07,BRCA_LumA,BRCA_LumA,True,0.9989808,0.012573901,8.3563216e-05,4.4109664e-05,0.9989808,5.6136e-05,0.00083531113,High
TCGA-BH-A0AV-01A-31R-A115-07,BRCA_Basal,BRCA_Basal,True,0.9985643,0.017561391,0.9985643,0.00031419433,8.0049176e-05,8.604697e-05,0.00095540396,High
TCGA-BH-A1EX-01A-11R-A13Q-07,BRCA_LumA,BRCA_LumA,True,0.99503326,0.053827375,0.00052503095,0.0020274976,0.99503326,0.0018852497,0.0005289848,High
TCGA-A2-A4S0-01A-21R-A266-07,BRCA_LumA,BRCA_LumA,True,0.99903786,0.012004707,6.1594845e-05,3.602512e-05,0.99903786,0.00077136914,9.319732e-05,High
TCGA-OL-A5RZ-01A-11R-A28M-07,BRCA_Her2,BRCA_Her2,True,0.9884349,0.1057252,0.0025202024,0.9884349,0.00067239656,0.007923562,0.0004489247,High
TCGA-UU-A93S-01A-21R-A41B-07,BRCA_Her2,BRCA_Her2,True,0.99873704,0.015829086,0.00066034426,0.99873704,5.4687243e-05,0.00047095292,7.7037424e-05,High
TCGA-OL-A5RX-01A-11R-A28M-07,BRCA_LumA,BRCA_LumA,True,0.9993962,0.0076320204,2.230473e-05,1.1181443e-05,0.9993962,1.2473052e-05,0.0005578784,High
TCGA-BH-A6R9-01A-21R-A32P-07,BRCA_Normal,BRCA_Normal,True,0.99571073,0.042945314,0.003761254,0.00025867316,0.00021291697,5.6372046e-05,0.99571073,High
TCGA-BH-A1EO-01A-11R-A137-07,BRCA_LumA,BRCA_LumA,True,0.9979976,0.024206217,0.00021064092,0.00021112702,0.9979976,0.0010437978,0.0005368814,High
TCGA-A2-A0T7-01A-21R-A084-07,BRCA_LumA,BRCA_LumA,True,0.9900328,0.09393065,0.0010025027,0.0010089298,0.9900328,0.00092035625,0.0070354836,High
TCGA-D8-A141-01A-11R-A115-07,BRCA_LumA,BRCA_LumA,True,0.9992086,0.010738043,8.01453e-05,0.00028925328,0.9992086,0.0002925008,0.00012947909,High
TCGA-AO-A0JG-01A-31R-A084-07,BRCA_LumA,BRCA_LumA,True,0.99871993,0.016153056,0.00015595564,0.00013662303,0.99871993,0.0002020319,0.0007854992,High
TCGA-AO-A12G-01A-11R-A10J-07,BRCA_LumA,BRCA_LumA,True,0.99922204,0.0104588345,9.0834365e-05,0.00011629022,0.99922204,0.00043775112,0.00013305455,High
TCGA-AQ-A54N-01A-11R-A266-07,BRCA_Basal,BRCA_Basal,True,0.9990982,0.012018243,0.9990982,0.00034238925,4.885714e-05,0.00019898222,0.00031164504,High
TCGA-A2-A0CK-01A-11R-A22K-07,BRCA_LumA,BRCA_LumA,True,0.99954706,0.0061633918,3.4656598e-05,2.2726033e-05,0.99954706,3.636167e-05,0.0003591514,High
TCGA-B6-A0X7-01A-11R-A10J-07,BRCA_LumA,BRCA_LumA,True,0.9998983,0.0016761038,2.0868993e-05,1.2368974e-05,0.9998983,1.7727658e-05,5.0708244e-05,High
TCGA-D8-A13Z-01A-11R-A115-07,BRCA_Her2,BRCA_Her2,True,0.994755,0.051622707,0.004406228,0.994755,7.3045325e-05,0.0005456723,0.0002199841,High
TCGA-E2-A1L9-01A-11R-A13Q-07,BRCA_LumA,BRCA_LumA,True,0.9991658,0.010955962,8.035277e-05,0.00010538769,0.9991658,0.00054986647,9.8685094e-05,High
TCGA-A2-A4RY-01A-31R-A266-07,BRCA_Normal,BRCA_Normal,True,0.9967284,0.033289917,0.00012639783,5.4739685e-05,0.0030353973,5.4997025e-05,0.9967284,High
TCGA-BH-A8FY-01A-11R-A36F-07,BRCA_LumA,BRCA_LumA,True,0.99905664,0.011866694,5.462097e-05,5.6175333e-05,0.99905664,0.00073913764,9.348731e-05,High
TCGA-AR-A0TQ-01A-11R-A084-07,BRCA_LumB,BRCA_LumB,True,0.9980628,0.023788702,0.00023614243,0.00075241976,0.0006777037,0.9980628,0.0002708936,High
TCGA-A7-A13E-01B-06R-A277-07,BRCA_Basal,BRCA_Basal,True,0.9943251,0.060499825,0.9943251,0.0009803422,0.00077260484,0.0009905841,0.0029313979,High
TCGA-A7-A13E-01A-11R-A277-07,BRCA_Basal,BRCA_Basal,True,0.9988977,0.014186093,0.9988977,0.0006141884,5.198002e-05,0.00021333239,0.00022276082,High
TCGA-A8-A07P-01A-11R-A00Z-07,BRCA_LumA,BRCA_LumA,True,0.99831104,0.018570535,2.6786329e-05,3.1156098e-05,0.99831104,0.0016103488,2.0638261e-05,High
TCGA-BH-A0DH-01A-11R-A084-07,BRCA_LumA,BRCA_LumA,True,0.9991455,0.011116112,3.984071e-05,0.0002874704,0.9991455,0.00049385044,3.33081e-05,High
TCGA-AC-A8OR-01A-21R-A41B-07,BRCA_LumA,BRCA_LumA,True,0.997537,0.028122569,0.0002017726,0.00013354134,0.997537,0.0017237314,0.00040393946,High
TCGA-A8-A09W-01A-11R-A00Z-07,BRCA_LumB,BRCA_LumB,True,0.9921807,0.07074442,0.00031706266,0.007041854,0.0003464603,0.9921807,0.000113889095,High
TCGA-AN-A0XL-01A-11R-A10J-07,BRCA_LumA,BRCA_LumA,True,0.9992023,0.0103980005,5.494268e-05,3.5325185e-05,0.9992023,0.00015909947,0.0005483644,High
TCGA-AO-A12F-01A-11R-A115-07,BRCA_Basal,BRCA_Basal,True,0.9984328,0.018386338,0.9984328,0.00016695712,4.154734e-05,9.2727154e-05,0.0012659122,High
TCGA-E2-A570-01A-11R-A29R-07,BRCA_LumA,BRCA_LumA,True,0.9997191,0.004253039,3.8838374e-05,7.837752e-05,0.9997191,0.000108582135,5.5123917e-05,High
TCGA-C8-A275-01A-21R-A16F-07,BRCA_Her2,BRCA_Her2,True,0.9989054,0.01332254,0.000105246756,0.9989054,3.9401417e-05,0.0009096984,4.0196326e-05,High
TCGA-A2-A1FV-01A-11R-A13Q-07,BRCA_LumA,BRCA_LumA,True,0.99886394,0.014623412,0.0001763312,7.5086056e-05,0.99886394,0.00026978843,0.0006148891,High
TCGA-OK-A5Q2-01A-11R-A27Q-07,BRCA_LumA,BRCA_LumA,True,0.99629503,0.040476225,0.00026111878,0.00039308143,0.99629503,0.00055705075,0.0024937133,High
TCGA-AR-A0TU-01A-31R-A109-07,BRCA_Basal,BRCA_Basal,True,0.9991461,0.011363228,0.9991461,0.0003469851,3.900968e-05,0.00033960695,0.00012833522,High
TCGA-D8-A1X7-01A-11R-A14M-07,BRCA_LumB,BRCA_LumB,True,0.99217457,0.069770254,0.00018282796,0.00016412008,0.0072706267,0.99217457,0.00020787759,High
TCGA-D8-A1Y0-01A-11R-A14M-07,BRCA_LumA,BRCA_LumA,True,0.9269383,0.43891075,0.0037269997,0.002340128,0.9269383,0.061991867,0.0050026868,Borderline
TCGA-E2-A14T-01A-11R-A115-07,BRCA_LumA,BRCA_LumA,True,0.9821952,0.13716786,0.00028648032,0.00068538554,0.9821952,0.016571265,0.0002616346,High
TCGA-E9-A22D-01A-11R-A157-07,BRCA_LumB,BRCA_LumB,True,0.9982266,0.021833196,0.00032364475,0.0005694483,0.00077967445,0.9982266,0.000100715384,High
TCGA-EW-A1OZ-01A-11R-A144-07,BRCA_LumB,BRCA_Her2,False,0.488155,1.241756,0.008806722,0.488155,0.028643621,0.4723001,0.0020945326,Low
TCGA-A7-A3J1-01A-11R-A213-07,BRCA_LumA,BRCA_LumA,True,0.99976796,0.0035624315,3.92705e-05,2.4802503e-05,0.99976796,8.038955e-05,8.753634e-05,High
TCGA-PL-A8LZ-01A-31R-A36F-07,BRCA_Basal,BRCA_Basal,True,0.998309,0.020548044,0.998309,0.00057158637,5.118497e-05,0.0001719503,0.0008962,High
TCGA-E2-A10F-01A-11R-A10J-07,BRCA_LumA,BRCA_LumA,True,0.99986815,0.0021223798,1.8839675e-05,1.8586266e-05,0.99986815,6.6970664e-05,2.743657e-05,High
TCGA-B6-A0RS-01A-11R-A084-07,BRCA_Her2,BRCA_Her2,True,0.99916315,0.011422682,0.00022540656,0.99916315,0.00022330419,0.00015800471,0.00023014996,High
TCGA-AO-A0J7-01A-11R-A034-07,BRCA_LumB,BRCA_LumB,True,0.99662846,0.035193235,0.00014035517,0.00022789305,0.0029061798,0.99662846,9.7089905e-05,High
TCGA-AN-A0AJ-01A-11R-A00Z-07,BRCA_LumB,BRCA_LumB,True,0.99489766,0.052894015,0.00074083364,0.0035568476,0.0006110421,0.99489766,0.00019366898,High
TCGA-C8-A3M7-01A-12R-A21T-07,BRCA_LumA,BRCA_LumA,True,0.9939526,0.05889237,0.0003281969,0.0004055057,0.9939526,0.0003028666,0.005010841,High
TCGA-OL-A66J-01A-11R-A29R-07,BRCA_LumA,BRCA_LumA,True,0.9998029,0.0029898905,1.5254588e-05,1.065841e-05,0.9998029,4.603114e-05,0.00012513182,High
TCGA-AN-A0XS-01A-22R-A109-07,BRCA_LumA,BRCA_LumA,True,0.9997433,0.0038845004,4.180969e-05,3.8092887e-05,0.9997433,0.00013284825,4.3941258e-05,High
TCGA-A8-A09N-01A-11R-A00Z-07,BRCA_LumB,BRCA_LumB,True,0.9947502,0.055441067,0.00045340488,0.0021703204,0.002392953,0.9947502,0.000233127,High
TCGA-EW-A6SC-01A-12R-A32P-07,BRCA_LumA,BRCA_LumA,True,0.9993112,0.009455785,9.884339e-05,0.00010438787,0.9993112,0.00034477038,0.00014077904,High
TCGA-AR-A1AU-01A-11R-A12P-07,BRCA_LumA,BRCA_LumA,True,0.99644166,0.036569852,0.00010850954,0.000100716476,0.99644166,0.00021268551,0.0031364176,High
TCGA-C8-A1HJ-01A-11R-A13Q-07,BRCA_Basal,BRCA_Basal,True,0.9992767,0.009825392,0.9992767,0.00018138703,2.66147e-05,0.00019738165,0.000317954,High
TCGA-A8-A09D-01A-11R-A00Z-07,BRCA_LumA,BRCA_LumA,True,0.9550389,0.34373048,0.0027071447,0.019671435,0.9550389,0.009723894,0.0128586795,Borderline
TCGA-C8-A1HL-01A-11R-A137-07,BRCA_LumB,BRCA_LumB,True,0.9974648,0.029808873,0.00038934883,0.0010059007,0.0010094242,0.9974648,0.00013049279,High
TCGA-A2-A0T5-01A-21R-A084-07,BRCA_LumA,BRCA_LumA,True,0.9997781,0.003423853,3.1952564e-05,3.433343e-05,0.9997781,5.9235845e-05,9.635911e-05,High
TCGA-BH-A0AU-01A-11R-A12P-07,BRCA_LumB,BRCA_LumB,True,0.994283,0.054635074,0.00022568577,0.00019355376,0.0050960737,0.994283,0.00020168505,High
TCGA-AO-A0JE-01A-11R-A056-07,BRCA_Her2,BRCA_Her2,True,0.9967662,0.036580246,0.00055280735,0.9967662,0.0005753338,0.0018827373,0.00022286539,High
TCGA-A2-A0CT-01A-31R-A056-07,BRCA_LumA,BRCA_LumA,True,0.9890295,0.09284016,0.0002844638,0.00037216814,0.9890295,0.010109823,0.0002039992,High
TCGA-LD-A66U-01A-11R-A31O-07,BRCA_LumA,BRCA_LumA,True,0.9997787,0.003287095,2.2515353e-05,1.7615124e-05,0.9997787,1.958404e-05,0.00016163153,High
TCGA-LD-A74U-01A-13R-A33J-07,BRCA_LumA,BRCA_LumA,True,0.9964043,0.03633284,0.00012421305,9.293666e-05,0.9964043,8.301309e-05,0.0032955853,High
TCGA-A8-A09G-01A-21R-A00Z-07,BRCA_Her2,BRCA_Her2,True,0.99894935,0.013367207,9.2751856e-05,0.99894935,0.00019639895,0.0007017324,5.98315e-05,High
TCGA-E9-A1RD-01A-11R-A157-07,BRCA_LumA,BRCA_LumA,True,0.99976784,0.003457831,2.6423486e-05,2.704881e-05,0.99976784,0.00016026631,1.844917e-05,High
TCGA-EW-A1IY-01A-11R-A13Q-07,BRCA_LumB,BRCA_LumB,True,0.9854828,0.12674685,0.0010787487,0.0011615301,0.01095008,0.9854828,0.0013268273,High
TCGA-E2-A14X-01A-11R-A115-07,BRCA_Basal,BRCA_Basal,True,0.99932444,0.009355148,0.99932444,0.00024179787,6.3005136e-05,0.00017888361,0.00019193714,High
TCGA-BH-A1EV-01A-11R-A137-07,BRCA_Her2,BRCA_Her2,True,0.9933429,0.06649318,0.00024048125,0.9933429,0.0027343566,0.0035161034,0.0001661014,High
TCGA-E9-A245-01A-22R-A16F-07,BRCA_LumA,BRCA_LumA,True,0.9995297,0.0066431323,4.8434962e-05,5.3011565e-05,0.9995297,0.00026914716,9.9743374e-05,High
TCGA-B6-A0RI-01A-11R-A056-07,BRCA_LumA,BRCA_LumA,True,0.9875551,0.108644515,0.0005139642,0.0015795878,0.9875551,0.00999664,0.0003547532,High
TCGA-A8-A079-01A-21R-A00Z-07,BRCA_LumB,BRCA_LumB,True,0.99954873,0.0064764703,0.00018912069,0.00011465128,0.00011685328,0.99954873,3.0620668e-05,High
TCGA-S3-AA17-01A-11R-A41B-07,BRCA_LumB,BRCA_LumB,True,0.994128,0.05836539,0.00018620958,0.0010972591,0.0043897983,0.994128,0.00019876234,High
TCGA-AN-A049-01A-21R-A00Z-07,BRCA_LumA,BRCA_LumA,True,0.89352494,0.5212824,0.001724566,0.0012512847,0.89352494,0.102277234,0.0012220028,Borderline
TCGA-AQ-A04H-01B-11R-A10J-07,BRCA_LumB,BRCA_LumB,True,0.9878649,0.10910196,0.00020580449,0.0062639364,0.005505046,0.9878649,0.00016035546,High
TCGA-AC-A3W5-01A-11R-A22K-07,BRCA_Her2,BRCA_Her2,True,0.9992072,0.010879732,0.00017942674,0.9992072,0.00015586754,0.00023962028,0.00021788171,High
TCGA-E9-A2JS-01A-11R-A180-07,BRCA_LumB,BRCA_LumB,True,0.99812883,0.022629641,0.00018521203,0.00086755696,0.0007247282,0.99812883,9.36672e-05,High
TCGA-A2-A0CW-01A-21R-A115-07,BRCA_LumB,BRCA_LumB,True,0.9887067,0.10729881,0.0016791549,0.005709097,0.0035148163,0.9887067,0.00039022818,High
TCGA-AN-A04D-01A-21R-A034-07,BRCA_Basal,BRCA_Basal,True,0.9989925,0.0129042845,0.9989925,0.0006526219,4.060432e-05,0.00020089836,0.00011339473,High
TCGA-E9-A227-01A-11R-A157-07,BRCA_LumA,BRCA_LumA,True,0.9995577,0.0062625054,3.325746e-05,2.9285884e-05,0.9995577,0.00021702022,0.00016269712,High
TCGA-A2-A3XU-01A-12R-A22U-07,BRCA_Basal,BRCA_Basal,True,0.9992343,0.0103654675,0.9992343,0.00038939362,7.337256e-05,0.0001492632,0.00015360514,High
TCGA-E9-A54X-01A-11R-A266-07,BRCA_LumB,BRCA_LumB,True,0.9864873,0.10995428,0.00034757133,0.00041552552,0.012514108,0.9864873,0.00023545513,High
TCGA-AN-A0XT-01A-11R-A109-07,BRCA_LumA,BRCA_LumA,True,0.9993467,0.008842579,6.4385895e-05,3.096215e-05,0.9993467,0.00018315353,0.00037485058,High
TCGA-D8-A1JM-01A-11R-A13Q-07,BRCA_Basal,BRCA_Basal,True,0.9990783,0.012210558,0.9990783,0.00033337844,5.185582e-05,0.00038263242,0.00015387496,High
TCGA-AO-A0JB-01A-11R-A32Y-07,BRCA_Normal,BRCA_Normal,True,0.89021736,0.5783462,0.008104473,0.0016674144,0.09582136,0.004189376,0.89021736,Borderline
TCGA-AC-A2B8-01A-11R-A17B-07,BRCA_LumA,BRCA_LumA,True,0.9999372,0.0010749251,1.220162e-05,8.969906e-06,0.9999372,8.01757e-06,3.357595e-05,High
TCGA-A2-A0T3-01A-21R-A115-07,BRCA_LumB,BRCA_LumB,True,0.6219016,1.2719958,0.020443123,0.022324152,0.32217595,0.6219016,0.013155157,Low
TCGA-GM-A2DB-01A-31R-A18M-07,BRCA_Her2,BRCA_Her2,True,0.9981084,0.022339169,0.0013053796,0.9981084,7.2928095e-05,0.00019797083,0.0003153435,High
TCGA-BH-A1EY-01A-11R-A13Q-07,BRCA_LumA,BRCA_LumA,True,0.99756926,0.027864058,0.00023139805,0.0003268864,0.99756926,0.0017041716,0.00016822289,High
TCGA-A2-A0YC-01A-11R-A109-07,BRCA_LumA,BRCA_LumA,True,0.9966454,0.03322028,3.866944e-05,2.7574675e-05,0.9966454,0.0032532704,3.5111083e-05,High
TCGA-BH-A0W4-01A-11R-A109-07,BRCA_LumA,BRCA_LumA,True,0.9999378,0.0010620682,1.2207237e-05,6.1904816e-06,0.9999378,9.069918e-06,3.4696277e-05,High
TCGA-AN-A0XU-01A-11R-A109-07,BRCA_Basal,BRCA_Basal,True,0.99947566,0.0074053006,0.99947566,0.00015534158,2.9743407e-05,0.0001298424,0.00020947379,High
TCGA-AR-A5QN-01A-12R-A28M-07,BRCA_LumA,BRCA_LumA,True,0.9998253,0.0027145832,1.30541575e-05,1.4415927e-05,0.9998253,6.235968e-05,8.487033e-05,High
TCGA-JL-A3YW-01A-12R-A239-07,BRCA_Her2,BRCA_Her2,True,0.99426323,0.06064605,0.0027196826,0.99426323,0.0004625771,0.0006498155,0.0019046455,High
TCGA-BH-A204-01A-11R-A157-07,BRCA_LumB,BRCA_LumB,True,0.99779284,0.024556143,0.00012086241,0.0001316574,0.0018672013,0.99779284,8.747787e-05,High
TCGA-AN-A0AT-01A-11R-A034-07,BRCA_Basal,BRCA_Basal,True,0.99952245,0.0067774234,0.99952245,0.0001228477,2.2945578e-05,0.00011092302,0.0002208161,High
TCGA-A2-A0D1-01A-11R-A034-07,BRCA_Her2,BRCA_Her2,True,0.9968671,0.03550089,0.0012328814,0.9968671,0.0003173489,0.0014489095,0.0001337757,High
TCGA-B6-A0RE-01A-11R-A056-07,BRCA_Basal,BRCA_Basal,True,0.9992085,0.01047788,0.9992085,0.00046650998,2.994722e-05,9.150444e-05,0.00020359797,High
TCGA-GM-A3XN-01A-12R-A22U-07,BRCA_LumA,BRCA_LumA,True,0.9993412,0.008329777,3.1899097e-05,1.3196833e-05,0.9993412,2.2857295e-05,0.00059085607,High
TCGA-AO-A0JC-01A-11R-A056-07,BRCA_LumA,BRCA_LumA,True,0.5474084,1.512726,0.025332494,0.009143642,0.5474084,0.090225406,0.32789007,Low
TCGA-BH-A0DX-01A-11R-A115-07,BRCA_LumA,BRCA_LumA,True,0.99926263,0.010027447,7.6671226e-05,0.00037209236,0.99926263,0.00012140576,0.00016720283,High
TCGA-A8-A09Q-01A-11R-A00Z-07,BRCA_LumB,BRCA_LumB,True,0.99481,0.050324533,0.00013097735,0.00033418337,0.0046049515,0.99481,0.000119896315,High
TCGA-A2-A0YD-01A-11R-A109-07,BRCA_LumA,BRCA_LumA,True,0.99990845,0.0015270712,1.6043925e-05,8.6369255e-06,0.99990845,3.0462315e-05,3.6431054e-05,High
TCGA-E9-A1N3-01A-12R-A157-07,BRCA_LumA,BRCA_LumA,True,0.9993925,0.007834302,3.0783176e-05,2.5623767e-05,0.9993925,0.0005275449,2.3534174e-05,High
TCGA-A8-A0A4-01A-11R-A00Z-07,BRCA_LumA,BRCA_LumA,True,0.9972849,0.03051669,0.0002615101,0.00016251551,0.9972849,0.00032708817,0.0019639782,High
TCGA-B6-A0I6-01A-11R-A034-07,BRCA_Basal,BRCA_Basal,True,0.99953413,0.006617438,0.99953413,0.00014895157,5.2790972e-05,4.0066574e-05,0.00022406303,High
TCGA-A2-A3XY-01A-11R-A239-07,BRCA_Basal,BRCA_Basal,True,0.9987356,0.015222736,0.9987356,0.0001409995,4.3539658e-05,5.7444297e-05,0.0010223677,High
TCGA-EW-A1P3-01A-11R-A144-07,BRCA_LumA,BRCA_LumA,True,0.99772805,0.02487366,0.00010660842,8.2497274e-05,0.99772805,0.0019957938,8.7032175e-05,High
TCGA-AR-A24L-01A-11R-A169-07,BRCA_LumA,BRCA_LumA,True,0.9943135,0.055522446,0.0002697164,0.00021370048,0.9943135,0.0047944877,0.00040863027,High
TCGA-S3-AA10-01A-21R-A41B-07,BRCA_Basal,BRCA_Basal,True,0.9994814,0.0073537286,0.9994814,0.00016053913,3.335344e-05,0.00017957219,0.00014523794,High
TCGA-OL-A5RV-01A-12R-A28M-07,BRCA_LumA,BRCA_LumA,True,0.99981624,0.002732986,1.5914022e-05,1.0371403e-05,0.99981624,9.821863e-06,0.00014766802,High
TCGA-A7-A4SA-01A-11R-A266-07,BRCA_LumA,BRCA_LumA,True,0.9864915,0.11977764,0.0008918529,0.000565026,0.9864915,0.009756524,0.0022951132,High
TCGA-E2-A14R-01A-11R-A115-07,BRCA_Basal,BRCA_Basal,True,0.99896264,0.013351638,0.99896264,0.00061130145,3.228566e-05,0.0001948884,0.00019893589,High
TCGA-OL-A66O-01A-11R-A31O-07,BRCA_LumA,BRCA_LumA,True,0.9809514,0.14641951,0.00070982194,0.0006444181,0.9809514,0.01743432,0.0002599695,High
TCGA-A8-A06Y-01A-21R-A00Z-07,BRCA_LumA,BRCA_LumA,True,0.9980944,0.021608917,0.00011164467,7.395254e-05,0.9980944,0.0016108978,0.00010909452,High
TCGA-BH-A0EA-01A-11R-A115-07,BRCA_LumA,BRCA_LumA,True,0.9991848,0.010317246,5.217835e-05,3.0419811e-05,0.9991848,6.403436e-05,0.00066853414,High
TCGA-AO-A1KT-01A-11R-A13Q-07,BRCA_LumB,BRCA_LumB,True,0.9949051,0.05295333,0.0003329479,0.0011892456,0.0033561029,0.9949051,0.00021665292,High
TCGA-A2-A0ST-01A-12R-A084-07,BRCA_Basal,BRCA_Basal,True,0.9302509,0.37591,0.9302509,0.00068692776,0.0003030473,0.0002702189,0.06848891,Borderline
TCGA-B6-A0IB-01A-11R-A034-07,BRCA_LumB,BRCA_LumB,True,0.99782157,0.025123537,0.00012700444,0.00044107664,0.0015247462,0.99782157,8.558374e-05,High
TCGA-A1-A0SI-01A-11R-A144-07,BRCA_LumB,BRCA_Her2,False,0.9457077,0.34499383,0.0017524214,0.9457077,0.04704667,0.004337119,0.0011561008,Borderline
TCGA-D8-A27F-01A-11R-A16F-07,BRCA_Basal,BRCA_Basal,True,0.99939036,0.008357755,0.99939036,0.00034885423,3.155873e-05,0.00011275251,0.00011641224,High
TCGA-BH-A0B3-01A-11R-A056-07,BRCA_Basal,BRCA_Basal,True,0.9992052,0.010625557,0.9992052,0.00039001496,4.6506095e-05,9.061315e-05,0.00026766572,High
TCGA-AN-A0XO-01A-11R-A109-07,BRCA_LumA,BRCA_LumA,True,0.999257,0.010191626,0.00010027375,0.00024603307,0.999257,0.0002717135,0.00012492486,High
TCGA-A2-A3XV-01A-21R-A239-07,BRCA_Her2,BRCA_Her2,True,0.9513097,0.3402877,0.03598299,0.9513097,0.0044647683,0.0024769627,0.005765573,Borderline
TCGA-AR-A24Z-01A-11R-A169-07,BRCA_LumB,BRCA_LumB,True,0.9989178,0.013862038,8.715981e-05,0.00042478036,0.000526426,0.9989178,4.3838365e-05,High
TCGA-B6-A0I5-01A-11R-A034-07,BRCA_LumA,BRCA_LumA,True,0.9997814,0.0033782898,3.4083972e-05,8.366226e-05,0.9997814,7.312743e-05,2.7690736e-05,High
TCGA-S3-A6ZG-01A-22R-A32P-07,BRCA_LumA,BRCA_LumA,True,0.9704667,0.19773357,0.00029069645,0.00021406016,0.9704667,0.02885854,0.00017007806,High
TCGA-3C-AALI-01A-11R-A41B-07,BRCA_Her2,BRCA_Her2,True,0.99774545,0.025397237,0.00014040091,0.99774545,0.00022410725,0.0017971059,9.292863e-05,High
TCGA-BH-A1EU-01A-11R-A137-07,BRCA_LumA,BRCA_LumA,True,0.99954814,0.006238551,4.1272117e-05,2.2187989e-05,0.99954814,6.0614206e-05,0.00032772231,High
TCGA-AR-A1AW-01A-21R-A12P-07,BRCA_LumB,BRCA_LumB,True,0.9955727,0.048854522,0.00067572895,0.0005128839,0.002158101,0.9955727,0.0010805307,High
TCGA-BH-A18P-01A-11R-A12D-07,BRCA_Her2,BRCA_Her2,True,0.99642247,0.038941123,0.00014162475,0.99642247,0.0014031809,0.0019491569,8.35724e-05,High
TCGA-AN-A0FJ-01A-11R-A00Z-07,BRCA_Basal,BRCA_Basal,True,0.99948394,0.007272655,0.99948394,0.00010069579,3.1219544e-05,0.00014218771,0.00024198437,High
TCGA-BH-A0DO-01B-11R-A12D-07,BRCA_LumA,BRCA_LumA,True,0.99983346,0.002566931,2.4550855e-05,1.0199486e-05,0.99983346,2.110595e-05,0.000110620604,High
TCGA-E9-A243-01A-21R-A169-07,BRCA_Basal,BRCA_Basal,True,0.99596536,0.045843594,0.99596536,0.0008540259,0.0007733028,0.0011069658,0.0013003463,High
TCGA-E2-A159-01A-11R-A115-07,BRCA_Basal,BRCA_Her2,False,0.98131394,0.13570476,0.01850606,0.98131394,1.6619364e-05,8.830464e-05,7.507258e-05,High
TCGA-A8-A08Z-01A-21R-A00Z-07,BRCA_LumA,BRCA_LumA,True,0.99834657,0.01979884,0.00016959527,0.00017336628,0.99834657,0.001191032,0.00011939336,High
TCGA-A7-A26E-01A-11R-A277-07,BRCA_LumA,BRCA_LumA,True,0.9991872,0.010961438,0.00014375456,0.00010422571,0.9991872,0.00040833777,0.00015651833,High
TCGA-A7-A26E-01B-06R-A277-07,BRCA_LumA,BRCA_LumA,True,0.998268,0.020904835,0.0001982886,0.0001309091,0.998268,0.0011352022,0.0002675425,High
TCGA-EW-A3U0-01A-11R-A22K-07,BRCA_Basal,BRCA_Basal,True,0.9983191,0.019911269,0.9983191,0.00019655602,7.531253e-05,0.00015066736,0.0012583983,High
TCGA-E9-A226-01A-21R-A157-07,BRCA_LumB,BRCA_LumB,True,0.9933385,0.06893327,0.0007012567,0.0021589692,0.00322667,0.9933385,0.00057459075,High
TCGA-AR-A0TY-01A-12R-A115-07,BRCA_LumB,BRCA_LumB,True,0.99391234,0.060537826,0.00047027957,0.00465619,0.0006441027,0.99391234,0.0003171263,High
TCGA-A7-A3J0-01A-11R-A213-07,BRCA_LumA,BRCA_LumA,True,0.99678373,0.034013525,0.0001405142,7.599796e-05,0.99678373,0.0027014334,0.00029836324,High
TCGA-A8-A07W-01A-11R-A00Z-07,BRCA_LumB,BRCA_LumB,True,0.99663216,0.035545897,0.00016838331,0.0027845572,0.00033818773,0.99663216,7.673494e-05,High
TCGA-BH-A0BO-01A-23R-A12D-07,BRCA_LumA,BRCA_LumA,True,0.9963129,0.036682244,0.00010741564,4.5652472e-05,0.9963129,7.344788e-05,0.003460601,High
TCGA-AR-A24R-01A-11R-A169-07,BRCA_LumB,BRCA_LumB,True,0.99670225,0.03352423,9.1525006e-05,8.686827e-05,0.003062875,0.99670225,5.64699e-05,High
TCGA-AO-A03L-01A-41R-A056-07,BRCA_LumA,BRCA_LumA,True,0.95596933,0.32149294,0.0025141847,0.015632238,0.95596933,0.024584007,0.0013002396,Borderline
TCGA-HN-A2NL-01A-11R-A18M-07,BRCA_Basal,BRCA_Basal,True,0.9993273,0.009245096,0.9993273,0.00017562388,4.595237e-05,0.00030654887,0.00014455094,High
TCGA-LL-A73Z-01A-11R-A32P-07,BRCA_Normal,BRCA_Normal,True,0.99605286,0.044383522,0.001471427,0.001141316,0.0010706253,0.0002637457,0.99605286,High
TCGA-AN-A0AL-01A-11R-A00Z-07,BRCA_Basal,BRCA_Basal,True,0.9926432,0.07434947,0.9926432,0.0030933896,0.0003165725,0.00076026533,0.0031866329,High
TCGA-AR-A24O-01A-11R-A169-07,BRCA_LumA,BRCA_LumA,True,0.9982351,0.021337349,0.00018070254,8.6722204e-05,0.9982351,0.00045429394,0.0010431038,High
TCGA-B6-A0I8-01A-11R-A034-07,BRCA_LumA,BRCA_LumA,True,0.99110186,0.07884315,0.00012317087,0.00073312584,0.99110186,0.007926462,0.00011538293,High
TCGA-AC-A62Y-01A-11R-A29R-07,BRCA_LumA,BRCA_LumA,True,0.999329,0.008768728,4.303063e-05,3.637728e-05,0.999329,0.0005262255,6.537154e-05,High
TCGA-AO-A03U-01B-21R-A10J-07,BRCA_Normal,BRCA_Normal,True,0.99539256,0.04937652,0.002158574,0.00041472667,0.0018818306,0.00015235654,0.99539256,High
TCGA-A2-A0T6-01A-11R-A084-07,BRCA_LumA,BRCA_LumA,True,0.9990483,0.01238757,0.00011994433,0.00017021436,0.9990483,7.39294e-05,0.000587657,High
TCGA-B6-A0WZ-01A-11R-A109-07,BRCA_LumA,BRCA_LumA,True,0.99178606,0.07219303,0.00017406352,0.0002127014,0.99178606,0.007713934,0.00011323592,High
TCGA-E2-A15E-01A-11R-A12D-07,BRCA_LumA,BRCA_LumA,True,0.99755573,0.026517013,0.00013014326,7.100223e-05,0.99755573,0.000101496895,0.0021416487,High
TCGA-E2-A1LL-01A-11R-A144-07,BRCA_Basal,BRCA_Basal,True,0.9951852,0.05120412,0.9951852,0.0013397727,0.0002462092,0.000426747,0.0028020458,High
TCGA-AC-A7VC-01A-11R-A352-07,BRCA_Basal,BRCA_Basal,True,0.9971113,0.031975098,0.9971113,0.00025529356,0.000111866866,0.000376796,0.00214467,High
TCGA-LL-A7SZ-01A-32R-A352-07,BRCA_LumA,BRCA_LumA,True,0.7402697,1.1307261,0.016649807,0.03300647,0.7402697,0.19563979,0.014434181,Low
TCGA-S3-AA12-01A-11R-A41B-07,BRCA_LumA,BRCA_LumA,True,0.9800613,0.15175313,0.0007007438,0.0006456229,0.9800613,0.018294703,0.0002976608,High
TCGA-BH-AB28-01A-31R-A41B-07,BRCA_LumA,BRCA_LumA,True,0.9998062,0.0030492889,4.9198923e-05,3.280363e-05,0.9998062,6.429993e-05,4.746047e-05,High
TCGA-AC-A3BB-01A-21R-A19W-07,BRCA_LumA,BRCA_LumA,True,0.9996729,0.0046183746,2.0537387e-05,2.3553172e-05,0.9996729,2.6931037e-05,0.00025612692,High
TCGA-AN-A0FY-01A-11R-A034-07,BRCA_LumB,BRCA_LumB,True,0.9964223,0.040414717,0.00065682194,0.0007390244,0.0018498964,0.9964223,0.00033202005,High
TCGA-E2-A1IE-01A-11R-A13Q-07,BRCA_LumA,BRCA_LumA,True,0.9475896,0.30313817,0.0002726858,0.00024362408,0.9475896,0.05169424,0.00019989084,Borderline
TCGA-B6-A0RN-01A-12R-A084-07,BRCA_LumA,BRCA_LumA,True,0.9993376,0.008920994,6.4432184e-05,9.8883334e-05,0.9993376,0.00043352772,6.546925e-05,High
TCGA-A2-A3KC-01A-11R-A213-07,BRCA_LumA,BRCA_LumA,True,0.9998247,0.002731423,2.2988092e-05,1.695692e-05,0.9998247,3.7887694e-05,9.749941e-05,High
TCGA-D8-A1XG-01A-11R-A14D-07,BRCA_LumA,BRCA_LumA,True,0.99949193,0.0071774526,6.276499e-05,5.1080995e-05,0.99949193,0.00023770971,0.00015651264,High
TCGA-BH-A0E0-01A-11R-A056-07,BRCA_Basal,BRCA_Basal,True,0.9908812,0.08596841,0.9908812,0.0043412456,0.00011337822,0.0044625644,0.00020160529,High
TCGA-BH-A0B7-01A-12R-A115-07,BRCA_Her2,BRCA_Her2,True,0.9935482,0.067730896,0.001108215,0.9935482,0.0022993165,0.0005041788,0.0025400906,High
TCGA-BH-A18U-01A-21R-A12D-07,BRCA_LumB,BRCA_LumB,True,0.9883719,0.0946306,0.00014355019,0.011206569,0.00020941159,0.9883719,6.851163e-05,High
TCGA-AR-A1AJ-01A-21R-A12P-07,BRCA_Basal,BRCA_Basal,True,0.99824834,0.02095145,0.99824834,0.0011034431,4.795749e-05,0.00014196332,0.0004583714,High
TCGA-E9-A1RE-01A-11R-A157-07,BRCA_LumB,BRCA_LumB,True,0.9967572,0.03353346,0.000115365685,0.00012292447,0.002914485,0.9967572,8.998383e-05,High
TCGA-E2-A14U-01A-11R-A22K-07,BRCA_LumA,BRCA_LumA,True,0.9929054,0.0622117,9.807781e-05,3.4166194e-05,0.9929054,3.354024e-05,0.0069287578,High
TCGA-A1-A0SJ-01A-11R-A084-07,BRCA_LumA,BRCA_LumA,True,0.9854565,0.13310571,0.0011602642,0.0013183828,0.9854565,0.004452267,0.007612512,High
TCGA-A8-A076-01A-21R-A00Z-07,BRCA_LumB,BRCA_LumB,True,0.9974809,0.027928306,0.00012564997,0.0019741354,0.00036632453,0.9974809,5.2956406e-05,High
TCGA-BH-A0BT-01A-11R-A12P-07,BRCA_LumA,BRCA_LumA,True,0.9988544,0.015104977,0.00022659672,0.00035280522,0.9988544,0.00032846103,0.0002377802,High
TCGA-AC-A3YI-01A-21R-A239-07,BRCA_Normal,BRCA_Normal,True,0.9967525,0.03371491,0.00020985932,0.00012561186,0.0028703732,4.168211e-05,0.9967525,High
TCGA-E9-A244-01A-11R-A169-07,BRCA_Basal,BRCA_Basal,True,0.9993425,0.008939216,0.9993425,8.288545e-05,3.2046653e-05,0.00018579056,0.00035677332,High
TCGA-E9-A248-01A-11R-A169-07,BRCA_Her2,BRCA_Her2,True,0.9943036,0.058421127,0.0037442956,0.9943036,0.00015856468,0.0011619088,0.00063169893,High
TCGA-EW-A1P4-01A-21R-A144-07,BRCA_Basal,BRCA_Basal,True,0.99908483,0.012199568,0.99908483,0.00039300314,7.8192556e-05,0.00027996785,0.00016404962,High
TCGA-BH-A0BG-01A-11R-A115-07,BRCA_Basal,BRCA_Basal,True,0.9992874,0.009789916,0.9992874,0.00012348687,8.1227074e-05,0.00021035533,0.00029756516,High
TCGA-B6-A409-01A-11R-A24H-07,BRCA_Basal,BRCA_Basal,True,0.9964736,0.03809994,0.9964736,0.00071350473,9.697433e-05,0.00022494995,0.0024909533,High
TCGA-AR-A0TT-01A-31R-A084-07,BRCA_LumB,BRCA_LumB,True,0.99264574,0.073621266,0.00043018465,0.0038742993,0.0026489906,0.99264574,0.00040082476,High
TCGA-A7-A0D9-01A-31R-A056-07,BRCA_LumA,BRCA_LumA,True,0.9939023,0.06528052,0.0009782435,0.0011977738,0.9939023,0.0024355508,0.001486134,High
TCGA-E9-A22H-01A-11R-A157-07,BRCA_LumB,BRCA_LumB,True,0.9981292,0.02103441,6.944103e-05,0.00012559991,0.001630657,0.9981292,4.5064044e-05,High
TCGA-BH-A1FL-01A-11R-A13Q-07,BRCA_LumA,BRCA_LumA,True,0.9995524,0.0061775735,4.495498e-05,3.6795573e-05,0.9995524,0.00033154094,3.429715e-05,High
TCGA-B6-A0IN-01A-11R-A034-07,BRCA_LumB,BRCA_LumB,True,0.98095345,0.1523005,0.00065288803,0.00040000517,0.015889779,0.98095345,0.0021038202,High
TCGA-A2-A0SX-01A-12R-A084-07,BRCA_Basal,BRCA_Basal,True,0.99879164,0.015395619,0.99879164,0.0004889027,5.7546546e-05,0.00013113675,0.0005307697,High
TCGA-A2-A0CZ-01A-11R-A034-07,BRCA_Normal,BRCA_LumA,False,0.66257143,0.9345274,0.00050467264,0.00039382552,0.66257143,0.00018985965,0.33634022,Borderline
TCGA-A2-A04N-01A-11R-A115-07,BRCA_LumA,BRCA_LumA,True,0.99989784,0.0016988658,1.9174999e-05,3.5455585e-05,0.99989784,3.174335e-05,1.5833752e-05,High
TCGA-E2-A15P-01A-11R-A115-07,BRCA_LumA,BRCA_LumA,True,0.99990356,0.0016050896,1.8575087e-05,1.0981974e-05,0.99990356,3.6978723e-05,2.984783e-05,High
TCGA-D8-A1XT-01A-11R-A14M-07,BRCA_Her2,BRCA_Her2,True,0.99343586,0.06363416,0.0052713295,0.99343586,0.00020344592,0.0005158996,0.0005734605,High
TCGA-E2-A14Y-01A-21R-A12D-07,BRCA_Basal,BRCA_Basal,True,0.9949221,0.05174172,0.9949221,0.003726319,7.882823e-05,0.00093996985,0.00033275835,High
TCGA-AR-A250-01A-31R-A169-07,BRCA_LumB,BRCA_LumB,True,0.87639004,0.68436575,0.0039007687,0.029004361,0.08660331,0.87639004,0.004101517,Borderline
TCGA-A2-A04V-01A-21R-A034-07,BRCA_LumA,BRCA_LumA,True,0.9965873,0.034450207,8.9084395e-05,6.115112e-05,0.9965873,0.0031841542,7.832858e-05,High
TCGA-B6-A0RL-01A-11R-A084-07,BRCA_LumB,BRCA_LumB,True,0.9967474,0.035422787,0.0004013455,0.00025379294,0.0024369268,0.9967474,0.00016057403,High
TCGA-A2-A0EW-01A-21R-A115-07,BRCA_LumA,BRCA_LumA,True,0.998946,0.012766279,5.4942313e-05,2.5913932e-05,0.998946,6.333297e-05,0.00090979,High
TCGA-E2-A15H-01A-11R-A12D-07,BRCA_LumA,BRCA_LumA,True,0.98804307,0.1067698,0.0005511544,0.002277718,0.98804307,0.008846132,0.00028200055,High
TCGA-C8-A8HP-01A-11R-A36F-07,BRCA_Her2,BRCA_Her2,True,0.99918395,0.01106922,0.00036405408,0.99918395,0.00013079014,0.00017364926,0.00014749724,High
TCGA-AC-A7VB-01A-11R-A352-07,BRCA_LumB,BRCA_LumB,True,0.9970311,0.034070347,0.0008086876,0.0004269105,0.0015609803,0.9970311,0.00017230272,High
TCGA-AR-A24P-01A-11R-A169-07,BRCA_LumA,BRCA_LumA,True,0.996287,0.038543843,0.00022066542,0.00018903083,0.996287,0.0031362895,0.00016696365,High
TCGA-AR-A256-01A-11R-A169-07,BRCA_Basal,BRCA_Basal,True,0.9995048,0.00706285,0.9995048,0.0001603628,3.5386565e-05,0.00015837743,0.00014106087,High
TCGA-A7-A426-01A-22R-A24H-07,BRCA_LumA,BRCA_LumA,True,0.97733945,0.15799333,9.141369e-05,3.8360053e-05,0.97733945,5.977421e-05,0.022470972,High
TCGA-D8-A1J9-01A-11R-A13Q-07,BRCA_LumB,BRCA_LumB,True,0.97928566,0.16786824,0.0005323288,0.014673267,0.0051795067,0.97928566,0.00032919148,High
TCGA-EW-A2FS-01A-11R-A17B-07,BRCA_LumA,BRCA_LumA,True,0.997317,0.030764583,0.00021971868,9.18512e-05,0.997317,0.0013930008,0.0009783647,High
TCGA-BH-A0B8-01A-21R-A056-07,BRCA_LumA,BRCA_LumA,True,0.99327433,0.05965251,7.174237e-05,4.6172645e-05,0.99327433,0.0065498734,5.786743e-05,High
TCGA-BH-A0E7-01A-11R-A034-07,BRCA_LumA,BRCA_LumA,True,0.99783117,0.024633963,0.00013997497,0.00015059343,0.99783117,0.0017168624,0.00016139825,High
TCGA-BH-A0BJ-01A-11R-A056-07,BRCA_LumA,BRCA_LumA,True,0.9996371,0.005276571,6.218429e-05,2.9519751e-05,0.9996371,7.2433664e-05,0.00019873826,High
TCGA-AO-A0JL-01A-11R-A056-07,BRCA_Basal,BRCA_Basal,True,0.99762636,0.02667214,0.99762636,0.00021950049,7.7879035e-05,0.0002216799,0.001854631,High
TCGA-AC-A5XS-01A-11R-A29R-07,BRCA_LumA,BRCA_LumA,True,0.9984226,0.019316416,0.00010477937,7.5968004e-05,0.9984226,0.00059015705,0.00080647063,High
TCGA-AC-A2QJ-01A-12R-A19W-07,BRCA_Basal,BRCA_Basal,True,0.9925844,0.072174765,0.9925844,0.00057586934,0.0004514523,0.00089298096,0.005495306,High
TCGA-AO-A03T-01A-21R-A034-07,BRCA_Normal,BRCA_Normal,True,0.9951132,0.052091356,0.0005156809,0.00044249545,0.0030003225,0.0009283788,0.9951132,High
TCGA-LD-A7W6-01A-81R-A352-07,BRCA_LumA,BRCA_LumA,True,0.9996847,0.0046166843,3.5470584e-05,1.701881e-05,0.9996847,8.784129e-05,0.0001750161,High
TCGA-D8-A27H-01A-11R-A16F-07,BRCA_Basal,BRCA_Basal,True,0.998966,0.013265019,0.998966,0.00023894638,3.6406713e-05,0.00012903413,0.0006296636,High
TCGA-OL-A6VR-01A-32R-A33J-07,BRCA_LumA,BRCA_LumA,True,0.9997502,0.0037960163,4.593461e-05,2.9454668e-05,0.9997502,5.1308358e-05,0.00012313895,High
TCGA-BH-A18Q-01A-12R-A12D-07,BRCA_Basal,BRCA_Basal,True,0.9983407,0.020119548,0.9983407,0.00019862973,0.00015990269,0.00019751409,0.0011032097,High
TCGA-B6-A0IO-01A-11R-A034-07,BRCA_LumA,BRCA_LumA,True,0.9949975,0.04871323,0.00017150254,0.00023308268,0.9949975,0.004467874,0.00013008276,High
TCGA-C8-A1HF-01A-11R-A137-07,BRCA_Her2,BRCA_Her2,True,0.9930608,0.067300364,0.0013915421,0.9930608,0.00021204558,0.0051320684,0.0002035651,High
TCGA-A1-A0SQ-01A-21R-A144-07,BRCA_LumA,BRCA_LumA,True,0.9964043,0.04060131,0.00036361578,0.000984415,0.9964043,0.0017780858,0.00046962893,High
TCGA-C8-A137-01A-11R-A115-07,BRCA_Her2,BRCA_Her2,True,0.9993901,0.008343702,0.00013413935,0.9993901,6.9032816e-05,0.0003621165,4.462402e-05,High
TCGA-B6-A0IJ-01A-11R-A034-07,BRCA_Basal,BRCA_Basal,True,0.99882334,0.014759322,0.99882334,0.00077160116,3.27872e-05,0.00023236805,0.00013989452,High
TCGA-AO-A12E-01A-11R-A10J-07,BRCA_LumA,BRCA_LumA,True,0.994831,0.053333048,0.0002583613,0.00016631074,0.994831,0.0033819298,0.0013623771,High
TCGA-D8-A1XZ-01A-11R-A14M-07,BRCA_LumB,BRCA_LumB,True,0.9931015,0.07129916,0.0010263583,0.0027665095,0.002673016,0.9931015,0.00043268927,High
TCGA-A7-A13F-01A-11R-A12P-07,BRCA_LumB,BRCA_LumB,True,0.9945029,0.055122748,0.00040760517,0.0005363751,0.0043078815,0.9945029,0.00024529398,High
TCGA-E2-A15J-01A-11R-A12P-07,BRCA_LumA,BRCA_LumA,True,0.9979482,0.022708105,9.17692e-05,9.2226124e-05,0.9979482,0.0018137763,5.4065247e-05,High
TCGA-BH-A1F0-01A-11R-A137-07,BRCA_Basal,BRCA_Basal,True,0.996163,0.038811427,0.996163,0.00015302353,0.0001215723,0.00012752082,0.0034348583,High
TCGA-BH-A0H7-01A-13R-A056-07,BRCA_LumA,BRCA_LumA,True,0.99135584,0.08462245,0.00076572323,0.0018250488,0.99135584,0.0053715217,0.0006818601,High
TCGA-A8-A0AB-01A-11R-A034-07,BRCA_LumA,BRCA_LumA,True,0.9862017,0.1083943,0.00016772175,0.00015303488,0.9862017,0.013378814,9.8755874e-05,High
TCGA-A8-A06Z-01A-11R-A00Z-07,BRCA_LumB,BRCA_LumB,True,0.9968431,0.035172522,0.0001789715,0.0010978619,0.0017761058,0.9968431,0.000103985076,High
TCGA-BH-A8FZ-01A-11R-A352-07,BRCA_Normal,BRCA_Normal,True,0.9975942,0.02625415,0.00016230645,6.3418374e-05,0.0020801593,9.989307e-05,0.9975942,High
TCGA-E2-A1LK-01A-21R-A14D-07,BRCA_Basal,BRCA_Basal,True,0.9992731,0.009898863,0.9992731,0.00032622038,4.6322635e-05,0.0002130898,0.00014124837,High
TCGA-LL-A5YL-01A-12R-A29R-07,BRCA_LumA,BRCA_LumA,True,0.9876189,0.113378644,0.00076400104,0.0020264438,0.9876189,0.008364245,0.001226343,High
TCGA-B6-A0X0-01A-21R-A115-07,BRCA_LumA,BRCA_LumA,True,0.9996952,0.0044803643,4.2946187e-05,3.6924608e-05,0.9996952,0.00018678828,3.81763e-05,High
TCGA-BH-A18K-01A-11R-A12D-07,BRCA_LumA,BRCA_LumA,True,0.9926779,0.07027405,0.00042563857,0.0009189121,0.9926779,0.005713112,0.00026435056,High
TCGA-BH-A0AZ-01A-21R-A12P-07,BRCA_LumA,BRCA_LumA,True,0.99956745,0.0061725136,4.6452293e-05,4.4378463e-05,0.99956745,0.00010489591,0.00023676743,High
TCGA-A7-A5ZW-01A-12R-A29R-07,BRCA_LumA,BRCA_LumA,True,0.9997322,0.0038564932,2.4570949e-05,2.0646128e-05,0.9997322,1.3055383e-05,0.00020954954,High
TCGA-LL-A6FR-01A-12R-A31O-07,BRCA_Basal,BRCA_Basal,True,0.99626017,0.041805677,0.99626017,0.0011048273,0.0003438138,0.00039517778,0.0018960069,High
TCGA-A7-A3IZ-01A-11R-A213-07,BRCA_LumA,BRCA_LumA,True,0.98440695,0.11846988,0.00011931424,8.9802976e-05,0.98440695,0.01530165,8.227553e-05,High
TCGA-AN-A0FX-01A-11R-A034-07,BRCA_Basal,BRCA_Basal,True,0.9987846,0.015043182,0.9987846,0.00012637865,8.6968605e-05,0.00010909887,0.0008929835,High
TCGA-D8-A1JD-01A-11R-A13Q-07,BRCA_LumB,BRCA_LumB,True,0.9983675,0.019361023,0.00012324854,0.00022164751,0.0012267159,0.9983675,6.0914772e-05,High
TCGA-A2-A3Y0-01A-11R-A239-07,BRCA_Basal,BRCA_Basal,True,0.9953454,0.048045944,0.9953454,0.0032895536,4.3293036e-05,0.0010608818,0.00026081715,High
TCGA-E2-A15K-01A-11R-A12P-07,BRCA_LumB,BRCA_LumB,True,0.99315405,0.062372398,0.00011507325,0.00033284372,0.0063293553,0.99315405,6.8753296e-05,High
TCGA-BH-A0HF-01A-11R-A056-07,BRCA_LumA,BRCA_LumA,True,0.9998361,0.0026088567,2.6160327e-05,2.6816047e-05,0.9998361,6.0433948e-05,5.043723e-05,High
TCGA-BH-A1FH-01A-12R-A13Q-07,BRCA_LumA,BRCA_Normal,False,0.9905847,0.079405874,0.00018090925,5.6860838e-05,0.009088191,8.931426e-05,0.9905847,High
TCGA-B6-A0X1-01A-11R-A109-07,BRCA_Basal,BRCA_Basal,True,0.99843043,0.019461285,0.99843043,0.0007645546,4.699244e-05,0.0004220647,0.00033588996,High
TCGA-D8-A13Y-01A-11R-A115-07,BRCA_LumB,BRCA_LumB,True,0.9544126,0.33999088,0.026482072,0.009635171,0.006188711,0.9544126,0.0032814348,Borderline
TCGA-GI-A2C9-01A-11R-A21T-07,BRCA_Basal,BRCA_Basal,True,0.9993399,0.008683524,0.9993399,5.1501982e-05,4.057496e-05,6.160912e-05,0.0005064432,High
TCGA-B6-A0WS-01A-11R-A115-07,BRCA_LumA,BRCA_LumA,True,0.9985275,0.017122155,6.614135e-05,6.353433e-05,0.9985275,0.0012757283,6.706801e-05,High
TCGA-LD-A7W5-01A-22R-A352-07,BRCA_LumA,BRCA_LumA,True,0.9983699,0.020006252,0.00013031407,0.00042077413,0.9983699,0.00014713468,0.00093198224,High
TCGA-E9-A22E-01A-11R-A157-07,BRCA_LumB,BRCA_LumB,True,0.9797188,0.1710982,0.0006934593,0.0028056593,0.013427204,0.9797188,0.0033549129,High
TCGA-E9-A1NG-01A-21R-A14M-07,BRCA_LumA,BRCA_LumA,True,0.9960867,0.04322961,0.00025622724,0.00037338113,0.9960867,0.0013245732,0.0019590852,High
TCGA-EW-A1P5-01A-11R-A144-07,BRCA_LumA,BRCA_LumA,True,0.9913043,0.07578581,0.00017753056,0.00020478551,0.9913043,0.008155992,0.00015738014,High
TCGA-EW-A1OY-01A-11R-A144-07,BRCA_LumB,BRCA_LumB,True,0.99875176,0.01581461,0.00022404549,0.00018453047,0.0007436326,0.99875176,9.5980235e-05,High
TCGA-AC-A6NO-01A-12R-A33J-07,BRCA_LumA,BRCA_LumA,True,0.999853,0.0023161392,1.8920397e-05,2.3422579e-05,0.999853,8.910423e-05,1.5534e-05,High
TCGA-D8-A1JK-01A-11R-A13Q-07,BRCA_Basal,BRCA_Basal,True,0.978247,0.16965866,0.978247,0.018187797,0.00029357974,0.0021617888,0.001109844,High
TCGA-C8-A130-01A-31R-A115-07,BRCA_LumB,BRCA_LumB,True,0.99469525,0.054742098,0.00065550033,0.0037396508,0.00060641393,0.99469525,0.0003032308,High
TCGA-AO-A0J2-01A-11R-A034-07,BRCA_Her2,BRCA_Her2,True,0.90626216,0.5427829,0.073492564,0.90626216,0.0014695545,0.013709601,0.0050661373,Borderline
TCGA-E2-A1IU-01A-11R-A14D-07,BRCA_LumA,BRCA_LumA,True,0.9999405,0.0010341511,1.3543231e-05,8.689435e-06,0.9999405,2.346783e-05,1.3766769e-05,High
TCGA-A7-A0CJ-01A-21R-A00Z-07,BRCA_LumB,BRCA_LumB,True,0.99695754,0.03446193,0.00037622824,0.0006739607,0.0018258826,0.99695754,0.00016638386,High
TCGA-BH-A1FG-01A-11R-A13Q-07,BRCA_LumA,BRCA_LumA,True,0.9963834,0.037483066,0.00015136339,0.00015064422,0.9963834,0.003101877,0.00021269498,High
TCGA-LL-A440-01A-11R-A24H-07,BRCA_LumA,BRCA_LumA,True,0.9508183,0.28688684,0.00021340145,6.39455e-05,0.9508183,0.00012883294,0.04877544,High
TCGA-AC-A8OS-01A-12R-A41B-07,BRCA_LumA,BRCA_LumA,True,0.9997774,0.0033487105,2.7095153e-05,1.8592236e-05,0.9997774,3.1117674e-05,0.00014583454,High
TCGA-E2-A14Z-01A-11R-A115-07,BRCA_LumA,BRCA_LumA,True,0.99378246,0.06621192,0.001095396,0.0014555563,0.99378246,0.0026577716,0.0010088489,High
TCGA-B6-A400-01A-11R-A239-07,BRCA_Basal,BRCA_Basal,True,0.999466,0.007368407,0.999466,9.5966934e-05,2.031185e-05,8.8568035e-05,0.00032919197,High
TCGA-E2-A1B4-01A-11R-A12P-07,BRCA_LumA,BRCA_LumA,True,0.99979824,0.0031010513,2.9804807e-05,2.7080037e-05,0.99979824,0.000116746865,2.8171462e-05,High
TCGA-GM-A2DC-01A-11R-A18M-07,BRCA_LumA,BRCA_LumA,True,0.9963754,0.03736208,0.00019883018,0.0001097743,0.9963754,0.0031521535,0.00016389487,High
TCGA-A7-A4SE-01A-11R-A266-07,BRCA_Basal,BRCA_Basal,True,0.99908423,0.012031188,0.99908423,0.00020479786,4.276554e-05,0.0001612424,0.000506955,High
TCGA-E2-A10E-01A-21R-A10J-07,BRCA_LumA,BRCA_LumA,True,0.999539,0.006337395,3.8505936e-05,4.9639664e-05,0.999539,0.00034238337,3.0425253e-05,High
TCGA-D8-A1JF-01A-11R-A13Q-07,BRCA_Her2,BRCA_Her2,True,0.4375025,1.9480171,0.07297712,0.4375025,0.17919284,0.2665024,0.043825172,Low
TCGA-E2-A1BD-01A-11R-A12P-07,BRCA_LumA,BRCA_LumA,True,0.9998951,0.0017205428,1.8464474e-05,1.675521e-05,0.9998951,5.524315e-05,1.4405361e-05,High
TCGA-D8-A1XY-01A-11R-A14M-07,BRCA_LumA,BRCA_LumA,True,0.99960226,0.0056701163,4.015733e-05,5.869827e-05,0.99960226,0.00025294023,4.5980094e-05,High
TCGA-A8-A08H-01A-21R-A00Z-07,BRCA_Normal,BRCA_Normal,True,0.9960264,0.042175066,0.00298715,0.00028055135,0.00038862074,0.0003172721,0.9960264,High
TCGA-EW-A1P7-01A-21R-A144-07,BRCA_Normal,BRCA_Normal,True,0.9977564,0.024336638,0.0020106307,4.7338017e-05,0.00015882273,2.6833766e-05,0.9977564,High
TCGA-E2-A15G-01A-11R-A12D-07,BRCA_LumA,BRCA_LumA,True,0.9998282,0.0026150285,1.699321e-05,1.4001342e-05,0.9998282,0.00012519694,1.5608115e-05,High
TCGA-A8-A09X-01A-11R-A00Z-07,BRCA_Her2,BRCA_Her2,True,0.99574214,0.046447255,0.0012739603,0.99574214,0.00032577993,0.0022862852,0.0003717734,High
TCGA-OL-A5RW-01A-11R-A28M-07,BRCA_Basal,BRCA_Basal,True,0.99838245,0.020132175,0.99838245,0.0006577577,9.260141e-05,0.00027944517,0.00058776874,High
TCGA-A2-A0T1-01A-21R-A084-07,BRCA_Her2,BRCA_Her2,True,0.9202906,0.5357775,0.0065170303,0.9202906,0.022831738,0.040197846,0.010162749,Borderline
TCGA-BH-A0DV-01A-21R-A12P-07,BRCA_LumA,BRCA_LumA,True,0.99111956,0.07662,0.00017391852,0.00012748383,0.99111956,0.0001602159,0.008418821,High
TCGA-A2-A0CU-01A-12R-A034-07,BRCA_LumA,BRCA_LumA,True,0.98493516,0.12474825,0.0006207404,0.00034406886,0.98493516,0.012900792,0.0011991912,High
TCGA-AC-A5XU-01A-11R-A28M-07,BRCA_LumA,BRCA_LumA,True,0.98523986,0.116828315,0.0003477864,0.00024196816,0.98523986,0.013928031,0.00024236053,High
TCGA-D8-A1XK-01A-21R-A14M-07,BRCA_Basal,BRCA_Basal,True,0.9992136,0.010586581,0.9992136,0.00026034057,3.6038404e-05,0.00034202784,0.00014797573,High
TCGA-D8-A1X9-01A-12R-A157-07,BRCA_LumA,BRCA_LumA,True,0.97439384,0.17724703,0.00025368558,0.00020113151,0.97439384,0.024956394,0.0001950006,High
TCGA-OL-A66I-01A-21R-A29R-07,BRCA_Basal,BRCA_Basal,True,0.9994721,0.007302182,0.9994721,9.5973555e-05,3.21657e-05,6.949003e-05,0.00033033272,High
TCGA-AR-A2LH-01A-31R-A18M-07,BRCA_Normal,BRCA_Normal,True,0.8673061,0.70914596,0.008652366,0.015888102,0.10303666,0.005116747,0.8673061,Borderline
TCGA-D8-A1Y1-01A-21R-A14M-07,BRCA_LumB,BRCA_LumB,True,0.9792239,0.16896029,0.00089361944,0.0024913251,0.015986152,0.9792239,0.0014049889,High
TCGA-A8-A092-01A-11R-A00Z-07,BRCA_LumB,BRCA_LumB,True,0.99967563,0.004747421,6.035243e-05,0.00018661602,5.6611145e-05,0.99967563,2.0777434e-05,High
TCGA-AR-A1AH-01A-11R-A12D-07,BRCA_Basal,BRCA_Basal,True,0.99915123,0.01134088,0.99915123,0.00033983093,2.9321027e-05,0.00020213226,0.0002775158,High
TCGA-OL-A6VO-01A-12R-A33J-07,BRCA_Basal,BRCA_Basal,True,0.9993824,0.008548035,0.9993824,0.00026203363,3.2952797e-05,0.00020192467,0.000120656165,High
TCGA-AR-A1AY-01A-21R-A12P-07,BRCA_Basal,BRCA_Basal,True,0.9996573,0.005081074,0.9996573,0.00011527609,3.0554536e-05,0.00010032673,9.6539145e-05,High
TCGA-AO-A0J3-01A-11R-A034-07,BRCA_LumB,BRCA_LumB,True,0.99834013,0.0202643,0.00029940592,0.00018837393,0.0010301039,0.99834013,0.00014192764,High
TCGA-AR-A254-01A-21R-A169-07,BRCA_Her2,BRCA_Her2,True,0.99254215,0.07683454,0.0012362456,0.99254215,0.0018853802,0.0034977503,0.0008385247,High
TCGA-EW-A1OX-01A-11R-A144-07,BRCA_LumB,BRCA_LumB,True,0.99110377,0.08037988,0.0004784622,0.0004532973,0.0076821223,0.99110377,0.0002823747,High
TCGA-D8-A27L-01A-11R-A16F-07,BRCA_LumA,BRCA_LumA,True,0.9998356,0.0026078154,3.2803033e-05,2.382503e-05,0.9998356,3.357331e-05,7.4142066e-05,High
TCGA-BH-A2L8-01A-11R-A18M-07,BRCA_LumA,BRCA_LumA,True,0.9991322,0.011803701,0.0002009985,0.000262879,0.9991322,0.00019702401,0.00020689885,High
TCGA-BH-A0E1-01A-11R-A056-07,BRCA_LumA,BRCA_LumA,True,0.6534461,1.177408,0.01757599,0.0124676535,0.6534461,0.30535638,0.01115391,Low
TCGA-HN-A2OB-01A-21R-A27Q-07,BRCA_LumA,BRCA_LumA,True,0.9988367,0.0138084125,5.558578e-05,2.5772397e-05,0.9988367,5.007453e-05,0.0010319282,High
TCGA-E9-A228-01A-31R-A157-07,BRCA_LumB,BRCA_LumB,True,0.99947566,0.0074619506,0.00010681583,0.00018431936,0.00017078876,0.99947566,6.246511e-05,High
TCGA-E2-A573-01A-11R-A29R-07,BRCA_Basal,BRCA_Basal,True,0.99954635,0.0064839064,0.99954635,0.00020089955,2.4422532e-05,0.0001278427,0.00010049716,High
TCGA-C8-A12U-01A-11R-A115-07,BRCA_LumB,BRCA_LumB,True,0.9981268,0.023007575,0.0007186834,0.000657047,0.0003763756,0.9981268,0.000121067635,High
TCGA-C8-A12Z-01A-11R-A115-07,BRCA_Her2,BRCA_Her2,True,0.99952674,0.006520506,4.292585e-05,0.99952674,6.992329e-05,0.00033640294,2.4025177e-05,High
TCGA-AR-A1AQ-01A-11R-A12P-07,BRCA_Basal,BRCA_Basal,True,0.999091,0.01189401,0.999091,0.0005105045,2.654021e-05,0.00022459702,0.00014728618,High
TCGA-OL-A66P-01A-11R-A31O-07,BRCA_Her2,BRCA_Her2,True,0.81635535,0.9675759,0.078124635,0.81635535,0.015077812,0.007260413,0.083181806,Borderline
TCGA-E2-A2P6-01A-11R-A19W-07,BRCA_LumA,BRCA_LumA,True,0.97940207,0.14860566,0.00017655533,0.00012488214,0.97940207,0.02014935,0.00014712046,High
TCGA-AC-A3TN-01A-11R-A22K-07,BRCA_LumA,BRCA_LumA,True,0.99990165,0.0016293746,1.712097e-05,1.5957998e-05,0.99990165,4.7160574e-05,1.804218e-05,High
TCGA-XX-A899-01A-11R-A36F-07,BRCA_LumA,BRCA_LumA,True,0.9874884,0.09915301,0.000109448934,6.7513436e-05,0.9874884,7.0206945e-05,0.012264499,High
TCGA-E9-A249-01A-11R-A169-07,BRCA_LumB,BRCA_LumB,True,0.9768232,0.16592981,0.00032305933,0.00036077632,0.022259112,0.9768232,0.00023383343,High
TCGA-E9-A1N5-01A-11R-A14D-07,BRCA_LumA,BRCA_LumA,True,0.99815995,0.0203055,4.8161546e-05,5.2074454e-05,0.99815995,0.0017001769,3.9653158e-05,High
TCGA-A2-A3XZ-01A-42R-A239-07,BRCA_Her2,BRCA_Her2,True,0.99819654,0.022436967,0.0007235671,0.99819654,0.0004274452,0.00021854865,0.00043395458,High
TCGA-A2-A0CP-01A-11R-A034-07,BRCA_LumA,BRCA_LumA,True,0.91548795,0.42094934,0.0001246583,0.0001039158,0.91548795,4.5683617e-05,0.08423778,Borderline
TCGA-AO-A0JJ-01A-11R-A056-07,BRCA_LumA,BRCA_LumA,True,0.9996772,0.0046573956,3.1791536e-05,1.2255209e-05,0.9996772,6.856273e-05,0.00021025742,High
TCGA-BH-A0HY-01A-11R-A056-07,BRCA_LumB,BRCA_LumB,True,0.9875765,0.11592618,0.0021678798,0.0073326332,0.002221301,0.9875765,0.00070169475,High
TCGA-BH-A1FR-01A-11R-A13Q-07,BRCA_LumA,BRCA_LumA,True,0.99574935,0.044436436,0.0004021808,0.00020112212,0.99574935,0.0032632474,0.00038410485,High
TCGA-BH-A18F-01A-11R-A12D-07,BRCA_LumA,BRCA_LumA,True,0.98140854,0.16765586,0.0016391114,0.0053583235,0.98140854,0.004186474,0.0074075935,High
TCGA-EW-A1PF-01A-11R-A144-07,BRCA_LumA,BRCA_LumA,True,0.9997296,0.0041211816,4.8140773e-05,9.6997326e-05,0.9997296,7.040526e-05,5.4848195e-05,High
TCGA-BH-A0HO-01A-11R-A034-07,BRCA_LumA,BRCA_LumA,True,0.99879277,0.014137066,3.815224e-05,3.154666e-05,0.99879277,0.0010996857,3.78726e-05,High
TCGA-A7-A425-01A-11R-A24H-07,BRCA_LumA,BRCA_LumA,True,0.99976236,0.0036145188,2.9561004e-05,2.5912366e-05,0.99976236,6.320659e-05,0.00011891893,High
TCGA-AR-A24U-01A-11R-A169-07,BRCA_Her2,BRCA_Her2,True,0.9938611,0.065698974,0.001407904,0.9938611,0.00077592063,0.0018750635,0.00207999,High
TCGA-BH-A0HK-01A-11R-A056-07,BRCA_LumA,BRCA_LumA,True,0.99977905,0.003389363,2.5533256e-05,2.2315595e-05,0.99977905,8.2294566e-05,9.083674e-05,High
TCGA-E2-A154-01A-11R-A115-07,BRCA_LumA,BRCA_LumA,True,0.99697757,0.030748403,6.80281e-05,4.1478237e-05,0.99697757,0.0028717373,4.12216e-05,High
TCGA-AO-A0JA-01A-11R-A056-07,BRCA_LumA,BRCA_LumA,True,0.99882656,0.015005626,8.810007e-05,0.00049679866,0.99882656,0.000499833,8.864164e-05,High
TCGA-5L-AAT0-01A-12R-A41B-07,BRCA_LumA,BRCA_LumA,True,0.99991703,0.0014007571,1.6864751e-05,1.6148355e-05,0.99991703,1.3657842e-05,3.6336434e-05,High
TCGA-AC-A2FE-01A-11R-A19W-07,BRCA_LumA,BRCA_LumA,True,0.9998766,0.001966253,1.4351412e-05,1.0888812e-05,0.9998766,1.969805e-05,7.845375e-05,High
TCGA-BH-A0RX-01A-21R-A084-07,BRCA_Basal,BRCA_Basal,True,0.9660732,0.2226037,0.9660732,0.00069351133,9.439839e-05,0.00039162586,0.032747258,High
TCGA-E2-A1IH-01A-11R-A13Q-07,BRCA_LumA,BRCA_LumA,True,0.9996904,0.0046047466,3.5339206e-05,3.6405192e-05,0.9996904,0.0001321276,0.00010571105,High
TCGA-A7-A4SC-01A-12R-A266-07,BRCA_LumA,BRCA_LumA,True,0.9995535,0.006365888,4.4076776e-05,3.7753613e-05,0.9995535,0.0001744373,0.00019025693,High
TCGA-AR-A5QQ-01A-11R-A28M-07,BRCA_Basal,BRCA_Basal,True,0.9981993,0.021799944,0.9981993,0.0008157194,8.5924104e-05,0.00014647203,0.0007526443,High
TCGA-S3-A6ZH-01A-22R-A32P-07,BRCA_LumA,BRCA_LumA,True,0.9885923,0.10500406,0.00051539484,0.003759306,0.9885923,0.006818122,0.00031487612,High
TCGA-BH-A0HX-01A-21R-A056-07,BRCA_LumA,BRCA_LumA,True,0.8911328,0.5315125,0.0017395702,0.00085841434,0.8911328,0.10415983,0.0021094235,Borderline
TCGA-E2-A576-01A-11R-A31O-07,BRCA_LumA,BRCA_LumA,True,0.99754614,0.027678607,0.00016364084,0.0003141498,0.99754614,0.0018495551,0.00012647668,High
TCGA-E2-A156-01A-11R-A12D-07,BRCA_LumA,BRCA_LumA,True,0.9962626,0.037568513,0.00010302436,0.0001320269,0.9962626,0.0034222237,8.008645e-05,High
TCGA-A7-A56D-01A-11R-A27Q-07,BRCA_LumA,BRCA_LumA,True,0.99011093,0.0975029,0.0018827729,0.0015538076,0.99011093,0.0050798524,0.0013725703,High
TCGA-E2-A152-01A-11R-A12D-07,BRCA_Her2,BRCA_Her2,True,0.99625045,0.040353734,0.00035207244,0.99625045,0.0027212994,0.00046574904,0.00021049868,High
TCGA-A7-A0DB-01A-11R-A277-07,BRCA_LumA,BRCA_LumA,True,0.9994461,0.007867163,0.00012692463,9.434244e-05,0.9994461,0.00012929537,0.00020334248,High
TCGA-A7-A0DB-01A-11R-A00Z-07,BRCA_LumA,BRCA_LumA,True,0.99988735,0.0018640733,2.6850612e-05,2.4254568e-05,0.99988735,3.479307e-05,2.6774362e-05,High
TCGA-A7-A0DB-01C-02R-A277-07,BRCA_LumA,BRCA_LumA,True,0.9884947,0.10483898,0.0012825571,0.0004681711,0.9884947,0.008396633,0.0013579654,High
TCGA-E9-A1R0-01A-22R-A16F-07,BRCA_LumA,BRCA_LumA,True,0.99983954,0.002506394,1.9407817e-05,9.63728e-06,0.99983954,4.0335803e-05,9.1014976e-05,High
TCGA-BH-A0BP-01A-11R-A115-07,BRCA_LumA,BRCA_LumA,True,0.999017,0.0128335375,0.00017074474,0.00012355733,0.999017,0.000111781555,0.00057695445,High
TCGA-E2-A158-01A-11R-A12D-07,BRCA_Basal,BRCA_Basal,True,0.99846977,0.019227713,0.99846977,0.00027997434,0.00015564502,0.00034354444,0.00075108453,High
TCGA-AC-A3OD-01A-11R-A21T-07,BRCA_LumA,BRCA_LumA,True,0.9982862,0.020869156,0.00023688783,0.00013011192,0.9982862,0.0010512506,0.000295596,High
TCGA-AC-A23G-01A-11R-A213-07,BRCA_LumA,BRCA_LumA,True,0.9930127,0.06148467,8.338417e-05,4.752596e-05,0.9930127,3.82256e-05,0.006818146,High
TCGA-A2-A3XS-01A-11R-A22U-07,BRCA_Basal,BRCA_Basal,True,0.9994677,0.0074812258,0.9994677,0.00018464847,6.3547595e-05,4.9742837e-05,0.00023436619,High
TCGA-AR-A1AT-01A-11R-A12P-07,BRCA_Her2,BRCA_Her2,True,0.9958319,0.044721466,0.0003715976,0.9958319,0.000965492,0.0026794425,0.00015157998,High
TCGA-AC-A5EH-01A-11R-A28M-07,BRCA_Her2,BRCA_Her2,True,0.99295515,0.0713608,0.0011092781,0.99295515,0.00436895,0.0009721522,0.0005944676,High
TCGA-E9-A5FL-01A-11R-A27Q-07,BRCA_Basal,BRCA_Basal,True,0.98049253,0.16499044,0.98049253,0.007243021,0.0005711392,0.0008590688,0.0108341845,High
TCGA-GM-A2DA-01A-11R-A18M-07,BRCA_LumA,BRCA_LumA,True,0.9936498,0.06743197,0.0006975229,0.0013393505,0.9936498,0.0021417085,0.0021715944,High
TCGA-A2-A0YG-01A-21R-A109-07,BRCA_LumB,BRCA_LumB,True,0.9897886,0.09061192,0.00044390434,0.0086507015,0.00090741954,0.9897886,0.00020930734,High
TCGA-C8-A3M8-01A-11R-A213-07,BRCA_LumB,BRCA_LumB,True,0.9900199,0.08514172,0.00040043565,0.00011963029,0.009307017,0.9900199,0.0001529657,High
TCGA-AO-A1KO-01A-31R-A13Q-07,BRCA_Normal,BRCA_Normal,True,0.9986731,0.016301434,0.00033657852,6.134202e-05,0.00087699323,5.2076633e-05,0.9986731,High
TCGA-AN-A0FN-01A-11R-A034-07,BRCA_LumA,BRCA_LumA,True,0.9544147,0.2790362,0.0004670559,0.00039736534,0.9544147,0.0006105103,0.044110313,High
TCGA-A2-A25F-01A-11R-A169-07,BRCA_Basal,BRCA_Basal,True,0.9978982,0.024243647,0.9978982,0.00026035067,0.0001446136,0.0001278207,0.001569005,High
TCGA-E2-A15D-01A-11R-A115-07,BRCA_LumA,BRCA_LumA,True,0.9998248,0.0027083936,1.8775008e-05,2.3857514e-05,0.9998248,0.000110373905,2.2233979e-05,High
TCGA-A8-A09R-01A-11R-A00Z-07,BRCA_LumB,BRCA_LumB,True,0.99383473,0.059513424,0.00016864136,0.00084803294,0.0050431923,0.99383473,0.000105419495,High
TCGA-BH-A18J-01A-11R-A12D-07,BRCA_LumA,BRCA_LumB,False,0.64099354,1.2408042,0.0021364524,0.07462565,0.28039473,0.64099354,0.0018496102,Low
TCGA-E9-A1RG-01A-11R-A14D-07,BRCA_LumB,BRCA_LumB,True,0.995452,0.04618282,0.00034724758,0.00025855887,0.0037567639,0.995452,0.00018545223,High
TCGA-A8-A09V-01A-11R-A034-07,BRCA_LumA,BRCA_LumA,True,0.9994267,0.007727667,5.0666928e-05,4.5409313e-05,0.9994267,0.00041804524,5.9138103e-05,High
TCGA-A7-A13D-01A-13R-A12P-07,BRCA_Basal,BRCA_Basal,True,0.99912184,0.011472544,0.99912184,0.00046611598,2.7965678e-05,7.198772e-05,0.0003120367,High
TCGA-BH-A0W3-01A-11R-A109-07,BRCA_LumB,BRCA_LumB,True,0.9948238,0.04944863,0.00011905095,0.00020939735,0.0047626696,0.9948238,8.5044805e-05,High
TCGA-AR-A24V-01A-21R-A169-07,BRCA_LumA,BRCA_LumA,True,0.99872476,0.015782189,8.540101e-05,0.00022149901,0.99872476,0.00088637415,8.196206e-05,High
TCGA-C8-A12P-01A-11R-A115-07,BRCA_Her2,BRCA_Her2,True,0.99855787,0.017898977,0.000568206,0.99855787,8.9879155e-05,0.00069600326,8.801104e-05,High
TCGA-AC-A8OQ-01A-11R-A41B-07,BRCA_Basal,BRCA_Basal,True,0.9990613,0.012162855,0.9990613,9.166362e-05,0.00012605984,0.00010090598,0.00062009785,High
TCGA-EW-A1OV-01A-11R-A144-07,BRCA_Her2,BRCA_Her2,True,0.9981363,0.023203185,0.00054670067,0.9981363,0.00031622476,0.0006405845,0.00036018487,High
TCGA-OL-A66L-01A-12R-A31O-07,BRCA_LumA,BRCA_LumA,True,0.9993493,0.008675739,5.9468945e-05,4.8621783e-05,0.9993493,7.69148e-05,0.0004657173,High
TCGA-A2-A1FX-01A-11R-A13Q-07,BRCA_LumB,BRCA_LumB,True,0.99701095,0.0318778,9.855579e-05,0.00028725812,0.0025200692,0.99701095,8.311356e-05,High
TCGA-D8-A1JU-01A-11R-A13Q-07,BRCA_LumA,BRCA_LumA,True,0.9973687,0.02802274,0.00012505463,6.798364e-05,0.9973687,7.9438025e-05,0.0023588159,High
TCGA-AR-A2LO-01A-31R-A18M-07,BRCA_LumA,BRCA_LumA,True,0.9991567,0.010623127,5.659838e-05,2.4396626e-05,0.9991567,7.051976e-05,0.0006918016,High
TCGA-A8-A0AD-01A-11R-A056-07,BRCA_LumA,BRCA_LumA,True,0.99774086,0.024246331,5.4974083e-05,6.395877e-05,0.99774086,0.0020900932,5.006889e-05,High
TCGA-D8-A27M-01A-11R-A16F-07,BRCA_Basal,BRCA_Basal,True,0.9988919,0.014240449,0.9988919,0.00018290369,0.000100709105,0.0001614589,0.0006630233,High
TCGA-PE-A5DD-01A-12R-A27Q-07,BRCA_LumA,BRCA_LumA,True,0.9994771,0.007335143,7.563185e-05,5.955652e-05,0.9994771,0.00029066156,9.713628e-05,High
TCGA-E2-A105-01A-11R-A10J-07,BRCA_LumA,BRCA_LumA,True,0.8578134,0.6321447,0.00185722,0.002398862,0.8578134,0.13666101,0.0012695239,Borderline
TCGA-A8-A09A-01A-11R-A00Z-07,BRCA_LumA,BRCA_LumA,True,0.9967637,0.03646073,0.0002423255,0.00032655234,0.9967637,0.0019073733,0.0007600785,High
TCGA-E9-A5FK-01A-11R-A27Q-07,BRCA_LumA,BRCA_LumA,True,0.9977041,0.024766235,6.154717e-05,6.0083552e-05,0.9977041,8.586362e-05,0.002088487,High
TCGA-BH-A203-01A-12R-A169-07,BRCA_Her2,BRCA_Her2,True,0.99793845,0.024255475,0.00028976527,0.99793845,0.0002481412,0.0013914941,0.0001321504,High
TCGA-A7-A26I-01A-11R-A169-07,BRCA_Basal,BRCA_Basal,True,0.99715245,0.03265756,0.99715245,0.0013517106,6.895331e-05,0.0010198372,0.00040704207,High
TCGA-GM-A2DD-01A-11R-A180-07,BRCA_Normal,BRCA_Her2,False,0.66863346,1.2891548,0.13605508,0.66863346,0.004736578,0.0021495197,0.18842536,Low
TCGA-B6-A1KF-01A-11R-A13Q-07,BRCA_Basal,BRCA_Basal,True,0.99897337,0.013154245,0.99897337,0.0006485953,3.3962366e-05,0.00018635852,0.00015770615,High
TCGA-AO-A0JF-01A-11R-A056-07,BRCA_LumA,BRCA_LumA,True,0.9994307,0.007691564,5.0405146e-05,2.591568e-05,0.9994307,9.1241986e-05,0.00040167788,High
TCGA-A2-A04R-01A-41R-A109-07,BRCA_LumB,BRCA_LumB,True,0.99480236,0.05162253,0.00033403456,0.0002784176,0.0043410133,0.99480236,0.00024423274,High
TCGA-EW-A1PE-01A-11R-A144-07,BRCA_LumA,BRCA_LumA,True,0.9991529,0.010584277,4.708514e-05,3.434267e-05,0.9991529,0.000719776,4.5940495e-05,High
TCGA-A8-A07C-01A-11R-A034-07,BRCA_Basal,BRCA_Basal,True,0.9992261,0.01049743,0.9992261,0.00025812522,4.5679713e-05,0.0002933468,0.00017676411,High
TCGA-EW-A1PB-01A-11R-A144-07,BRCA_Basal,BRCA_Basal,True,0.99685764,0.03512738,0.99685764,0.0019752271,9.770593e-05,0.0006934172,0.0003760053,High
TCGA-E2-A1AZ-01A-11R-A12P-07,BRCA_Basal,BRCA_Basal,True,0.9991025,0.011882659,0.9991025,0.00041197668,3.6869507e-05,0.00015982092,0.00028894632,High
TCGA-A8-A090-01A-11R-A00Z-07,BRCA_LumA,BRCA_LumA,True,0.96426636,0.23389028,0.00024127621,0.0012569322,0.96426636,0.034059938,0.00017553284,High
TCGA-AO-A0J4-01A-11R-A034-07,BRCA_Basal,BRCA_Basal,True,0.99951017,0.0068934485,0.99951017,0.00011783915,3.3603406e-05,6.995561e-05,0.0002683932,High
TCGA-A8-A08X-01A-21R-A00Z-07,BRCA_Her2,BRCA_Her2,True,0.98144054,0.14139147,0.017343597,0.98144054,0.00012989815,0.0006661792,0.00041975686,High
TCGA-EW-A1OW-01A-21R-A144-07,BRCA_Basal,BRCA_Basal,True,0.99952877,0.0067331987,0.99952877,0.00015294866,2.5429623e-05,0.0001255924,0.00016733879,High
TCGA-AR-A0TP-01A-11R-A084-07,BRCA_Basal,BRCA_Basal,True,0.99887353,0.013972043,0.99887353,7.085648e-05,4.275599e-05,0.00017625086,0.00083659537,High
TCGA-AC-A2FO-01A-11R-A180-07,BRCA_LumA,BRCA_LumA,True,0.9991598,0.0103615625,2.3152033e-05,1.07960195e-05,0.9991598,6.6156215e-05,0.00074007484,High
TCGA-BH-A18R-01A-11R-A12D-07,BRCA_Her2,BRCA_Her2,True,0.996053,0.04452315,0.0010110927,0.996053,0.001411264,0.0011941235,0.00033055074,High
TCGA-D8-A73W-01A-22R-A352-07,BRCA_LumA,BRCA_LumA,True,0.99874336,0.015773641,0.00012261729,0.00013012669,0.99874336,0.0008198598,0.00018403576,High
TCGA-BH-A202-01A-11R-A14M-07,BRCA_LumB,BRCA_LumB,True,0.99125284,0.07866085,0.0004354648,0.007684934,0.00040370584,0.99125284,0.00022308782,High
TCGA-A2-A0CM-01A-31R-A034-07,BRCA_Basal,BRCA_Basal,True,0.99905545,0.012032522,0.99905545,0.0006630282,2.0861526e-05,0.00017104564,8.962394e-05,High
TCGA-AR-A1AX-01A-11R-A12P-07,BRCA_LumA,BRCA_LumA,True,0.9823383,0.15807894,0.0016766717,0.0025300647,0.9823383,0.0040774117,0.009377583,High
TCGA-WT-AB41-01A-11R-A41B-07,BRCA_LumA,BRCA_LumA,True,0.99878484,0.015603096,0.00011307938,0.0001324129,0.99878484,0.00055230665,0.0004173658,High
TCGA-D8-A1X5-01A-11R-A14D-07,BRCA_LumB,BRCA_LumB,True,0.9891906,0.09339598,0.00020154232,0.0009741587,0.009479209,0.9891906,0.00015455717,High
TCGA-OL-A66N-01A-12R-A31O-07,BRCA_LumA,BRCA_LumA,True,0.99650466,0.038464308,0.0003111472,0.0005534893,0.99650466,0.00027493152,0.0023558084,High
TCGA-AR-A1AM-01A-41R-A22K-07,BRCA_LumA,BRCA_LumA,True,0.9998066,0.0029115207,2.5604357e-05,1.4414213e-05,0.9998066,1.3628335e-05,0.0001397843,High
TCGA-A8-A07L-01A-11R-A00Z-07,BRCA_LumB,BRCA_LumB,True,0.99698454,0.035039324,0.00088436407,0.0009818642,0.0009802373,0.99698454,0.00016896542,High
TCGA-LL-A5YN-01A-11R-A28M-07,BRCA_LumA,BRCA_LumA,True,0.99592125,0.04212474,0.00018163113,0.0002870903,0.99592125,0.003355845,0.00025416995,High
TCGA-E2-A15F-01A-11R-A115-07,BRCA_LumA,BRCA_LumA,True,0.99943525,0.0076953326,5.6403984e-05,5.0308172e-05,0.99943525,0.00038650256,7.14861e-05,High
TCGA-C8-A27A-01A-11R-A169-07,BRCA_LumB,BRCA_LumB,True,0.9990864,0.012290964,0.0002203,0.00023848955,0.00033577392,0.9990864,0.000119088116,High
TCGA-E2-A107-01A-11R-A10J-07,BRCA_LumA,BRCA_LumB,False,0.8347848,0.7349137,0.003079295,0.009726108,0.15076661,0.8347848,0.0016432204,Borderline
TCGA-B6-A0WW-01A-11R-A109-07,BRCA_LumB,BRCA_LumB,True,0.9953479,0.04591965,0.00011860641,0.000377089,0.004087027,0.9953479,6.941402e-05,High
TCGA-EW-A1J1-01A-11R-A13Q-07,BRCA_LumA,BRCA_LumA,True,0.9924487,0.06637632,0.00011849023,7.3516145e-05,0.9924487,0.0072502983,0.000109024724,High
TCGA-E2-A109-01A-11R-A10J-07,BRCA_LumB,BRCA_LumB,True,0.9984035,0.019588785,0.0001990522,0.000288953,0.0009847124,0.9984035,0.00012386063,High
TCGA-EW-A1P6-01A-11R-A144-07,BRCA_LumA,BRCA_LumA,True,0.9959203,0.041224416,0.00013695117,0.0002663254,0.9959203,0.0035694505,0.000106939,High
TCGA-E2-A2P5-01A-11R-A19W-07,BRCA_LumA,BRCA_LumA,True,0.9798207,0.16024402,0.0007065832,0.002381657,0.9798207,0.016652107,0.0004388572,High
TCGA-AN-A0XN-01A-21R-A109-07,BRCA_LumA,BRCA_LumA,True,0.95857435,0.32102317,0.0030850547,0.00686483,0.95857435,0.019154664,0.012321021,Borderline
TCGA-AO-A03P-01A-11R-A00Z-07,BRCA_LumB,BRCA_LumB,True,0.9952732,0.047545414,0.00030906204,0.00023319662,0.003959916,0.9952732,0.00022471065,High
TCGA-AR-A0TR-01A-11R-A084-07,BRCA_LumA,BRCA_LumA,True,0.9954389,0.04433365,0.0001148226,0.000120486926,0.9954389,0.00421809,0.000107703745,High
TCGA-GM-A2DL-01A-11R-A18M-07,BRCA_LumA,BRCA_LumA,True,0.98211944,0.1607919,0.0015726817,0.0075917495,0.98211944,0.006251619,0.0024645897,High
TCGA-A2-A4RX-01A-11R-A266-07,BRCA_Basal,BRCA_Basal,True,0.9915244,0.07557878,0.9915244,0.00052518956,0.00024687455,7.999815e-05,0.0076235062,High
TCGA-D8-A1JH-01A-11R-A13Q-07,BRCA_LumA,BRCA_LumA,True,0.9999167,0.001388228,1.3588823e-05,7.231479e-06,0.9999167,1.6378452e-05,4.612955e-05,High
TCGA-E9-A3QA-01A-61R-A22K-07,BRCA_Basal,BRCA_Basal,True,0.9993457,0.008967426,0.9993457,0.00030721392,2.8331158e-05,0.00012747728,0.0001912026,High
TCGA-A2-A1G4-01A-11R-A13Q-07,BRCA_LumB,BRCA_LumB,True,0.8839206,0.53823525,0.0008223212,0.0010885055,0.11370994,0.8839206,0.00045863618,Borderline
TCGA-E2-A106-01A-11R-A10J-07,BRCA_LumA,BRCA_LumA,True,0.99916804,0.010597992,6.3078296e-05,5.3521097e-05,0.99916804,0.00065929175,5.608893e-05,High
TCGA-E9-A1NI-01A-11R-A14D-07,BRCA_LumB,BRCA_LumB,True,0.99384415,0.057385676,0.00015318446,0.0002646841,0.0056383284,0.99384415,9.961821e-05,High
TCGA-A1-A0SD-01A-11R-A115-07,BRCA_LumA,BRCA_LumA,True,0.9997551,0.0036814827,2.0499627e-05,1.6620732e-05,0.9997551,8.4615946e-05,0.00012322917,High
TCGA-D8-A27P-01A-11R-A16F-07,BRCA_LumA,BRCA_LumA,True,0.99983835,0.0025663693,3.6015914e-05,2.4006418e-05,0.99983835,2.7215341e-05,7.440548e-05,High
TCGA-E9-A1RF-01A-11R-A157-07,BRCA_LumA,BRCA_LumA,True,0.9791226,0.15768601,0.00041455036,0.0010776384,0.9791226,0.019070616,0.00031465318,High
TCGA-BH-A0AW-01A-11R-A056-07,BRCA_Her2,BRCA_Her2,True,0.9990183,0.013073016,0.00035093125,0.9990183,0.000116415074,0.00032361,0.00019074354,High
TCGA-OL-A5D7-01A-11R-A27Q-07,BRCA_Basal,BRCA_Basal,True,0.9990927,0.011770487,0.9990927,0.00057020853,2.5106872e-05,0.00019247767,0.00011957162,High
TCGA-B6-A0RH-01A-21R-A115-07,BRCA_Her2,BRCA_Her2,True,0.9939715,0.06316577,0.00053692993,0.9939715,0.0026651537,0.0023090867,0.0005172614,High
TCGA-A2-A0CX-01A-21R-A00Z-07,BRCA_Her2,BRCA_Her2,True,0.99787045,0.02442634,0.00016820677,0.99787045,0.0002515176,0.001616046,9.3788454e-05,High
TCGA-A2-A25D-01A-12R-A16F-07,BRCA_LumA,BRCA_LumA,True,0.98168874,0.1648635,0.0016502349,0.008304243,0.98168874,0.0040655867,0.004291151,High
TCGA-BH-A201-01A-11R-A14M-07,BRCA_LumA,BRCA_LumA,True,0.99232775,0.068914145,0.00030170873,0.000160075,0.99232775,0.00014667302,0.0070638205,High
TCGA-AR-A5QP-01A-11R-A28M-07,BRCA_LumA,BRCA_LumA,True,0.9982212,0.019967727,8.95112e-05,3.8906204e-05,0.9982212,6.0894e-05,0.0015894318,High
TCGA-E9-A1NE-01A-21R-A14M-07,BRCA_LumA,BRCA_LumA,True,0.9889281,0.102486655,0.0006865044,0.0004810606,0.9889281,0.0025468816,0.007357476,High
TCGA-E9-A1N8-01A-11R-A144-07,BRCA_Basal,BRCA_Basal,True,0.99898523,0.013121791,0.99898523,0.00015606255,0.00010199589,0.00012403757,0.0006326812,High
TCGA-AC-A23C-01A-12R-A169-07,BRCA_LumA,BRCA_LumA,True,0.99867743,0.016069774,9.040695e-05,0.00016517118,0.99867743,0.0010054508,6.156388e-05,High
TCGA-A2-A0YF-01A-21R-A109-07,BRCA_LumA,BRCA_LumA,True,0.98514855,0.11703647,0.00025002522,0.0003074694,0.98514855,0.014081944,0.00021199542,High
TCGA-AN-A0XV-01A-11R-A109-07,BRCA_LumA,BRCA_LumA,True,0.99966013,0.0050023077,4.0482002e-05,3.4251287e-05,0.99966013,0.00012177208,0.00014330506,High
TCGA-BH-A0H6-01A-21R-A056-07,BRCA_LumA,BRCA_LumA,True,0.9984084,0.019636905,0.00018901666,0.00027410118,0.9984084,0.0009500453,0.00017852304,High
TCGA-D8-A27V-01A-12R-A17B-07,BRCA_LumA,BRCA_LumA,True,0.99986374,0.0022014296,2.8394492e-05,1.438639e-05,0.99986374,4.776599e-05,4.5707515e-05,High
TCGA-EW-A2FR-01A-11R-A21T-07,BRCA_Her2,BRCA_Her2,True,0.99616265,0.04395985,0.0008018499,0.99616265,0.0009199249,0.001012344,0.0011032558,High
TCGA-A2-A0T4-01A-31R-A084-07,BRCA_LumA,BRCA_LumA,True,0.99611497,0.04114622,0.00015347826,0.00034662976,0.99611497,0.0029601334,0.00042477722,High
TCGA-Z7-A8R6-01A-11R-A41B-07,BRCA_LumB,BRCA_LumB,True,0.99396473,0.063568145,0.0013601416,0.0014088404,0.0029113728,0.99396473,0.0003548688,High
TCGA-A2-A0YL-01A-21R-A109-07,BRCA_LumA,BRCA_LumA,True,0.99794036,0.022842074,0.00012508217,5.3753884e-05,0.99794036,7.613616e-05,0.00180469,High
TCGA-C8-A1HE-01A-11R-A13Q-07,BRCA_LumA,BRCA_LumA,True,0.99989176,0.0017628514,1.3341822e-05,2.5245972e-05,0.99989176,5.908279e-05,1.0596588e-05,High
TCGA-E9-A1NH-01A-11R-A14D-07,BRCA_LumA,BRCA_LumA,True,0.99990857,0.0015400148,1.7339584e-05,2.5963132e-05,0.99990857,2.4598028e-05,2.352812e-05,High
TCGA-A7-A26I-01B-06R-A22O-07,BRCA_Basal,BRCA_Basal,True,0.99725217,0.032487135,0.99725217,0.0009458109,0.00026653052,0.0006504742,0.0008850162,High
TCGA-AC-A2FM-01A-11R-A19W-07,BRCA_LumA,BRCA_LumA,True,0.9959246,0.039252687,5.1721814e-05,3.2462453e-05,0.9959246,0.003945791,4.5448614e-05,High
TCGA-E9-A2JT-01A-22R-A18M-07,BRCA_LumA,BRCA_LumA,True,0.9680491,0.24342856,0.003400415,0.0025922202,0.9680491,0.002292375,0.02366596,High
TCGA-A8-A07B-01A-11R-A00Z-07,BRCA_LumA,BRCA_LumA,True,0.947781,0.36479813,0.0022485787,0.029428711,0.947781,0.019278284,0.0012634379,Borderline
TCGA-BH-A0HQ-01A-11R-A034-07,BRCA_LumA,BRCA_LumA,True,0.9999254,0.0012677386,1.5955757e-05,3.3746786e-05,0.9999254,9.700221e-06,1.5178381e-05,High
TCGA-A2-A04T-01A-21R-A034-07,BRCA_Basal,BRCA_Basal,True,0.99952066,0.006857199,0.99952066,0.00017793554,3.612071e-05,0.00013114164,0.00013409751,High
TCGA-E2-A1IL-01A-11R-A14D-07,BRCA_LumA,BRCA_LumA,True,0.9998703,0.0021054463,2.5473855e-05,1.771202e-05,0.9998703,5.4178574e-05,3.2325417e-05,High
TCGA-D8-A1XW-01A-11R-A14M-07,BRCA_Normal,BRCA_Normal,True,0.99443936,0.056246854,0.0041054473,0.00087784947,0.00025763674,0.00031977633,0.99443936,High
TCGA-AN-A03X-01A-21R-A00Z-07,BRCA_LumA,BRCA_LumA,True,0.9996344,0.005266553,2.7898519e-05,6.125041e-05,0.9996344,0.00022457179,5.1839375e-05,High
TCGA-EW-A2FV-01A-11R-A17B-07,BRCA_LumA,BRCA_LumA,True,0.31142223,2.1739385,0.10404272,0.10709957,0.31142223,0.29836935,0.17906617,Low
TCGA-C8-A26V-01A-11R-A16F-07,BRCA_LumB,BRCA_LumB,True,0.99162745,0.076941326,0.00040214104,0.00062535104,0.0070785535,0.99162745,0.00026645558,High
TCGA-AN-A0XR-01A-11R-A109-07,BRCA_LumB,BRCA_LumB,True,0.9981667,0.0219832,0.00012880909,0.00067628245,0.00096345344,0.9981667,6.479473e-05,High
TCGA-D8-A1JL-01A-11R-A13Q-07,BRCA_Basal,BRCA_Basal,True,0.9987141,0.016229765,0.9987141,0.00033595366,5.9019843e-05,0.00017760757,0.0007133931,High
TCGA-A2-A25A-01A-12R-A16F-07,BRCA_Normal,BRCA_Normal,True,0.99564135,0.04262068,0.00017784364,5.3927102e-05,0.00402691,9.990416e-05,0.99564135,High
TCGA-BH-A18M-01A-11R-A12D-07,BRCA_LumA,BRCA_LumA,True,0.99994516,0.0009536317,1.1622193e-05,5.0458057e-06,0.99994516,1.3244687e-05,2.4884524e-05,High
TCGA-BH-A1FJ-01A-11R-A13Q-07,BRCA_LumB,BRCA_LumB,True,0.9975683,0.027620152,0.00024457992,0.0002777542,0.0017875455,0.9975683,0.00012183382,High
TCGA-AO-A0J6-01A-11R-A034-07,BRCA_Basal,BRCA_Basal,True,0.9992287,0.010328856,0.9992287,0.00041713577,3.7381913e-05,0.0001997414,0.00011705228,High
TCGA-LL-A73Y-01A-11R-A33J-07,BRCA_Basal,BRCA_Basal,True,0.9952455,0.04762636,0.9952455,0.00014744798,0.000511773,0.00012949746,0.0039657545,High
TCGA-AO-A12B-01A-11R-A10J-07,BRCA_LumA,BRCA_LumA,True,0.9918138,0.07244302,0.00015574264,9.200637e-05,0.9918138,0.007583602,0.0003548933,High
TCGA-GM-A5PX-01A-12R-A28M-07,BRCA_LumA,BRCA_LumA,True,0.9991738,0.010385431,4.4241213e-05,6.0421225e-05,0.9991738,2.9446532e-05,0.0006920226,High
TCGA-E2-A15O-01A-11R-A115-07,BRCA_LumA,BRCA_LumA,True,0.970628,0.20370008,0.0006442697,0.00066680764,0.970628,0.027593927,0.00046694247,High
TCGA-AN-A0AR-01A-11R-A00Z-07,BRCA_Basal,BRCA_Basal,True,0.9982493,0.020996656,0.9982493,0.0008392968,3.906494e-05,0.00010353712,0.0007688896,High
TCGA-A8-A099-01A-11R-A00Z-07,BRCA_LumA,BRCA_LumA,True,0.9977196,0.025887862,0.0001062618,0.00029829895,0.9977196,0.0017372151,0.00013866118,High
TCGA-LL-A5YM-01A-11R-A28M-07,BRCA_LumB,BRCA_LumA,False,0.50101745,1.2513382,0.00526153,0.027762061,0.50101745,0.45851985,0.0074390844,Low
TCGA-D8-A140-01A-11R-A115-07,BRCA_LumA,BRCA_LumA,True,0.99227786,0.06697421,7.933038e-05,5.1805117e-05,0.99227786,0.007516048,7.491713e-05,High
TCGA-E2-A1LG-01A-21R-A14M-07,BRCA_Basal,BRCA_Basal,True,0.99840003,0.02006679,0.99840003,0.00042848807,0.00014791095,0.00070286717,0.00032070262,High
TCGA-BH-A0EB-01A-11R-A034-07,BRCA_LumA,BRCA_LumA,True,0.9998808,0.0019566254,2.7918011e-05,2.6606825e-05,0.9998808,4.4109715e-05,2.0532532e-05,High
TCGA-E9-A1ND-01A-11R-A144-07,BRCA_Basal,BRCA_Basal,True,0.99845254,0.018350046,0.99845254,0.0012041758,4.5294328e-05,0.0001443747,0.00015360622,High
TCGA-AR-A1AR-01A-31R-A137-07,BRCA_Basal,BRCA_Basal,True,0.99731356,0.030964423,0.99731356,0.0014679669,5.845975e-05,0.0006616753,0.0004983368,High
TCGA-C8-A27B-01A-11R-A169-07,BRCA_Basal,BRCA_Basal,True,0.999388,0.008453841,0.999388,0.00030439332,3.6533867e-05,0.00016105792,0.00011007681,High
TCGA-E2-A1L8-01A-11R-A13Q-07,BRCA_LumA,BRCA_LumA,True,0.9998148,0.0028277277,2.1323305e-05,1.1007379e-05,0.9998148,0.0001220885,3.0776362e-05,High
TCGA-BH-A0DK-01A-21R-A056-07,BRCA_LumA,BRCA_LumA,True,0.9943125,0.0574293,0.00025264546,0.00019164065,0.9943125,0.0012430268,0.0040001147,High
TCGA-EW-A1P1-01A-31R-A14D-07,BRCA_Normal,BRCA_Normal,True,0.9990976,0.011909599,0.00023576789,0.00012471687,0.00048265187,5.928586e-05,0.9990976,High
TCGA-AC-A3OD-01B-06R-A22O-07,BRCA_LumA,BRCA_LumA,True,0.9994276,0.008107481,0.00015593554,9.0043446e-05,0.9994276,0.00019131714,0.00013511168,High
TCGA-AN-A03Y-01A-21R-A00Z-07,BRCA_LumB,BRCA_LumB,True,0.9978847,0.02320361,8.580337e-05,9.288543e-05,0.0018934129,0.9978847,4.3200926e-05,High
TCGA-AQ-A1H2-01A-11R-A13Q-07,BRCA_LumA,BRCA_LumA,True,0.99224275,0.07005467,0.00016666121,0.00036196198,0.99224275,0.0070389034,0.00018975056,High
TCGA-BH-A0C1-01B-11R-A12D-07,BRCA_LumA,BRCA_LumA,True,0.98829216,0.10287162,0.00039230366,0.0015270392,0.98829216,0.0094711725,0.0003173181,High
TCGA-E9-A3Q9-01A-11R-A21T-07,BRCA_LumA,BRCA_LumA,True,0.99962676,0.005407216,3.1097294e-05,3.47158e-05,0.99962676,0.00012890405,0.00017856133,High
TCGA-BH-A1FU-01A-11R-A14D-07,BRCA_Normal,BRCA_Normal,True,0.9965216,0.0380043,0.0010912401,0.0021197773,0.00016614006,0.00010125523,0.9965216,High
TCGA-AR-A0TX-01A-11R-A084-07,BRCA_Her2,BRCA_Her2,True,0.9994006,0.00844156,0.00012765704,0.9994006,0.00021628986,0.00015914455,9.62735e-05,High
TCGA-A8-A06R-01A-11R-A00Z-07,BRCA_LumB,BRCA_LumB,True,0.99283266,0.07421283,0.0012825315,0.0026587865,0.0026675717,0.99283266,0.00055839884,High
TCGA-A1-A0SE-01A-11R-A084-07,BRCA_LumA,BRCA_LumA,True,0.99981266,0.0028837277,3.3331104e-05,1.5988002e-05,0.99981266,2.4702647e-05,0.00011328841,High
TCGA-A2-A0SU-01A-11R-A084-07,BRCA_LumA,BRCA_LumA,True,0.99937075,0.008660812,7.520092e-05,5.4928416e-05,0.99937075,0.00018067828,0.00031843426,High
TCGA-EW-A1IZ-01A-11R-A13Q-07,BRCA_LumA,BRCA_LumA,True,0.92824244,0.4439419,0.002350191,0.0578389,0.92824244,0.0064729867,0.0050954106,Borderline
TCGA-OL-A5D6-01A-21R-A27Q-07,BRCA_Normal,BRCA_Normal,True,0.9953816,0.05048571,0.0012858382,0.0018877847,0.0012677517,0.00017709867,0.9953816,High
TCGA-AC-A2QI-01A-12R-A19W-07,BRCA_LumA,BRCA_LumA,True,0.99963665,0.005265316,4.5880843e-05,0.00021262199,0.99963665,4.038115e-05,6.440832e-05,High
TCGA-AO-A129-01A-21R-A10J-07,BRCA_Basal,BRCA_Basal,True,0.99949265,0.0071067223,0.99949265,0.00014274466,3.496444e-05,5.7761023e-05,0.00027190772,High
TCGA-BH-A0EE-01A-11R-A034-07,BRCA_Her2,BRCA_Her2,True,0.9980696,0.022754367,0.0006079479,0.9980696,7.4411815e-05,0.001171114,7.7000775e-05,High
TCGA-B6-A0RQ-01A-11R-A115-07,BRCA_Normal,BRCA_Normal,True,0.9976973,0.025020517,0.0001600342,5.2840755e-05,0.0020419152,4.7895468e-05,0.9976973,High
TCGA-AR-A0TZ-01A-12R-A084-07,BRCA_LumA,BRCA_LumB,False,0.9844865,0.12037352,0.00022524118,0.0002958913,0.0148558775,0.9844865,0.0001364563,High
TCGA-A7-A6VY-01A-12R-A33J-07,BRCA_Basal,BRCA_Basal,True,0.99954283,0.006518866,0.99954283,0.00021224063,3.8029717e-05,5.965594e-05,0.00014722945,High
TCGA-AC-A3YJ-01A-11R-A22U-07,BRCA_LumA,BRCA_LumA,True,0.9984869,0.018093241,9.1286485e-05,7.663918e-05,0.9984869,0.0011478849,0.00019727624,High
TCGA-EW-A1J6-01A-11R-A13Q-07,BRCA_LumB,BRCA_LumB,True,0.994975,0.050690897,0.00036640448,0.0002068511,0.0040425644,0.994975,0.0004091664,High
TCGA-AO-A126-01A-11R-A10J-07,BRCA_LumA,BRCA_LumA,True,0.9980615,0.023807686,0.00021118403,0.0004272714,0.9980615,0.000871101,0.0004289292,High
TCGA-A7-A13D-01A-13R-A277-07,BRCA_Basal,BRCA_Basal,True,0.99949,0.0071527055,0.99949,0.0002490998,3.9124876e-05,4.995713e-05,0.0001717816,High
TCGA-A7-A13D-01B-04R-A277-07,BRCA_Basal,BRCA_Basal,True,0.99896836,0.013586466,0.99896836,0.00027395142,0.00010095781,0.00019257086,0.0004642062,High
TCGA-D8-A1X8-01A-11R-A14M-07,BRCA_LumA,BRCA_LumA,True,0.99989474,0.0017358937,1.841133e-05,1.1121208e-05,0.99989474,4.4190157e-05,3.158312e-05,High
TCGA-A2-A4S1-01A-21R-A266-07,BRCA_Basal,BRCA_Basal,True,0.9691003,0.22916165,0.9691003,0.0021531894,0.00157424,0.0019721992,0.025199998,High
TCGA-A2-A0D3-01A-11R-A115-07,BRCA_LumA,BRCA_LumA,True,0.99924123,0.009761281,5.2623927e-05,5.5920893e-05,0.99924123,0.00060276606,4.747257e-05,High
TCGA-EW-A1PA-01A-11R-A144-07,BRCA_LumA,BRCA_LumA,True,0.9970605,0.033960097,0.00069546915,0.00028305285,0.9970605,0.0015479672,0.00041303088,High
TCGA-AN-A041-01A-11R-A034-07,BRCA_LumA,BRCA_LumA,True,0.95934945,0.2612959,0.0012139184,0.00048772775,0.95934945,0.038366705,0.0005822653,High
TCGA-E2-A150-01A-11R-A12D-07,BRCA_Basal,BRCA_Basal,True,0.9987876,0.015366008,0.9987876,0.0006083539,8.075201e-05,7.7578065e-05,0.00044574728,High
TCGA-A8-A0A6-01A-12R-A056-07,BRCA_LumA,BRCA_LumA,True,0.99971145,0.0043009752,5.3727454e-05,4.6589605e-05,0.99971145,3.187417e-05,0.00015629998,High
TCGA-BH-A1ET-01A-11R-A137-07,BRCA_LumA,BRCA_LumA,True,0.9999238,0.0012839087,1.2865976e-05,9.43649e-06,0.9999238,4.0575484e-05,1.3305071e-05,High
TCGA-E9-A1RA-01A-11R-A14D-07,BRCA_LumA,BRCA_LumA,True,0.99962735,0.0051728957,2.9464674e-05,2.5197569e-05,0.99962735,0.00029659187,2.1343274e-05,High
TCGA-PE-A5DE-01A-11R-A27Q-07,BRCA_LumA,BRCA_LumA,True,0.9997197,0.0041957297,2.9202689e-05,3.9355244e-05,0.9997197,0.00014446847,6.729143e-05,High
TCGA-A7-A4SD-01A-11R-A266-07,BRCA_Basal,BRCA_Basal,True,0.9995826,0.005938545,0.9995826,0.00025511338,3.669275e-05,5.279268e-05,7.278563e-05,High
TCGA-5T-A9QA-01A-11R-A41B-07,BRCA_LumB,BRCA_LumB,True,0.9959764,0.044125095,0.0004155188,0.0013411653,0.002074178,0.9959764,0.00019277973,High
TCGA-D8-A73X-01A-11R-A32P-07,BRCA_LumA,BRCA_LumA,True,0.9999429,0.0009976698,1.27674475e-05,1.0322793e-05,0.9999429,2.2387789e-05,1.1649132e-05,High
TCGA-A2-A04U-01A-11R-A115-07,BRCA_Basal,BRCA_Basal,True,0.9996124,0.005627034,0.9996124,9.4315124e-05,3.26251e-05,6.886942e-05,0.00019179737,High
TCGA-BH-A0DG-01A-21R-A12P-07,BRCA_LumA,BRCA_LumA,True,0.9974146,0.03100337,0.00048847985,0.00059572625,0.9974146,0.0009246516,0.0005765478,High
TCGA-BH-A0HB-01A-11R-A056-07,BRCA_LumA,BRCA_LumA,True,0.96712154,0.2308021,0.0010316562,0.0020383203,0.96712154,0.029137619,0.0006709198,High
TCGA-A8-A097-01A-11R-A034-07,BRCA_LumA,BRCA_LumA,True,0.98537964,0.12998646,0.0009968776,0.003380785,0.98537964,0.009548623,0.0006940728,High
TCGA-C8-A1HG-01A-11R-A137-07,BRCA_LumB,BRCA_LumB,True,0.9995739,0.0061860094,9.107839e-05,0.00010413846,0.00017614213,0.9995739,5.4708275e-05,High
TCGA-E9-A1R7-01A-11R-A14M-07,BRCA_LumB,BRCA_LumB,True,0.9976833,0.026168304,0.00018035015,0.00021514452,0.0018059835,0.9976833,0.00011526327,High
TCGA-GM-A3NW-01A-21R-A22K-07,BRCA_LumA,BRCA_LumA,True,0.9997274,0.0041069295,4.008036e-05,4.520746e-05,0.9997274,5.023887e-05,0.00013701503,High
TCGA-OL-A5D8-01A-11R-A27Q-07,BRCA_LumA,BRCA_LumA,True,0.99299735,0.064417005,0.0002726281,0.00025377056,0.99299735,0.006330934,0.00014539278,High
TCGA-BH-A1FN-01A-11R-A13Q-07,BRCA_LumB,BRCA_LumB,True,0.99464333,0.054695778,0.003941833,0.0006598949,0.00049255666,0.99464333,0.00026238567,High
TCGA-B6-A1KN-01A-11R-A13Q-07,BRCA_LumB,BRCA_LumB,True,0.9922421,0.07959616,0.0010723227,0.0028128726,0.0029875147,0.9922421,0.0008852106,High
TCGA-A2-A0YH-01A-11R-A109-07,BRCA_LumB,BRCA_LumB,True,0.99568224,0.047101133,0.00077474874,0.00062456244,0.0025286097,0.99568224,0.00038988705,High
TCGA-A2-A0ES-01A-11R-A115-07,BRCA_LumA,BRCA_LumA,True,0.95595014,0.2643759,0.00018528395,6.3436935e-05,0.95595014,0.00014396649,0.043657098,High
TCGA-AC-A2FB-01A-11R-A17B-07,BRCA_LumA,BRCA_LumA,True,0.99901056,0.012272375,5.7312674e-05,5.323195e-05,0.99901056,7.219275e-05,0.0008066647,High
TCGA-A7-A0DA-01A-31R-A115-07,BRCA_Basal,BRCA_Basal,True,0.9992119,0.010627575,0.9992119,0.00024914238,6.1706596e-05,0.00011546421,0.00036171198,High
TCGA-C8-A274-01A-11R-A16F-07,BRCA_LumB,BRCA_LumB,True,0.99055314,0.08871649,0.0005159679,0.0021104135,0.0065416885,0.99055314,0.000278815,High
TCGA-B6-A0IK-01A-12R-A056-07,BRCA_Her2,BRCA_Her2,True,0.99669206,0.038128115,0.0011153307,0.99669206,0.000324083,0.0012297994,0.0006387473,High
TCGA-E9-A247-01A-11R-A169-07,BRCA_LumA,BRCA_LumA,True,0.87472945,0.61177564,0.0034799161,0.00460988,0.87472945,0.11490124,0.0022795808,Borderline
TCGA-BH-A28O-01A-11R-A22K-07,BRCA_Normal,BRCA_Normal,True,0.9904046,0.0824908,0.00032512538,0.00013171918,0.008946272,0.00019234349,0.9904046,High
TCGA-AC-A2QH-01B-04R-A22O-07,BRCA_Basal,BRCA_Basal,True,0.99744153,0.030358355,0.99744153,0.0003216573,0.0003268726,0.0010138723,0.0008960038,High
TCGA-AN-A0AK-01A-21R-A00Z-07,BRCA_LumB,BRCA_LumB,True,0.99851686,0.018641321,0.0003803241,0.000667395,0.00036376488,0.99851686,7.161957e-05,High
TCGA-A2-A0EP-01A-52R-A22U-07,BRCA_LumA,BRCA_LumA,True,0.94766134,0.31318092,0.00094212795,0.0006717448,0.94766134,0.0006404677,0.050084304,Borderline
TCGA-BH-A0BS-01A-11R-A12P-07,BRCA_LumA,BRCA_LumA,True,0.999263,0.009676277,6.2484345e-05,8.434248e-05,0.999263,0.0005339136,5.632299e-05,High
TCGA-D8-A1XB-01A-11R-A14D-07,BRCA_LumA,BRCA_LumA,True,0.99992883,0.0012225562,1.944245e-05,2.2481912e-05,0.99992883,1.1088978e-05,1.815533e-05,High
TCGA-C8-A134-01A-11R-A115-07,BRCA_Basal,BRCA_Basal,True,0.9985386,0.017807227,0.9985386,0.00042575327,3.0230633e-05,9.903843e-05,0.000906427,High
TCGA-A8-A06P-01A-11R-A00Z-07,BRCA_LumA,BRCA_LumA,True,0.99971646,0.004276096,4.8358615e-05,3.514509e-05,0.99971646,8.3220206e-05,0.00011681004,High
TCGA-AR-A0TS-01A-11R-A115-07,BRCA_Basal,BRCA_Basal,True,0.9990019,0.01303057,0.9990019,0.00046382088,5.8571284e-05,0.00011558017,0.00036015155,High
TCGA-BH-A28Q-01A-11R-A16F-07,BRCA_LumA,BRCA_LumA,True,0.9998778,0.0019682774,1.9498835e-05,1.4887261e-05,0.9998778,6.9035494e-05,1.8717776e-05,High
TCGA-AR-A252-01A-11R-A169-07,BRCA_LumA,BRCA_LumA,True,0.98021346,0.15681791,0.0012108245,0.0003827699,0.98021346,0.0014549369,0.016737951,High
TCGA-AR-A24T-01A-11R-A169-07,BRCA_LumA,BRCA_LumA,True,0.999744,0.0038274114,2.8121109e-05,1.5600133e-05,0.999744,6.920369e-05,0.00014310799,High
TCGA-E2-A572-01A-13R-A31O-07,BRCA_LumA,BRCA_LumA,True,0.99802643,0.023167202,9.918513e-05,8.469315e-05,0.99802643,0.0012929538,0.0004967497,High
TCGA-E2-A15R-01A-11R-A115-07,BRCA_LumA,BRCA_LumA,True,0.9827656,0.136803,0.00028436203,0.0015087735,0.9827656,0.015206716,0.00023456637,High
TCGA-A8-A09T-01A-11R-A00Z-07,BRCA_LumA,BRCA_LumA,True,0.99915767,0.011029429,8.4589985e-05,0.00012901581,0.99915767,0.0005585831,7.009693e-05,High
TCGA-E2-A1IO-01A-11R-A144-07,BRCA_LumA,BRCA_LumA,True,0.99949694,0.006780754,5.0701572e-05,3.0007417e-05,0.99949694,2.7552798e-05,0.00039477387,High
TCGA-E9-A1NA-01A-11R-A144-07,BRCA_LumB,BRCA_LumB,True,0.9982498,0.021315219,0.00027176444,0.0002641407,0.0010576434,0.9982498,0.0001565449,High
TCGA-A2-A259-01A-11R-A16F-07,BRCA_LumA,BRCA_LumA,True,0.9926603,0.06497544,0.00015093866,5.358709e-05,0.9926603,0.00011843798,0.0070166797,High
TCGA-S3-AA11-01A-31R-A41B-07,BRCA_LumA,BRCA_LumA,True,0.9998266,0.0027510042,3.8019913e-05,4.69225e-05,0.9998266,6.319264e-05,2.5303329e-05,High
TCGA-BH-A0B2-01A-11R-A10J-07,BRCA_LumA,BRCA_LumA,True,0.9994311,0.007950407,9.9274905e-05,6.1531064e-05,0.9994311,0.000118122916,0.00028997843,High
TCGA-AO-A0JD-01A-11R-A056-07,BRCA_LumB,BRCA_LumB,True,0.9904626,0.09397012,0.0017819528,0.0041215606,0.0032061145,0.9904626,0.00042776187,High
TCGA-AR-A0TW-01A-11R-A084-07,BRCA_LumA,BRCA_LumA,True,0.9676371,0.22702622,0.0005661398,0.002529564,0.9676371,0.028694538,0.00057258335,High
TCGA-AN-A0FZ-01A-11R-A034-07,BRCA_LumA,BRCA_LumA,True,0.9775999,0.16155013,0.00025107665,0.00032936683,0.9775999,0.021504126,0.00031545752,High
TCGA-A2-A04W-01A-31R-A115-07,BRCA_Her2,BRCA_Her2,True,0.98314244,0.15580928,0.0055224444,0.98314244,0.0037246686,0.0053647533,0.0022456362,High
TCGA-D8-A27N-01A-11R-A16F-07,BRCA_LumB,BRCA_LumB,True,0.99248976,0.072767094,0.00041388735,0.0013089456,0.005471439,0.99248976,0.00031591472,High
TCGA-E2-A1LH-01A-11R-A14D-07,BRCA_Basal,BRCA_Basal,True,0.9993783,0.008428332,0.9993783,0.0003619496,2.3457811e-05,5.601755e-05,0.00018025852,High
TCGA-AN-A0AM-01A-11R-A034-07,BRCA_LumB,BRCA_LumB,True,0.9363333,0.38683003,0.0036425907,0.05607282,0.0023581823,0.9363333,0.0015931089,Borderline
TCGA-LL-A7T0-01A-31R-A352-07,BRCA_LumB,BRCA_LumB,True,0.99286324,0.072250776,0.0012913126,0.0013044351,0.0041970047,0.99286324,0.00034400585,High
TCGA-A8-A096-01A-11R-A00Z-07,BRCA_LumB,BRCA_LumB,True,0.98780096,0.101191506,0.0002501567,0.0005079395,0.011257241,0.98780096,0.00018373172,High
TCGA-A7-A26E-01A-11R-A169-07,BRCA_LumA,BRCA_LumA,True,0.9999044,0.0015920681,2.0593576e-05,1.40941265e-05,0.9999044,4.3208594e-05,1.773991e-05,High
TCGA-E2-A1BC-01A-11R-A12P-07,BRCA_LumA,BRCA_LumA,True,0.99940157,0.008276568,7.4450254e-05,6.660281e-05,0.99940157,0.00013054593,0.0003267889,High
TCGA-EW-A1PG-01A-11R-A144-07,BRCA_Normal,BRCA_Normal,True,0.7753771,0.7990358,0.001872688,0.00063382793,0.22119479,0.00092158903,0.7753771,Borderline
TCGA-C8-A26Z-01A-11R-A16F-07,BRCA_LumA,BRCA_LumA,True,0.9861026,0.110567495,0.0002444713,0.00020906072,0.9861026,0.013228944,0.00021489811,High
TCGA-E2-A15C-01A-31R-A12D-07,BRCA_LumA,BRCA_LumA,True,0.9999589,0.00073914684,1.00180805e-05,6.161428e-06,0.9999589,1.2829191e-05,1.214523e-05,High
TCGA-BH-A0HU-01A-11R-A034-07,BRCA_LumB,BRCA_LumB,True,0.9986016,0.017785983,0.000349012,0.00047362148,0.00049583864,0.9986016,7.992363e-05,High
TCGA-D8-A1JS-01A-11R-A13Q-07,BRCA_LumA,BRCA_LumA,True,0.99736816,0.02927333,0.00013567464,0.00029016528,0.99736816,0.0020367226,0.00016932195,High
TCGA-C8-A8HR-01A-11R-A36F-07,BRCA_Normal,BRCA_Normal,True,0.9980872,0.02209861,0.0001566281,7.936171e-05,0.0014981647,0.00017864136,0.9980872,High
TCGA-A7-A5ZV-01A-11R-A28M-07,BRCA_Basal,BRCA_Basal,True,0.9992551,0.010084462,0.9992551,0.00032243246,4.3704746e-05,0.00011318023,0.00026549396,High
TCGA-A8-A07Z-01A-11R-A00Z-07,BRCA_LumA,BRCA_LumB,False,0.7508565,0.8325466,0.0007465399,0.0009090377,0.2468239,0.7508565,0.00066400977,Borderline
TCGA-B6-A0IQ-01A-11R-A034-07,BRCA_Basal,BRCA_Basal,True,0.99939847,0.008311443,0.99939847,0.00029893202,3.0098465e-05,0.00016275576,0.00010975511,High
TCGA-EW-A2FW-01A-11R-A17B-07,BRCA_LumB,BRCA_LumB,True,0.99901867,0.012694523,0.00011659433,0.00018411811,0.0006151896,0.99901867,6.54423e-05,High
TCGA-AN-A0XW-01A-11R-A109-07,BRCA_LumA,BRCA_LumA,True,0.96487015,0.26173955,0.0011264906,0.00932604,0.96487015,0.023634393,0.001042934,High
TCGA-AC-A2QH-01A-11R-A18M-07,BRCA_Basal,BRCA_Basal,True,0.9967474,0.03731877,0.9967474,0.0005471904,0.00025068023,0.0010641657,0.0013905279,High
TCGA-A2-A0D4-01A-11R-A00Z-07,BRCA_LumB,BRCA_LumB,True,0.9974178,0.030389093,0.00037590205,0.0006463399,0.001306803,0.9974178,0.00025316683,High
TCGA-A8-A06Q-01A-11R-A034-07,BRCA_LumB,BRCA_LumB,True,0.9970566,0.03293496,0.00022943509,0.0005996802,0.0019816994,0.9970566,0.00013265066,High
TCGA-A7-A4SB-01A-21R-A266-07,BRCA_LumA,BRCA_LumA,True,0.9974026,0.030148748,0.00025030877,0.00016454866,0.9974026,0.00077740743,0.0014051103,High
TCGA-3C-AAAU-01A-11R-A41B-07,BRCA_LumA,BRCA_LumA,True,0.9859869,0.11247277,0.00037070792,0.0003380833,0.9859869,0.013126277,0.00017803517,High
TCGA-BH-A0BW-01A-11R-A115-07,BRCA_Basal,BRCA_Basal,True,0.9984775,0.019177942,0.9984775,0.0006351471,0.00011552622,0.0003044085,0.0004673559,High
TCGA-B6-A0IA-01A-11R-A034-07,BRCA_LumA,BRCA_LumB,False,0.9424493,0.34575322,0.0011835461,0.0022045523,0.053304452,0.9424493,0.0008581859,Borderline
TCGA-A1-A0SH-01A-11R-A084-07,BRCA_LumA,BRCA_LumA,True,0.99865437,0.016635504,0.00015110483,0.00015191542,0.99865437,0.000115479925,0.00092705997,High
TCGA-AN-A0FL-01A-11R-A034-07,BRCA_Basal,BRCA_Basal,True,0.96456605,0.27483788,0.96456605,0.00968343,0.0030296368,0.002207267,0.02051365,High
TCGA-EW-A1PC-01B-11R-A21T-07,BRCA_LumB,BRCA_LumB,True,0.9952809,0.04919035,0.0011004354,0.0032110661,0.00024145927,0.9952809,0.00016612133,High
TCGA-A2-A0EO-01A-11R-A034-07,BRCA_LumA,BRCA_LumA,True,0.9979948,0.021536885,3.5118977e-05,1.8342307e-05,0.9979948,3.8104314e-05,0.0019136515,High
TCGA-A7-A26F-01A-21R-A169-07,BRCA_Basal,BRCA_Basal,True,0.98813474,0.104149945,0.98813474,0.009715884,0.00033467304,0.001030779,0.0007839267,High
TCGA-A7-A0CH-01A-21R-A00Z-07,BRCA_LumA,BRCA_LumA,True,0.999856,0.002301275,2.6188656e-05,1.9282239e-05,0.999856,7.2923256e-05,2.5616442e-05,High
TCGA-GM-A2DI-01A-31R-A18M-07,BRCA_LumA,BRCA_LumA,True,0.9984497,0.017635675,7.203121e-05,4.2411408e-05,0.9984497,3.432393e-05,0.0014014905,High
TCGA-A7-A3IY-01A-21R-A21T-07,BRCA_LumA,BRCA_LumA,True,0.99691284,0.033743806,0.0003054608,0.00020080945,0.99691284,0.00021674218,0.0023641074,High
TCGA-C8-A12K-01A-21R-A115-07,BRCA_Basal,BRCA_Basal,True,0.9993198,0.00931985,0.9993198,0.00026743385,3.1940115e-05,0.00014065168,0.00024020398,High
TCGA-BH-A42T-01A-11R-A24H-07,BRCA_LumB,BRCA_LumB,True,0.99549025,0.04711977,0.0003254547,0.0006276188,0.0033222602,0.99549025,0.00023444754,High
TCGA-BH-A0H3-01A-11R-A12P-07,BRCA_LumA,BRCA_LumA,True,0.9997209,0.004086907,3.6915033e-05,1.4023543e-05,0.9997209,4.046555e-05,0.00018774463,High
TCGA-V7-A7HQ-01A-11R-A33J-07,BRCA_LumA,BRCA_LumA,True,0.9962807,0.041458897,0.0003381149,0.00037044176,0.9962807,0.0020060518,0.0010046066,High
TCGA-A8-A091-01A-11R-A00Z-07,BRCA_LumA,BRCA_LumA,True,0.9981489,0.021753602,0.00020754419,0.00011213416,0.9981489,0.0013666347,0.00016480972,High
TCGA-A8-A06T-01A-11R-A00Z-07,BRCA_LumA,BRCA_LumA,True,0.986832,0.10719446,0.0004430534,0.0002893661,0.986832,0.01226889,0.00016670275,High
TCGA-AO-A0J5-01A-11R-A034-07,BRCA_LumA,BRCA_LumA,True,0.9940149,0.06435421,0.0009599448,0.0011336508,0.9940149,0.0020869388,0.0018045268,High
TCGA-AO-A0JI-01A-21R-A056-07,BRCA_LumA,BRCA_LumA,True,0.9921725,0.06992984,0.00017175406,0.00021522927,0.9921725,0.007245091,0.0001954006,High
TCGA-D8-A146-01A-31R-A115-07,BRCA_LumA,BRCA_LumA,True,0.99994874,0.00090071926,1.0282372e-05,5.9766826e-06,0.99994874,2.074699e-05,1.4285807e-05,High
TCGA-AR-A2LL-01A-11R-A180-07,BRCA_LumB,BRCA_LumB,True,0.99012053,0.082027145,0.000100438985,9.096259e-05,0.009634324,0.99012053,5.378306e-05,High
TCGA-E2-A1L7-01A-11R-A144-07,BRCA_LumB,BRCA_LumB,True,0.9967012,0.038221642,0.0008436685,0.0010907111,0.0010041452,0.9967012,0.00036030263,High
TCGA-A8-A07E-01A-11R-A034-07,BRCA_LumA,BRCA_LumA,True,0.98844904,0.11250718,0.0011524449,0.004134611,0.98844904,0.002552334,0.0037115933,High
TCGA-EW-A6SD-01A-12R-A33J-07,BRCA_Her2,BRCA_Her2,True,0.9986755,0.016905589,0.0003025435,0.9986755,0.00024239792,0.0006528489,0.00012668171,High
TCGA-D8-A1XV-01A-11R-A14M-07,BRCA_LumA,BRCA_LumA,True,0.9717838,0.1942298,0.0003976364,0.00037441723,0.9717838,0.027048543,0.00039556035,High
TCGA-OL-A5RY-01A-21R-A28M-07,BRCA_Normal,BRCA_Normal,True,0.9985379,0.018450107,0.0005259258,0.000562638,0.00028980552,8.368715e-05,0.9985379,High
TCGA-E2-A1LE-01A-12R-A19W-07,BRCA_Her2,BRCA_Her2,True,0.99764794,0.027477033,0.00053005066,0.99764794,0.00019668406,0.00018778269,0.0014375879,High
TCGA-LL-A442-01A-11R-A24H-07,BRCA_LumA,BRCA_LumA,True,0.99140257,0.081068926,0.00035376236,0.0009817927,0.99140257,0.0065829763,0.000678954,High
TCGA-D8-A1JJ-01A-31R-A14M-07,BRCA_LumB,BRCA_LumB,True,0.98774683,0.110782266,0.0009287548,0.0087688,0.002001019,0.98774683,0.000554593,High
TCGA-BH-A1FD-01A-11R-A13Q-07,BRCA_LumB,BRCA_LumB,True,0.9962012,0.041986927,0.00036069794,0.001296693,0.0019390822,0.9962012,0.00020236285,High
TCGA-B6-A0X5-01A-21R-A109-07,BRCA_LumB,BRCA_LumB,True,0.99589044,0.043752864,0.00041557924,0.002904721,0.00063964317,0.99589044,0.00014970487,High
TCGA-E2-A155-01A-11R-A12D-07,BRCA_LumB,BRCA_LumB,True,0.9764247,0.1816869,0.0007842441,0.002794906,0.01948767,0.9764247,0.00050853996,High
TCGA-A8-A07S-01A-11R-A034-07,BRCA_LumB,BRCA_LumB,True,0.9972536,0.029401125,0.0001276737,0.00015574272,0.0023887178,0.9972536,7.42321e-05,High
TCGA-BH-A0EI-01A-11R-A115-07,BRCA_LumA,BRCA_LumA,True,0.9994885,0.0072865877,8.363582e-05,9.2167145e-05,0.9994885,0.0001098626,0.00022583915,High
TCGA-BH-A0W5-01A-11R-A109-07,BRCA_LumA,BRCA_LumA,True,0.99931693,0.008805338,5.6664492e-05,2.7088821e-05,0.99931693,3.558155e-05,0.000563712,High
TCGA-E9-A6HE-01A-11R-A31O-07,BRCA_LumA,BRCA_LumA,True,0.9941963,0.057336096,0.00037509983,0.00036314095,0.9941963,0.004686097,0.0003793285,High
TCGA-A2-A3XW-01A-11R-A239-07,BRCA_Normal,BRCA_Normal,True,0.99641764,0.03753845,0.00024117158,0.00023222281,0.0029783414,0.00013064839,0.99641764,High
TCGA-A2-A0YT-01A-11R-A109-07,BRCA_LumB,BRCA_LumB,True,0.9762165,0.19558604,0.0010881206,0.010700015,0.011157826,0.9762165,0.0008375754,High
TCGA-C8-A138-01A-11R-A115-07,BRCA_Her2,BRCA_Her2,True,0.99340457,0.06782266,0.0005140846,0.99340457,0.0035807712,0.0018854849,0.00061511295,High
TCGA-E9-A5UP-01A-11R-A28M-07,BRCA_LumA,BRCA_LumA,True,0.99282104,0.070405155,0.00030753415,0.001408894,0.99282104,0.005053842,0.00040870876,High
TCGA-C8-A12V-01A-11R-A115-07,BRCA_Basal,BRCA_Basal,True,0.9987956,0.014611041,0.9987956,0.00014359302,3.747062e-05,5.9293725e-05,0.0009639906,High
TCGA-BH-A5J0-01A-11R-A27Q-07,BRCA_LumA,BRCA_LumA,True,0.9987565,0.015479108,7.284668e-05,0.00011216092,0.9987565,0.00085316214,0.00020533724,High
TCGA-E9-A1NF-01A-11R-A14D-07,BRCA_LumB,BRCA_LumA,False,0.87051564,0.76833093,0.027282076,0.0054315543,0.87051564,0.029213618,0.06755709,Borderline
TCGA-A8-A084-01A-21R-A00Z-07,BRCA_LumB,BRCA_LumB,True,0.9915275,0.07988767,0.00013302157,0.0053361566,0.0029199293,0.9915275,8.342254e-05,High
TCGA-C8-A1HN-01A-11R-A137-07,BRCA_LumB,BRCA_LumB,True,0.99885607,0.014324847,8.8141496e-05,0.00021927698,0.00078697107,0.99885607,4.9512353e-05,High
TCGA-A8-A09E-01A-11R-A00Z-07,BRCA_LumB,BRCA_LumB,True,0.9971962,0.030562483,0.00012841867,0.0003388496,0.0022504062,0.9971962,8.616641e-05,High
TCGA-BH-A0HL-01A-11R-A10U-07,BRCA_LumA,BRCA_LumA,True,0.9844922,0.1299571,0.0007616727,0.0014520941,0.9844922,0.012741514,0.00055256346,High
TCGA-AR-A0U3-01A-11R-A109-07,BRCA_LumA,BRCA_LumA,True,0.9570157,0.27974436,0.0008761322,0.0026461822,0.9570157,0.039019518,0.00044252395,High
TCGA-GM-A5PV-01A-11R-A28M-07,BRCA_LumA,BRCA_LumA,True,0.9996636,0.0047500194,3.1753956e-05,2.0141586e-05,0.9996636,2.5577048e-05,0.00025899836,High
TCGA-UL-AAZ6-01A-11R-A41B-07,BRCA_LumA,BRCA_LumA,True,0.96779925,0.24369135,0.0014504705,0.0072297165,0.96779925,0.022589548,0.00093097147,High
TCGA-D8-A1XD-01A-11R-A14D-07,BRCA_LumA,BRCA_LumA,True,0.9963515,0.041377157,0.0017580552,0.0004692732,0.9963515,0.00061461073,0.0008065557,High
TCGA-A2-A0CL-01A-11R-A115-07,BRCA_Normal,BRCA_Normal,True,0.9941414,0.062827244,0.0011676812,0.0017684927,0.00065966253,0.00226275,0.9941414,High
TCGA-A8-A08I-01A-11R-A00Z-07,BRCA_LumB,BRCA_LumB,True,0.9925564,0.06855769,0.0003788621,0.00024163333,0.0065713106,0.9925564,0.00025177796,High
TCGA-E2-A108-01A-13R-A10J-07,BRCA_Normal,BRCA_Normal,True,0.99706167,0.032297853,0.00033744733,0.00018038465,0.0022485293,0.00017191113,0.99706167,High
TCGA-A8-A08J-01A-11R-A00Z-07,BRCA_Her2,BRCA_Her2,True,0.9933577,0.06627238,0.00036403598,0.9933577,0.0016474784,0.0043763043,0.0002544322,High
TCGA-AC-A2BM-01A-11R-A21T-07,BRCA_LumB,BRCA_LumB,True,0.99513054,0.046512067,0.00012119812,9.733287e-05,0.004569206,0.99513054,8.173145e-05,High
TCGA-C8-A12M-01A-11R-A115-07,BRCA_LumB,BRCA_LumB,True,0.9930969,0.067947075,0.00056609965,0.0011787463,0.0049514845,0.9930969,0.00020674753,High
TCGA-E9-A1QZ-01A-21R-A169-07,BRCA_LumA,BRCA_LumA,True,0.9828591,0.14594549,0.00046799626,0.00026691562,0.9828591,0.0063586,0.010047429,High
TCGA-AO-A0J8-01A-21R-A034-07,BRCA_LumA,BRCA_LumA,True,0.9995598,0.0061166217,4.476169e-05,4.3611926e-05,0.9995598,0.00031614708,3.5700818e-05,High
TCGA-D8-A27W-01A-11R-A16F-07,BRCA_LumB,BRCA_LumB,True,0.998635,0.017195638,0.0002011341,0.00026150228,0.0007788926,0.998635,0.00012343544,High
TCGA-AC-A23E-01A-11R-A157-07,BRCA_LumA,BRCA_LumA,True,0.9995902,0.005973721,5.0834853e-05,9.505401e-05,0.9995902,0.00016773287,9.6222e-05,High
TCGA-BH-A6R8-01A-21R-A33J-07,BRCA_LumA,BRCA_LumA,True,0.9906503,0.08153134,0.0002248316,0.00038052865,0.9906503,0.008563517,0.00018078533,High
TCGA-AC-A3W7-01A-11R-A22K-07,BRCA_LumA,BRCA_LumA,True,0.999821,0.0028223502,2.823138e-05,3.9279137e-05,0.999821,3.348616e-05,7.803324e-05,High
TCGA-AR-A24K-01A-11R-A169-07,BRCA_LumB,BRCA_LumB,True,0.99702317,0.03171636,0.0001524409,0.00019117237,0.0025424887,0.99702317,9.075367e-05,High
TCGA-B6-A0IE-01A-11R-A034-07,BRCA_LumA,BRCA_LumA,True,0.9934673,0.06932628,0.0010217186,0.0016100954,0.9934673,0.0025538837,0.0013470587,High
TCGA-BH-A0BF-01A-21R-A12P-07,BRCA_LumB,BRCA_LumB,True,0.99349314,0.06820013,0.0008646344,0.0017761198,0.0030730406,0.99349314,0.00079305074,High
TCGA-EW-A1PH-01A-11R-A14M-07,BRCA_Basal,BRCA_Basal,True,0.9995202,0.0067918394,0.9995202,9.409226e-05,2.719065e-05,0.0001159886,0.00024250831,High
TCGA-AR-A0U2-01A-11R-A109-07,BRCA_LumB,BRCA_LumB,True,0.9992317,0.010195619,0.00020631551,0.00045627638,6.434737e-05,0.9992317,4.134799e-05,High
TCGA-AR-A2LN-01A-21R-A18M-07,BRCA_LumA,BRCA_LumA,True,0.9981139,0.020799384,7.11955e-05,2.5163305e-05,0.9981139,6.0669972e-05,0.0017290678,High
TCGA-AR-A1AS-01A-11R-A12P-07,BRCA_LumA,BRCA_LumA,True,0.9768048,0.17299458,0.00060763815,0.0013524258,0.9768048,0.020892775,0.00034236704,High
TCGA-BH-A0DP-01A-21R-A056-07,BRCA_LumA,BRCA_LumA,True,0.99996257,0.00067151047,8.783409e-06,3.718746e-06,0.99996257,6.9117727e-06,1.8049388e-05,High
TCGA-A1-A0SK-01A-12R-A084-07,BRCA_Basal,BRCA_Basal,True,0.9972977,0.03142949,0.9972977,0.000689822,0.00014450245,0.0014001773,0.0004678006,High
TCGA-A8-A081-01A-11R-A00Z-07,BRCA_LumB,BRCA_LumB,True,0.9939913,0.058435194,0.00019668286,0.0048688226,0.00083334674,0.9939913,0.00010975086,High
TCGA-BH-A0B5-01A-11R-A12P-07,BRCA_LumA,BRCA_LumA,True,0.99522936,0.049937144,0.0005180422,0.00059190544,0.99522936,0.0033763975,0.00028427845,High
TCGA-AC-A62X-01A-11R-A29R-07,BRCA_Basal,BRCA_Basal,True,0.9981294,0.021956718,0.9981294,0.001361286,7.847118e-05,0.00016488401,0.00026588596,High
TCGA-AO-A12H-01A-11R-A115-07,BRCA_LumA,BRCA_LumA,True,0.9989272,0.013093535,6.7554574e-05,3.8843933e-05,0.9989272,0.00089641847,7.0040944e-05,High
TCGA-GM-A2DK-01A-21R-A180-07,BRCA_LumA,BRCA_LumA,True,0.99926656,0.009625131,5.115658e-05,2.3376406e-05,0.99926656,0.00015345255,0.0005054032,High
TCGA-AC-A6IV-01A-12R-A33J-07,BRCA_LumA,BRCA_LumA,True,0.98872954,0.093704484,0.00017352079,8.4465726e-05,0.98872954,0.00042425338,0.010588149,High
TCGA-A2-A0T2-01A-11R-A084-07,BRCA_Basal,BRCA_Basal,True,0.9977533,0.026732948,0.9977533,0.0010636207,0.0001866829,0.00021118709,0.0007852223,High
TCGA-BH-A1F6-01A-11R-A13Q-07,BRCA_Basal,BRCA_Basal,True,0.9995617,0.0062294574,0.9995617,0.00024581558,2.9717417e-05,5.9884453e-05,0.000102895785,High
TCGA-A8-A06N-01A-11R-A00Z-07,BRCA_LumB,BRCA_LumB,True,0.9839675,0.12646756,0.0005864954,0.0002970038,0.014839961,0.9839675,0.00030911085,High
TCGA-E9-A1NC-01A-21R-A26B-07,BRCA_Basal,BRCA_Basal,True,0.9960775,0.038831417,0.9960775,0.00011855205,8.500779e-05,6.5003806e-05,0.003653972,High
TCGA-D8-A1X6-01A-11R-A14M-07,BRCA_LumB,BRCA_LumB,True,0.9881859,0.09660601,0.00017029858,0.00025840898,0.011268718,0.9881859,0.00011674762,High
TCGA-EW-A1IX-01A-12R-A144-07,BRCA_LumA,BRCA_LumA,True,0.9999379,0.0010770387,1.24074595e-05,1.0077683e-05,0.9999379,1.5944825e-05,2.3677872e-05,High
TCGA-E2-A1L6-01A-11R-A13Q-07,BRCA_LumA,BRCA_LumA,True,0.9998791,0.001957946,2.2158958e-05,8.916482e-06,0.9998791,3.182678e-05,5.797102e-05,High
TCGA-E9-A54Y-01A-11R-A466-07,BRCA_LumB,BRCA_LumB,True,0.9979988,0.023867033,0.00035755918,0.00034629952,0.0012088085,0.9979988,8.852933e-05,High
TCGA-EW-A6SB-01A-12R-A32P-07,BRCA_Basal,BRCA_Basal,True,0.9994911,0.0072330944,0.9994911,0.00015596642,3.8602113e-05,0.00012361385,0.00019066445,High
TCGA-E9-A1N6-01A-11R-A144-07,BRCA_LumB,BRCA_LumB,True,0.9673249,0.2420814,0.0029515785,0.025746102,0.0029539522,0.9673249,0.0010234046,High
TCGA-E9-A1R5-01A-11R-A14M-07,BRCA_LumA,BRCA_LumA,True,0.99414057,0.057302106,0.00018238576,0.0008382339,0.99414057,0.0047161547,0.00012267243,High
TCGA-A2-A04Q-01A-21R-A034-07,BRCA_Basal,BRCA_Basal,True,0.99899215,0.012953842,0.99899215,0.00037805908,3.5393554e-05,6.960647e-05,0.0005247509,High
TCGA-A2-A0SY-01A-31R-A084-07,BRCA_LumA,BRCA_LumA,True,0.9999391,0.0010529213,1.4018033e-05,7.15524e-06,0.9999391,1.2704895e-05,2.7023996e-05,High
TCGA-BH-A1ES-01A-11R-A137-07,BRCA_LumA,BRCA_LumA,True,0.9616648,0.2812885,0.0036335827,0.0022444115,0.9616648,0.028504329,0.0039528813,High
TCGA-A8-A07J-01A-11R-A00Z-07,BRCA_LumA,BRCA_LumA,True,0.99864525,0.017210336,0.00016697258,0.000124937,0.99864525,0.00044692168,0.00061592046,High
TCGA-OL-A97C-01A-32R-A41B-07,BRCA_Normal,BRCA_Normal,True,0.99683833,0.03413759,0.0003448503,0.00015639348,0.0024978872,0.0001625038,0.99683833,High
TCGA-A8-A06X-01A-21R-A00Z-07,BRCA_LumB,BRCA_LumB,True,0.99024945,0.09132515,0.00079000735,0.0067609367,0.0019803704,0.99024945,0.00021923198,High
TCGA-BH-A0BV-01A-11R-A00Z-07,BRCA_LumA,BRCA_LumA,True,0.997024,0.030146789,4.2575113e-05,3.7646507e-05,0.997024,0.002860972,3.4777273e-05,High
TCGA-A8-A08G-01A-11R-A00Z-07,BRCA_LumB,BRCA_LumB,True,0.9975763,0.027664319,0.00024132493,0.00029502937,0.001743713,0.9975763,0.00014362781,High
TCGA-E2-A15A-01A-11R-A12D-07,BRCA_LumB,BRCA_LumB,True,0.999252,0.010002488,7.299787e-05,0.00023324414,0.00040442427,0.999252,3.722948e-05,High
TCGA-AR-A0U4-01A-11R-A109-07,BRCA_Basal,BRCA_Basal,True,0.99795556,0.024774648,0.99795556,0.0007552558,9.010533e-05,0.000456779,0.0007422448,High
TCGA-AO-A12C-01A-11R-A10J-07,BRCA_LumA,BRCA_LumA,True,0.99980956,0.0029767496,3.1475585e-05,2.192201e-05,0.99980956,8.159771e-05,5.5437857e-05,High
TCGA-B6-A408-01A-12R-A24H-07,BRCA_LumA,BRCA_LumA,True,0.99949825,0.0069378507,6.211922e-05,4.119393e-05,0.99949825,0.00033728415,6.1142164e-05,High
TCGA-A2-A04X-01A-21R-A034-07,BRCA_Her2,BRCA_Her2,True,0.7014091,1.1072863,0.006176657,0.7014091,0.036013816,0.2528646,0.0035357955,Low
TCGA-A2-A0EX-01A-21R-A034-07,BRCA_LumA,BRCA_LumA,True,0.99972147,0.0041712467,4.357865e-05,4.323956e-05,0.99972147,4.106649e-05,0.00015066694,High
TCGA-LL-A441-01A-11R-A24H-07,BRCA_Normal,BRCA_Normal,True,0.9973736,0.029491331,0.0019360172,0.0001851282,0.00036570258,0.00013960036,0.9973736,High
TCGA-BH-A1F2-01A-31R-A13Q-07,BRCA_LumB,BRCA_LumB,True,0.9822686,0.15612559,0.0011765719,0.002543511,0.010654689,0.9822686,0.0033566295,High
TCGA-C8-A8HQ-01A-11R-A36F-07,BRCA_LumB,BRCA_LumB,True,0.9874614,0.11434044,0.001112592,0.0080532245,0.0029867091,0.9874614,0.0003861255,High
TCGA-A7-A26J-01A-11R-A277-07,BRCA_LumA,BRCA_LumA,True,0.9821873,0.14043455,0.00068333687,0.0006253837,0.9821873,0.015969427,0.0005346245,High
TCGA-C8-A12W-01A-11R-A115-07,BRCA_LumB,BRCA_LumB,True,0.99782467,0.02537794,0.00024408393,0.00036422617,0.0014630825,0.99782467,0.00010398834,High
TCGA-AR-A24W-01A-11R-A169-07,BRCA_LumA,BRCA_LumA,True,0.9799588,0.14477366,0.00016513944,5.7423727e-05,0.9799588,0.0001333509,0.019685343,High
TCGA-A7-A26J-01B-02R-A277-07,BRCA_LumA,BRCA_LumA,True,0.9971451,0.033107888,0.0005907193,0.00022639219,0.9971451,0.0014956355,0.00054211897,High
TCGA-E9-A1N4-01A-11R-A14M-07,BRCA_LumA,BRCA_LumA,True,0.9957386,0.045567386,0.0003858906,0.00033941795,0.9957386,0.0029247673,0.0006112892,High
TCGA-BH-A18V-01A-11R-A12D-07,BRCA_Basal,BRCA_Basal,True,0.9990445,0.0125321,0.9990445,0.00023621786,2.7987951e-05,0.00022374406,0.00046751447,High
TCGA-A7-A13G-01B-04R-A22O-07,BRCA_LumA,BRCA_LumA,True,0.9992291,0.010247222,0.00013502533,5.2142612e-05,0.9992291,0.00048302024,0.00010070718,High
TCGA-A7-A13G-01A-11R-A13Q-07,BRCA_LumA,BRCA_LumA,True,0.998648,0.016336437,0.00011299749,9.030571e-05,0.998648,0.0010531566,9.552148e-05,High
TCGA-BH-A0E6-01A-11R-A034-07,BRCA_Basal,BRCA_Basal,True,0.99907804,0.012272548,0.99907804,0.0003314124,5.0586834e-05,0.0002246496,0.00031532883,High
TCGA-GM-A2D9-01A-11R-A18M-07,BRCA_LumA,BRCA_LumA,True,0.9997358,0.0040153903,4.044181e-05,4.967795e-05,0.9997358,0.00011611036,5.797675e-05,High
TCGA-LL-A5YP-01A-21R-A28M-07,BRCA_Basal,BRCA_Basal,True,0.99951637,0.0068129767,0.99951637,0.00010551943,3.65796e-05,6.986051e-05,0.00027164564,High
TCGA-E2-A1II-01A-11R-A144-07,BRCA_Basal,BRCA_Basal,True,0.9992384,0.010276065,0.9992384,0.00023107408,3.2070922e-05,0.00034932932,0.00014919108,High
TCGA-D8-A1JE-01A-11R-A13Q-07,BRCA_LumB,BRCA_LumB,True,0.994478,0.05366217,0.00020121313,0.00042565045,0.0047558025,0.994478,0.00013929002,High
TCGA-GM-A3XL-01A-11R-A22U-07,BRCA_Basal,BRCA_Basal,True,0.99506015,0.048555862,0.99506015,0.0042958194,6.70756e-05,0.00038271354,0.00019425558,High
