gene,log2FC,pvalue,mean_normal,mean_tumor,adj_pvalue,significant
COL10A1,3.577497056142535,2.984775239309824e-35,3.4895039815882347,7.06700103773077,6.457561230246804e-31,True
PVRL4,1.8649321363093891,3.4695956987435014e-30,3.446957008411765,5.311889144721154,3.753235147115783e-26,True
FBXL16,1.5311261571971153,6.987980998824467e-26,3.1681527649999994,4.699278922197115,3.7796242227391832e-22,True
RSPH1,1.8621347982251133,6.887048979125872e-24,2.8815375012941176,4.743672299519231,2.9800260932677644e-20,True
LRRC15,1.8405733730189473,4.7321553327741707e-23,3.024603898764706,4.8651772717836534,1.2797522578071148e-19,True
IGSF9,1.7021726698925335,4.3408572761278654e-23,2.743649399588235,4.445822069480768,1.2797522578071148e-19,True
CGN,2.781405119702771,7.920796303731558e-23,3.3822527632058823,6.1636578829086535,1.9040714225692474e-19,True
FAM83D,2.4751788655684384,1.5986873049398367e-21,2.9249072999411765,5.400086165509615,2.470542845883812e-18,True
UBE2T,2.0570015989643653,1.8426882825067435e-21,3.4164361303529414,5.473437729317307,2.6577707328022262e-18,True
PAQR4,2.4470449425373295,3.327433391607097e-21,3.880032695058824,6.327077637596154,4.234648319259973e-18,True
EIF3C,1.7405683622426467,4.841575142360043e-21,2.748787316882353,4.4893556791249996,5.819304344719974e-18,True
ARNT2,2.3238229264276025,9.6818870175613e-21,2.8295583547647056,5.153381281192308,1.0473381281246936e-17,True
LLGL2,1.6563262539728498,1.2049966540729141e-20,3.1653358789117654,4.821662132884615,1.241433457660357e-17,True
TRIM45,1.6290531450395913,1.8667720005287778e-20,3.806291664941177,5.435344809980768,1.8358005559745502e-17,True
DHRS13,1.9870039024564479,4.872191240249392e-20,2.7613567827647056,4.7483606852211535,4.3920773951164834e-17,True
FLVCR1,2.0308532297618775,8.657974626961317e-20,4.915696054382353,6.946549284144231,7.204433886704158e-17,True
S100P,4.353546763707579,1.235951958609681e-19,3.739604333705883,8.093151097413461,9.903637268340907e-17,True
PRC1,3.4030210671057697,2.4307585633510504e-19,3.586378133,6.98939920010577,1.6434206724406243e-16,True
ELMO3,1.8419316666860857,5.286940528988309e-19,2.6693860928235296,4.511317759509615,3.2680845241332017e-16,True
COMP,3.4335924495237555,1.888063390000909e-18,3.4184204547647057,6.852012904288461,9.499593358760386e-16,True
RECQL4,1.6415406619029982,3.7459589169898856e-18,4.164290117294119,5.805830779197117,1.7391949861147992e-15,True
TPX2,2.3980624353755653,3.77823731672732e-18,3.5636348054705884,5.961697240846154,1.7391949861147992e-15,True
ZBTB42,2.0030827092392536,4.093655746027772e-18,3.7807416740588233,5.783824383298077,1.8451300430273094e-15,True
FAAH2,1.570615526442873,5.808362069926317e-18,2.760289411470588,4.330904937913461,2.5645696608746095e-15,True
RP11-174G6.5,2.223521376640837,6.095588703691851e-18,3.8698611201764703,6.093382496817307,2.637561232087464e-15,True
CSTA,-2.37941790845362,7.60411278624779e-18,11.252667570588235,8.873249662134615,3.2257839241268807e-15,True
SBK1,2.308608922708428,1.4809670651112813e-17,3.7428875104117645,6.051496433120192,5.825585900669559e-15,True
RAB26,2.158458521017817,1.828436912882185e-17,4.071551388823529,6.230009909841346,6.820536712370733e-15,True
HOTAIR,1.6064145882720595,2.862801985507981e-17,2.353165519352941,3.9595801076250003,1.0001836905156406e-14,True
PSRC1,1.8638583709259047,4.9385640048182005e-17,4.081112611352942,5.944970982278846,1.618876246124875e-14,True
FOXM1,1.5276287921368779,5.236942179154559e-17,2.4581492578823525,3.9857780500192304,1.6661947653824836e-14,True
RP5-1092A3.4,1.7079388252285073,6.642968322389606e-17,2.686930540117647,4.394869365346154,2.082907531230422e-14,True
COL11A1,3.795111321073529,8.838002496160586e-17,3.120001088509804,6.915112409583333,2.693101183161046e-14,True
C11orf80,2.549113053611993,1.5283375100724847e-16,3.5276920796764704,6.076805133288463,4.3507344776866055e-14,True
SAPCD2,2.412374771354071,2.04011358661616e-16,3.641045662588236,6.053420433942307,5.6586996726205924e-14,True
KIFC2,1.7796828000780538,2.8181807037145297e-16,4.730084354441177,6.50976715451923,7.345944521067934e-14,True
RAB15,1.8986030015930426,3.966611582848654e-16,3.297342351911765,5.195945353504808,9.864096735049496e-14,True
FLJ38379,1.5380357084428722,4.13740365713562e-16,2.656166571470589,4.194202279913461,1.0057609901362824e-13,True
SDC1,4.4956336540042425,9.648562978749796e-16,3.3723705015294114,7.8680041555336535,2.1158834397946703e-13,True
NAT14,2.323228871003959,1.0843709737607048e-15,3.9583649902941174,6.281593861298076,2.346036601731285e-13,True
TRAPPC10,1.5003991248141961,1.2222077013172597e-15,3.848373906411765,5.348773031225961,2.6180657047523674e-13,True
ATAD2,1.5189157421832586,2.6257756537884314e-15,4.806495722970588,6.325411465153847,5.117896961235379e-13,True
BAIAP2L1,2.345300810152527,5.7706497258466206e-15,3.541270302235294,5.886571112387821,1.0074870233592225e-12,True
SPAG1,1.5430735129869912,6.388706391483309e-15,3.3559741861764705,4.899047699163462,1.0916664171644954e-12,True
S100A14,3.3253993683382355,6.559062596808875e-15,3.405686053411765,6.7310854217500005,1.1086353068903124e-12,True
HMGB3,2.092445528026585,6.710888310233554e-15,4.670127268117646,6.762572796144231,1.12550440768917e-12,True
IGFBP2,1.903216665599547,7.789958916847245e-15,2.8687494218235297,4.771966087423077,1.2767860694393193e-12,True
EVL,2.436000058733316,1.0184237925831021e-14,5.4471238666176465,7.883123925350962,1.6566615603410085e-12,True
CST6,1.542230658428167,1.1006053932849371e-14,2.5441731952352944,4.0864038536634615,1.7769849017701204e-12,True
CCDC64B,1.904090692549774,1.265359130550341e-14,3.354169701411765,5.258260393961539,1.998251444485885e-12,True
GALNT6,3.5656575379694577,1.5070534864093447e-14,3.1121922070882353,6.677849745057693,2.3456908042061996e-12,True
PAFAH1B3,3.836438500257355,1.588020822841549e-14,4.809603168117647,8.646041668375002,2.436654645544462e-12,True
TNNT1,2.4366474811645933,1.6028441184904688e-14,2.8947889269411764,5.33143640810577,2.4420797537705137e-12,True
ANLN,1.9073266426117073,2.153188110693456e-14,2.7554532439411767,4.662779886552884,3.105614984990195e-12,True
PPAP2C,2.511082413789027,2.261984020695523e-14,3.9349894294705887,6.446071843259616,3.2409287607779898e-12,True
C1orf106,1.9296219698636876,3.609212240097347e-14,3.7367865075882354,5.666408477451923,4.911025585817994e-12,True
WDR54,2.076031524786199,3.887642511620017e-14,4.561097295117648,6.637128819903847,5.224170542788762e-12,True
CFB,1.5537791664086535,4.3925915523529975e-14,4.9409822065,6.494761372908654,5.830289462279577e-12,True
TMEM125,3.1347338554654978,4.521116659713515e-14,3.044567729294118,6.1793015847596156,5.928142965630418e-12,True
LAMA5,2.006870986598982,4.6266989206435326e-14,5.759314239352941,7.766185225951923,6.030038020971255e-12,True
TLCD1,1.6822390301934393,4.681896664947311e-14,3.5210858149411766,5.203324845134616,6.0654391824032976e-12,True
LRRN1,1.5956451199802042,5.544379072732677e-14,2.640165298529412,4.235810418509616,6.973990769684387e-12,True
PRSS8,3.853290848264706,5.513194025990617e-14,3.648261341235294,7.5015521895,6.973990769684387e-12,True
ARHGAP32,1.580372969093042,5.835349536348788e-14,4.148229115661765,5.728602084754807,7.255619955109541e-12,True
FAM110A,1.9100167504892527,6.354927681926742e-14,3.9610701170588234,5.871086867548076,7.767732225903111e-12,True
SHISA2,2.3865553094157246,7.27395147371087e-14,2.8212475938823527,5.207802903298077,8.74288556298526e-12,True
GJB2,2.893236508774321,8.809214452930098e-14,3.1226536832352942,6.015890192009615,1.0358008407018622e-11,True
REEP1,1.9018691980361995,1.1998196425542474e-13,3.406866428117647,5.3087356261538465,1.3519842690969345e-11,True
CXCL10,2.6885000622211535,1.2425057164476478e-13,3.123264692,5.811764754221153,1.392829594577454e-11,True
TK1,1.9537905435361997,1.3173144346057406e-13,3.438793788117647,5.392584331653847,1.469077205809031e-11,True
SLITRK6,2.4990518585339365,1.5352407307933775e-13,3.236210517235294,5.7352623757692305,1.6860372188180063e-11,True
INHBA,2.704739796534124,2.8361837127634e-13,3.8889446387254907,6.593684435259615,2.950040126232508e-11,True
HOXC10,2.5345819467664032,3.136255267870112e-13,3.5819490896470585,6.116531036413462,3.2157764322450174e-11,True
LDHB,-2.4821079482952495,3.3240194176335843e-13,12.892778382352942,10.410670434057693,3.3922245330425756e-11,True
SGK494,1.6136572016954198,3.4852197023580423e-13,3.247599559088235,4.861256760783655,3.5400341906345654e-11,True
BC041025,2.318390018889706,3.756877254473424e-13,3.738601667235294,6.056991686125,3.7629647870616913e-11,True
RARRES3,1.920374410612557,4.1094399491970093e-13,6.286495709647059,8.206870120259616,4.0597138493551274e-11,True
KIAA0247,1.615027499999436,4.556309630002955e-13,7.313623100529411,8.928650600528847,4.440349497527655e-11,True
RP11-747H7.3,2.1200804545347847,4.991775966790916e-13,3.337778234441177,5.4578586889759615,4.736713729891293e-11,True
FANK1,2.2994489042782806,6.403998948791165e-13,4.021755967529412,6.3212048718076925,5.870784629538003e-11,True
FABP5,-3.186900651322963,6.620577913527493e-13,11.213646873294117,8.026746221971154,5.993146575697378e-11,True
ENC1,2.1976488184652148,6.85874822854141e-13,3.842378211558824,6.040027030024039,6.182875746853891e-11,True
OVOL2,1.7638685258518096,8.891505393522543e-13,3.7398838187058825,5.503752344557692,7.851743640361642e-11,True
ZG16B,4.033542743295249,9.060369656604824e-13,4.186467138647058,8.220009881942307,7.96833729758721e-11,True
GATA3,3.99116791504355,9.533284216684009e-13,6.268309667235294,10.259477582278844,8.283237109556568e-11,True
CENPF,1.6866143580395927,1.0129184685762838e-12,3.063021533607843,4.7496358916474355,8.730872935317889e-11,True
CDC20,3.8212638307839373,1.026745297433195e-12,3.467122691235294,7.288386522019231,8.814934329352052e-11,True
LRRC8E,1.7161681849671941,1.056826576015352e-12,2.8653952972058825,4.581563482173077,9.001749201611078e-11,True
NPNT,1.7375673540721155,1.1509160204933197e-12,2.9888792885,4.726446642572116,9.726589102880067e-11,True
PRR15,2.0565398820650462,1.1850499487294662e-12,3.900705727117647,5.957245609182693,9.860982938754616e-11,True
TRPM4,1.721213406167987,1.2403208214360115e-12,3.9656327927647057,5.686846198932693,1.0242114874720653e-10,True
C10orf2,1.5415264601809948,1.340188246813956e-12,3.3629233465882358,4.904449806769231,1.085954034450185e-10,True
SLC52A2,1.7391184314674781,1.406913054674275e-12,5.573745462941177,7.312863894408655,1.1273542199214051e-10,True
PDIA4,1.7107267026620478,1.6252328309557912e-12,6.616081784323529,8.326808486985577,1.2739823296278458e-10,True
TSPAN13,1.7305162723959278,1.6524212729871744e-12,10.757742636411765,12.488258908807692,1.290618564659838e-10,True
ENO2,1.88019767976018,1.6941493685366337e-12,3.4876056744705886,5.367803354230769,1.3184504168449665e-10,True
ERMP1,1.6881749896982479,1.9888468822341934e-12,5.761371684941175,7.449546674639423,1.4992579197608633e-10,True
ZNF692,2.3572842508970595,2.693539489291571e-12,4.41962542435294,6.77690967525,1.9555277466719176e-10,True
CACNB3,1.7030749770353513,3.1582171578868212e-12,4.6046489184117645,6.307723895447116,2.2700341598299461e-10,True
OCIAD2,1.9129015377454754,3.759646816502509e-12,6.797846307235294,8.71074784498077,2.64090775568285e-10,True
SOX11,1.6120970940228134,3.986501602123215e-12,2.402226218647059,4.014323312669872,2.782192327804379e-10,True
CALML5,2.0474074937245472,4.343493085685917e-12,2.84700123182353,4.894408725548077,3.0022834795148504e-10,True
PREX1,1.744052463169683,4.583177550540807e-12,5.163951364676471,6.908003827846154,3.157867716750012e-10,True
RUSC1,1.9895497029111997,5.0636288631124065e-12,4.866199339117647,6.8557490420288465,3.477828903283712e-10,True
RP11-285F7.2,1.6874405221142519,5.257600697605406e-12,5.302950199058824,6.990390721173076,3.599626300401676e-10,True
MMP1,3.2269871030695705,5.5294571851215235e-12,3.083286766882353,6.310273869951923,3.7738109211389324e-10,True
LY6E,2.135785500356901,5.6385337079916305e-12,5.203468048941176,7.3392535492980775,3.8121773991374664e-10,True
STIL,2.2071174290531674,5.78716694824436e-12,5.218284098235294,7.425401527288462,3.900478408886814e-10,True
DEGS2,1.9065885137392535,6.890626053638884e-12,3.854172646058824,5.7607611597980775,4.531267315212075e-10,True
XPO1,1.5832482063229643,7.538681673815188e-12,7.211242097205882,8.794490303528846,4.868638149641541e-10,True
TMC5,1.5552754878738693,7.843853331667654e-12,3.2593277423921565,4.814603230266026,5.020762332267151e-10,True
AP1M2,3.5117152495045247,8.547815345939265e-12,3.383386111264706,6.895101360769231,5.455220796737345e-10,True
SQLE,1.9607311708759902,9.0659765506409e-12,3.7363959270735294,5.69712709794952,5.735157972898125e-10,True
HNRNPU-AS1,2.0534884980073524,9.719110382621428e-12,5.834011090117648,7.887499588125,6.094868206609119e-10,True
KRTCAP3,2.382088281404411,1.0988705862757639e-11,3.8968152574705885,6.278903538874999,6.812053047013224e-10,True
KIAA1522,2.5923927747686646,1.1458055498018491e-11,4.913430966529412,7.505823741298077,7.022522116136828e-10,True
FOXA1,3.5669055898068436,1.3246316327724082e-11,2.9555510447941176,6.522456634600961,8.005141166209791e-10,True
SORL1,1.6393438954255295,1.3548072751688794e-11,5.493354624705882,7.132698520131411,8.164695097013567e-10,True
LMNB2,1.7920056139366518,1.4334937620797065e-11,3.9413795912941176,5.733385205230769,8.614899317387347e-10,True
LOC727820,1.5369646054230777,1.761783012177678e-11,3.8766293265000002,5.413593931923078,1.0333964435932317e-09,True
CLDN7,1.8064331839768104,1.753781366067312e-11,3.8534289587058823,5.659862142682693,1.0333964435932317e-09,True
SMIM20,-2.07117658440837,1.8446391150999183e-11,8.137242494235293,6.066065909826923,1.0699401408897247e-09,True
TSPAN1,1.5823271100407243,2.5271286416362682e-11,3.138967237882353,4.721294347923077,1.4079083865627873e-09,True
POLD1,1.6111585671204756,2.6508152719636422e-11,4.133285218235294,5.744443785355769,1.461257553681001e-09,True
KRT8,3.978741612575792,2.7004654500857705e-11,6.726633789058823,10.705375401634615,1.482857106918925e-09,True
TSTA3,1.8068530795452489,2.75932661231279e-11,6.905629303647059,8.712482383192308,1.5037287470374613e-09,True
TRPS1,2.7341809106365957,2.958902889055397e-11,6.391636250647059,9.125817161283654,1.5884829777844543e-09,True
ATP8B1,1.5560832367714932,3.041000380581399e-11,7.161521337382353,8.717604574153846,1.6285159216306576e-09,True
ERP27,2.2082297781306566,3.15907046933886e-11,3.8296982787058824,6.037928056836539,1.6792749288488018e-09,True
PPP1R10,1.8516968706945702,3.3398228678959e-11,4.489955818382352,6.3416526890769225,1.7411341625765732e-09,True
CANT1,1.516459428487745,3.4233840242630415e-11,5.570199541803922,7.086658970291667,1.7804065712723776e-09,True
RCC2,1.9792149062737545,3.520667255686631e-11,7.350231761764706,9.329446668038461,1.8222400975306282e-09,True
ADD3,-1.8763866576918824,3.655992125797809e-11,9.39498467035294,7.518598012661058,1.86991464873843e-09,True
PLS1,1.5182709873195703,4.1768948370637494e-11,2.826227634882353,4.3444986222019235,2.106459668994737e-09,True
TMEM97,1.9109324838962092,5.0487424877449307e-11,4.37530665939706,6.286239143293269,2.5110239936175074e-09,True
CA12,1.9477910311056865,6.684343746572455e-11,4.05263200564706,6.000423036752746,3.1853695364998913e-09,True
LYPD6B,1.795194634053169,6.893524939154897e-11,3.776426784235294,5.571621418288463,3.2778332320574986e-09,True
TJP3,2.3451705556026585,6.981825343048254e-11,3.734005758411765,6.079176314014424,3.305290838005448e-09,True
MBOAT2,1.7137271504106328,7.143141585206753e-11,4.801413169147059,6.515140319557692,3.366925233027192e-09,True
CLGN,2.0339967217692316,7.411261759288369e-11,2.7754871159999994,4.809483837769231,3.478148550156266e-09,True
LRRC1,1.6220827107386873,7.81792562541176e-11,3.5465738890882355,5.168656599826923,3.6452763126246432e-09,True
MDK,2.4647221312556553,7.846074126229759e-11,4.381597098705883,6.846319229961538,3.65053362840819e-09,True
WDR34,2.29804624961199,8.517242767967448e-11,6.07400511817647,8.37205136778846,3.929009536993086e-09,True
PRKCZ,2.6836710603037326,8.661517621554339e-11,3.9858619017058827,6.669532962009615,3.977183021106219e-09,True
PGAP3,1.6771769512638572,9.241234808959348e-11,4.868242024029412,6.545418975293269,4.173989876656273e-09,True
MYO6,2.036237810668174,1.0181083861037842e-10,5.776350634921569,7.812588445589744,4.504452951606415e-09,True
FAM83H,1.9823946756759039,1.1670111324488582e-10,3.5124971498529414,5.494891825528845,5.059776723553316e-09,True
HSD17B11,-2.224479747576357,1.1746618259183428e-10,9.194001634470586,6.9695218868942295,5.0827617207486685e-09,True
KIF4A,1.9687211893009047,1.2051048806796271e-10,2.9588257013529407,4.927546890653845,5.193713962849349e-09,True
FOXO6,2.259490643057693,1.282533755747845e-10,4.241200479,6.500691122057693,5.505479723334252e-09,True
SYNE4,3.531969593510746,1.568444964991597e-10,3.2570415139411764,6.789011107451922,6.563502285801393e-09,True
RAB17,1.5759666871385742,1.5795823158320735e-10,3.4957404622941177,5.071707149432692,6.592695199684712e-09,True
SCRIB,1.6276067923342747,1.7039777878916802e-10,5.617972929117648,7.245579721451922,7.035412107068035e-09,True
MYB,1.9521215826968321,1.717684394168572e-10,3.025792185764706,4.977913768461538,7.078495593873726e-09,True
CTB-31O20.2,2.1112022242658375,1.7307305039227285e-10,3.8736979791764705,5.984900203442308,7.091733797797013e-09,True
TPBG,1.6420555650458155,1.8059618142614498e-10,5.121763464117647,6.763819029163463,7.289549226034789e-09,True
PKM,1.89273119096182,1.8131782330328488e-10,5.734212290235295,7.626943481197115,7.3050486166975205e-09,True
ROGDI,1.506324254289027,1.9085261474457217e-10,3.9146727574705884,5.420997011759615,7.61825889298675e-09,True
ANKRD35,-2.5389923630152715,1.9262561385539774e-10,6.558799314294117,4.019806951278846,7.674871373409816e-09,True
VAV3,2.204080010663838,2.019629382844539e-10,4.033966414313726,6.238046424977564,7.988058811305594e-09,True
APOBEC3B,2.8038649079230766,2.1095598006252304e-10,3.8618622120000006,6.665727119923077,8.298241143004883e-09,True
ZNF587B,1.696761790608032,2.1301808099090215e-10,5.784350343882353,7.481112134490385,8.364149151067455e-09,True
MCM2,2.4971115889451374,2.208365578377325e-10,4.65653281835294,7.153644407298078,8.624185792092676e-09,True
HN1,2.147484028760746,2.339429596130582e-10,6.183054426941177,8.330538455701923,9.008467683266671e-09,True
BGN,1.6672931616372546,2.410492088379372e-10,5.213655987862745,6.880949149499999,9.230264837537649e-09,True
ESRP1,3.9591697504069567,2.8165665034313427e-10,3.7079610735882356,7.667130823995192,1.0524424231733524e-08,True
PPP1R14B,1.606194236584276,2.829688040541824e-10,8.087184386117647,9.693378622701923,1.0541046459706267e-08,True
RP11-803D5.4,2.265244420052603,3.0654005211129303e-10,3.8936063897647055,6.1588508098173085,1.1298115889996295e-08,True
SUCO,1.5406640776052036,3.2159726641922466e-10,7.379989368529412,8.920653446134615,1.1792808235559196e-08,True
FAM213B,2.0025787552952483,3.4231766767861974e-10,5.64620502364706,7.648783778942308,1.2405431725673262e-08,True
BSPRY,2.9069927972417995,3.6210145022912636e-10,4.55936035467647,7.46635315191827,1.2991815714273879e-08,True
KIF18B,2.380247380640271,3.8300902031905264e-10,3.082728334705882,5.462975715346153,1.3651400584188968e-08,True
SYTL1,3.1411726184377833,3.9671904674922456e-10,3.460928139235294,6.602100757673077,1.4070518977736842e-08,True
RNF183,1.5189540843925338,4.1565807467677235e-10,2.9346652185882354,4.453619302980769,1.464619290819539e-08,True
PABPC1L,1.6864718603414404,4.3639587428547223e-10,3.0790944957450983,4.765566356086539,1.5302147066719923e-08,True
TRIP13,2.187760502224548,4.675893708816363e-10,3.936464488823529,6.124224991048077,1.6316606514555164e-08,True
EPPK1,2.7156782275080324,4.796576553337888e-10,3.241043149682353,5.9567213771903855,1.6579581968823373e-08,True
MEDAG,-1.6346225518631217,5.003808463962288e-10,6.8949005143823525,5.260277962519231,1.7129334828769634e-08,True
SLC16A6,1.8636488374785078,5.08186875882056e-10,3.717206165617647,5.580855003096155,1.734167675032852e-08,True
S100A7,2.3766795122087108,5.293669265130425e-10,2.314499329647059,4.69117884185577,1.8007631218725903e-08,True
ITM2A,-2.6056685667146473,5.388283442285462e-10,9.004609834911763,6.398941268197116,1.8300708363241125e-08,True
LOC728061,1.9667828220407242,5.732581304066871e-10,3.523588293882353,5.490371115923077,1.9258446663584897e-08,True
CRABP2,3.0768118220927603,5.963091733901251e-10,6.5558690181764705,9.63268084026923,1.992736718371243e-08,True
CTPS1,1.8501672656787327,5.968538911507121e-10,3.7675703717058826,5.617737637384615,1.992736718371243e-08,True
PPP1R13L,2.487451128446833,6.619791557317809e-10,3.3300200097647057,5.8174711382115385,2.1732805818296025e-08,True
CREB3L4,3.4766790941295254,8.125405174264245e-10,4.232786212764705,7.709465306894231,2.5738380811889746e-08,True
TMC4,3.8944862838863106,8.42328200792749e-10,4.052218502411765,7.946704786298076,2.6501440781547985e-08,True
EZH2,3.7513939293274885,8.615545516299052e-10,3.4760336014705886,7.227427530798077,2.6975011178745298e-08,True
RAB25,4.22468620577715,8.928802906322339e-10,3.959527662588235,8.184213868365385,2.7715157945234404e-08,True
WNT11,-2.7461676857347275,9.065710405079703e-10,6.185874587705881,3.439706901971154,2.8059605810286035e-08,True
ECHDC1,-2.538104388957862,9.135387366487148e-10,8.769256852558824,6.231152463600962,2.81945942473537e-08,True
LSR,2.9763388524145933,9.431702802704425e-10,4.694285783941176,7.670624636355769,2.8902958942848474e-08,True
GGTA1P,-2.8653943107675346,1.0518540859338897e-09,8.325557650411765,5.460163339644231,3.195266831304865e-08,True
FABP4,-7.002461962301189,1.1198709229612708e-09,12.254531518411765,5.252069556110576,3.374430002544164e-08,True
HOOK1,2.843123431812217,1.1303679810929591e-09,3.9619558127647054,6.805079244576922,3.391887832308762e-08,True
SOX4,2.0148070472223782,1.183923758660648e-09,5.242835495186275,7.257642542408653,3.5378716185943535e-08,True
MELK,2.854548707678167,1.2488971315571583e-09,4.361031847235293,7.21558055491346,3.7115232748954837e-08,True
MTCL1,1.5147349734095021,1.2535335901523669e-09,3.8225321657058826,5.337267139115385,3.720191937304041e-08,True
SLC9A3R1,2.231398793312784,1.2678524126532117e-09,7.067956857235294,9.299355650548078,3.746583702516389e-08,True
LIG1,1.7085093309592763,1.2989672329335127e-09,3.202936165117647,4.911445496076923,3.828767858925961e-08,True
KIF23,1.571819980820984,1.3049298730870356e-09,2.997495450558824,4.569315431379808,3.841109905338505e-08,True
SLC12A8,2.2657970826713796,1.5091587898384096e-09,3.8811323845882355,6.146929467259615,4.347623224787482e-08,True
IRF7,1.902609908359163,1.5544366278686982e-09,5.954013826823529,7.856623735182692,4.448443974066043e-08,True
CHPF2,1.5416975816414018,1.599871887224942e-09,5.750842904647059,7.292540486288461,4.564909700743623e-08,True
CELSR2,1.6139898714852938,1.6873695592425191e-09,3.528523179764706,5.14251305125,4.778303719137684e-08,True
RACGAP1,1.6933148744191167,1.716016547111632e-09,6.5348878887058826,8.228202763125,4.846738641874694e-08,True
EFNA4,2.07653424800509,1.7834955768889657e-09,4.986202235235295,7.062736483240385,4.998177047408391e-08,True
PDZK1IP1,1.9355747160031105,1.9068350902891235e-09,3.6162373965882355,5.551812112591346,5.277526949205855e-08,True
GMFG,-1.9789029766657258,1.9120777822995595e-09,8.31005046111765,6.3311474844519235,5.283244293748528e-08,True
USP54,1.6028607280707021,1.957607489644992e-09,4.366205643823529,5.969066371894231,5.3952659921617064e-08,True
KIF20A,2.313979126672512,2.1051857966711723e-09,3.3002175705294117,5.6141966972019235,5.7290182026390957e-08,True
TFAP2A,1.986019280612557,2.1351826509694893e-09,3.502130580980392,5.488149861592949,5.796069843629222e-08,True
ENPP5,1.7759092571292419,2.1834312392434456e-09,3.138210116029412,4.914119373158654,5.919615897372424e-08,True
HIST2H2BE,2.125970845367081,2.218895123520414e-09,5.1020420404117655,7.228012885778846,5.987094440813022e-08,True
GPRC5A,2.116384473376696,2.4801407907812345e-09,3.919293376078431,6.035677849455127,6.616257214371394e-08,True
RP5-1074L1.4,1.660252917241516,2.534030240292439e-09,3.7704994219411767,5.430752339182693,6.735103716059818e-08,True
IPO4,1.55212916528337,2.5613908877306825e-09,5.256814716764706,6.808943882048076,6.79113870784967e-08,True
JUP,1.9169026226419685,2.5790901745029303e-09,6.872797046117647,8.789699668759615,6.821346690143141e-08,True
MME,-4.363726856071832,2.6958652439101e-09,8.343789961235293,3.9800631051634614,7.086882691615434e-08,True
MB,2.5611761356470586,2.7528786818450715e-09,4.6315361093529415,7.192712245,7.201756986906664e-08,True
C9orf152,1.6178215029196834,2.8084403433332754e-09,2.8992451171764704,4.517066620096154,7.320555039519928e-08,True
GINS1,3.2242768055220585,2.842719528444586e-09,3.8001156403529412,7.024392445875,7.392095793016662e-08,True
KNOP1,1.812178301716064,3.0181305277105563e-09,5.035003504431373,6.847181806147437,7.764239472891543e-08,True
DTL,2.3110984353724544,3.124621166303325e-09,3.644153154882353,5.955251590254807,7.98124898854456e-08,True
CYP2B7P,1.9232516933778285,3.192016545229309e-09,2.623006946352941,4.54625863973077,8.124620936004247e-08,True
TYMP,1.643646243542988,3.2230099413063074e-09,4.609979960764705,6.253626204307693,8.193868399548997e-08,True
EPS8L1,1.673182945759275,3.268078773820092e-09,4.210233073317648,5.883416019076923,8.279260453348676e-08,True
EPN3,2.510603037070984,3.3314800517967767e-09,3.644879909058824,6.155482946129808,8.400532741331383e-08,True
CDCA3,2.06374945107353,3.482194579817926e-09,3.8407049731764706,5.904454424250001,8.699454934683699e-08,True
ADRB1,-1.7697812325797515,3.5432290811512456e-09,4.417374067647059,2.6475928350673077,8.832019261212912e-08,True
AGR2,3.7400331183899906,3.9678779596638795e-09,4.551387657970587,8.291420776360578,9.799662061338816e-08,True
SLC7A5,2.7559401652697977,3.986212261506985e-09,4.416822899470588,7.172763064740385,9.833717477503263e-08,True
EGLN3,1.6596947184773754,4.116806796927354e-09,3.6420529721764705,5.301747690653846,1.0081802296836789e-07,True
CDS1,1.8566276138310247,4.211534133101452e-09,3.6201684934117644,5.476796107242789,1.0284033969486447e-07,True
RP11-196G18.24,1.6842036142647077,4.384134941687078e-09,5.485357243235293,7.1695608575000005,1.0597850219374294e-07,True
FARP1,1.6698042801469457,4.484024187677505e-09,4.437189727858824,6.10699400800577,1.0779095922266981e-07,True
TPD52,3.0775622490117636,4.607707419846547e-09,4.5803507639882355,7.657913012999999,1.1051856987625281e-07,True
SLC39A11,1.681436645109729,4.652080329914559e-09,5.1803693872941174,6.861806032403846,1.1133601541781139e-07,True
PRRG4,1.5320303036052048,4.862288716518308e-09,3.7971002570294115,5.329130560634616,1.1559957844161934e-07,True
PPAT,1.5631194098091061,5.039207369744384e-09,4.737200329676471,6.300319739485577,1.1863248252929243e-07,True
TMEM132C,-3.798931744636314,5.1446300243538825e-09,8.358571309588237,4.559639564951923,1.2085132527350298e-07,True
IGF1,-3.286056257439933,5.317768212226902e-09,7.616285580376471,4.330229322936538,1.2410994096173573e-07,True
GRHL2,2.637696460753393,5.541594968753155e-09,5.592756066823529,8.230452527576922,1.280901785779642e-07,True
ACACB,-3.4183913283832963,5.7726683675636765e-09,8.466638756764707,5.048247428381411,1.3314678052477626e-07,True
AKR1C1,-2.7817374179631207,5.964129015982672e-09,7.039513523682352,4.257776105719231,1.372701396391331e-07,True
STAP2,2.6442472059298643,6.204836196308199e-09,4.864054286647058,7.508301492576923,1.4201992738483107e-07,True
AURKA,1.9535479097456636,6.253200519431884e-09,3.1534200430588233,5.106967952804487,1.427088536264861e-07,True
ANGPTL4,-2.367944548813913,6.374914511142092e-09,6.855018645823528,4.487074097009615,1.4489352823897553e-07,True
IGSF10,-2.554242745599265,6.568950787278862e-09,5.1780805489117645,2.6238378033124996,1.4864747441299854e-07,True
ELF3,2.5172390882822384,6.604815261352208e-09,4.261882416156864,6.779121504439102,1.491598937154019e-07,True
MARVELD3,1.9021107511446074,6.90346206935408e-09,3.8360225536470587,5.738133304791666,1.555795852817453e-07,True
EFNA1,2.6156787583631234,7.134149434665509e-09,6.840505583117648,9.456184341480771,1.6027759399687258e-07,True
TAP1,1.5809436753648196,7.1697102325725e-09,6.505639566529412,8.086583241894232,1.6090942000176976e-07,True
EBF1,-3.90380150259983,7.772118121583402e-09,8.824439561441176,4.920638058841346,1.7317175649892575e-07,True
SH3RF1,1.6336515807084284,7.848050271340162e-09,5.9938366519117645,7.627488232620193,1.7450418049377635e-07,True
TRIM59,2.0430966429768107,8.208456063043773e-09,3.1846862137058825,5.227782856682693,1.808451598003585e-07,True
CDH3,2.774321374842195,8.516481113905572e-09,4.341147714705882,7.115469089548077,1.861152211104516e-07,True
DNMT1,1.895566037223416,8.571507680022732e-09,6.058350784882353,7.953916822105769,1.8712872720211082e-07,True
AF289551,1.9268111814768099,8.996958876532697e-09,3.9243564207058825,5.851167602182692,1.9484404934312803e-07,True
GALNT7,2.5358288606694,9.219419227546657e-09,5.217278502941177,7.753107363610577,1.9886553837285336e-07,True
CD36,-4.413856513796719,9.304687393593795e-09,9.189642375929411,4.775785862132692,2.0010627411570753e-07,True
STARD10,2.042200267635935,9.33822301885021e-09,5.074238053431373,7.116438321067308,2.0062805860260604e-07,True
SH3KBP1,-2.129414696953809,1.0427865601504345e-08,8.597101638431372,6.467686941477563,2.2096657422972234e-07,True
CLIP4,-1.5701331594697399,1.0573541215579985e-08,6.178744693176471,4.608611533706731,2.2383421154508118e-07,True
MUC1,3.111672407738311,1.0615695702551451e-08,4.502931434607843,7.614603842346154,2.2406885514604944e-07,True
DSP,4.97780060908767,1.1517346059565585e-08,5.497520539941177,10.475321149028847,2.3982462175043447e-07,True
CCDC178,-2.17918153541629,1.1644756804126795e-08,4.950672394647059,2.771490859230769,2.414783954785014e-07,True
CEACAM6,3.0513467359903843,1.1733175667271338e-08,3.5091823744999995,6.560529110490384,2.429160340300626e-07,True
NRN1,-3.301801647148756,1.2507274706261612e-08,7.4523743142352945,4.150572667086538,2.5648804575352606e-07,True
SFN,2.8830423265889884,1.2740107251951497e-08,6.019171309039216,8.902213635628204,2.600303965999723e-07,True
SNX3,-1.5835616021907537,1.3150399190465574e-08,11.254632403544118,9.671070801353364,2.6739557000537844e-07,True
LINC01140,-2.4105557102994912,1.3474840353970195e-08,5.39262884682353,2.9820731365240385,2.732222784050095e-07,True
GRP,1.7983207797149316,1.3524588903528542e-08,3.1843434948235294,4.982664274538461,2.737179428698223e-07,True
PIAS3,1.5600421473122168,1.4511168605916144e-08,5.025170269764706,6.585212417076923,2.906936414712924e-07,True
NPR1,-2.5451915141473407,1.5419397956551357e-08,7.045628711411764,4.500437197264423,3.0689850486659486e-07,True
ACVR1C,-5.33024705709078,1.5680858148105634e-08,8.535026257970587,3.2047792008798073,3.112434550773077e-07,True
CLSTN1,1.768273388656108,1.5842557149332484e-08,6.7089401788823535,8.477213567538461,3.1413037316136766e-07,True
RNF43,1.868188679632918,1.5944841302668417e-08,4.149143955588236,6.017332635221154,3.1561449367175774e-07,True
CHTF18,2.456811804930429,1.6663483831332573e-08,3.893346778117647,6.350158583048076,3.27740429718982e-07,True
GPATCH11,-2.138485189653564,1.7020267841653254e-08,6.332913620735295,4.194428431081731,3.33847230058176e-07,True
TNFAIP8L1,1.6888883288178729,1.760097853615347e-08,4.120652228470588,5.809540557288461,3.43679756885993e-07,True
MARVELD2,2.874237419365386,1.9629470245442637e-08,4.536866806,7.411104225365386,3.781688234729755e-07,True
EZR,1.8064897116864254,1.975805762210618e-08,4.555085104705882,6.361574816392308,3.7996940147045976e-07,True
CXADR,2.140732173370052,2.0168984685025622e-08,3.757947182882353,5.898679356252405,3.8752751657240614e-07,True
STAT5A,-2.045055708070702,2.0492548156381868e-08,6.554696098176471,4.509640390105769,3.930463469532994e-07,True
LAPTM4B,1.5489617328396497,2.147472455302624e-08,5.988848582088235,7.537810314927885,4.0970517257912055e-07,True
KIAA0895,1.6838926095718336,2.3074843842407224e-08,3.259633297764706,4.943525907336539,4.3638483088328696e-07,True
FAM162B,-2.6041447035407232,2.3725288645593072e-08,6.494127976117646,3.889983272576923,4.4595709804292447e-07,True
ADM,-3.116091943968325,2.42268462227058e-08,11.19144003735294,8.075348093384616,4.5420088217351814e-07,True
ADH1B,-4.650257616520642,2.4734134565228852e-08,8.712134433323527,4.061876816802885,4.629091706909396e-07,True
UBE2C,2.7869144063161784,2.5119490390760018e-08,5.502068012058823,8.288982418375001,4.697149305134771e-07,True
BARD1,1.5273132192381214,2.5433806038593212e-08,3.642462876117647,5.169776095355768,4.747716942579501e-07,True
ADAMTS5,-2.9538643172453343,2.5557573691135477e-08,7.695563208882354,4.74169889163702,4.762602125820121e-07,True
C1orf64,1.6137890383953604,2.5779628414622972e-08,3.711027016941177,5.324816055336537,4.791600178267766e-07,True
PYCARD,1.757156627069004,2.6152178574163588e-08,7.7177735854117655,9.47493021248077,4.848349472596652e-07,True
SCARA5,-3.805607762263009,2.66743533458955e-08,6.862892607509804,3.057284845246795,4.932475509730334e-07,True
SPINT2,4.198932057591061,2.7368119191518532e-08,6.782853408764706,10.981785466355767,5.052126780789279e-07,True
EFCAB4A,2.0983586761651587,2.7872724154124155e-08,4.631776079411764,6.730134755576922,5.114781507399391e-07,True
ITIH5,-4.273377784664311,3.025401752324895e-08,8.24388285379412,3.970505069129808,5.495765483757271e-07,True
FLNB,2.191347814343609,3.070040705703579e-08,6.065804281882353,8.257152096225962,5.558186666769617e-07,True
ATP1A1,1.901828315510178,3.101518349383439e-08,8.470663516470589,10.372491831980767,5.601114314600225e-07,True
BMPR1B,2.032257404444003,3.122712674453267e-08,3.633516453078432,5.665773857522435,5.63468629789795e-07,True
MIF,1.9353446431131207,3.172270586531557e-08,9.469711453117647,11.405056096230767,5.709823139734629e-07,True
CDO1,-3.49528263767138,3.423528156941077e-08,6.858103692911764,3.362821055240384,6.116270163123056e-07,True
MMD,-2.8317660231694006,3.567926828361329e-08,7.853248566558824,5.021482543389423,6.353259006715831e-07,True
HSPB2,-3.5558837107681,3.7199527237514286e-08,7.452285308941177,3.8964015981730773,6.591415002322862e-07,True
TOP2A,2.667344844467948,3.7363129712583295e-08,3.7328748166666665,6.4002196611346145,6.614986181110799e-07,True
SLC20A1,1.9391112416233032,3.8914677773320475e-08,5.7553908490882355,7.694502090711539,6.856018352001535e-07,True
CHMP4C,3.1560726892573534,3.9101539569656726e-08,4.354142666117647,7.510215355375,6.872151166446168e-07,True
IRF6,1.7846563832300153,3.966734136602807e-08,3.2222776340392154,5.006934017269231,6.96028329646405e-07,True
GOT2,1.707009823137442,4.0114808373003105e-08,6.989208255352942,8.696218078490384,7.02739983117346e-07,True
ISG15,2.464435544438915,4.0519505310000995e-08,8.16536211717647,10.629797661615385,7.081094486121741e-07,True
DCTN6,-1.8384983935854047,4.3736567938741324e-08,8.492112773941175,6.65361438035577,7.583029157335107e-07,True
ERBB3,1.6580333746803162,4.4183914662983116e-08,3.3428291726235293,5.0008625473038455,7.647351949869118e-07,True
CYB561,1.5360606012053157,4.5026133060411695e-08,5.36443663102353,6.900497232228846,7.780674031645423e-07,True
TTK,2.2025006889411767,4.6270840280069075e-08,3.0495214080588235,5.252022097,7.951307620804562e-07,True
KGFLP2,-1.7703772923750005,4.810759479170386e-08,4.6782563,2.9078790076249996,8.195337112744198e-07,True
BST2,1.5361457084564458,4.904380335586563e-08,7.5199855787647065,9.056131287221152,8.329383122265483e-07,True
SPAG5,1.658819076571267,4.904084590489398e-08,3.7994874282941176,5.4583065048653845,8.329383122265483e-07,True
IER3,2.4257120593365364,5.3504146265756284e-08,8.921975871,11.347687930336537,8.987284196115195e-07,True
RASSF10,1.5748618950910633,5.375529108919713e-08,3.067546749764706,4.642408644855769,9.01229327979428e-07,True
ATP6AP1,1.8082896869909515,5.377800149856444e-08,6.868466954470588,8.67675664146154,9.01229327979428e-07,True
SORD,1.826985097404978,5.523838220324411e-08,4.340179588941176,6.167164686346154,9.228435513260126e-07,True
POLR3GL,-1.8242156129196827,5.7854661796801715e-08,9.29611422482353,7.471898611903847,9.58411644696635e-07,True
ISCU,-1.5591139132058842,6.024682311075823e-08,11.545090414705882,9.985976501499998,9.949923801536292e-07,True
DOCK11,-3.1027974086617647,6.073945331072502e-08,7.137591105911764,4.03479369725,1.001137467619852e-06,True
RRAGD,-2.6843651098987547,6.087277133683693e-08,7.848177823735294,5.163812713836539,1.0020647785720306e-06,True
ST14,1.879969721331448,6.126951402709607e-08,4.067758897431372,5.94772861876282,1.0065041275445889e-06,True
EGFLAM,-2.8222755891792985,6.15598832818611e-08,6.361469853823529,3.5391942646442303,1.0105068852830536e-06,True
EHF,1.8529998047679106,6.279004232355577e-08,3.5197565699019613,5.372756374669872,1.0299185486505908e-06,True
SLC39A4,1.7608071513942312,6.29748226299052e-08,5.251572689,7.012379840394231,1.0321668845439387e-06,True
TXNIP,-1.8955415940978515,6.536787362952199e-08,10.95615711092157,9.060615516823718,1.0633337939659461e-06,True
CUTC,-2.18851360612104,6.627760135300027e-08,7.272365994294117,5.083852388173077,1.0737730801751346e-06,True
CCNB1,2.803171067695418,6.675332193067886e-08,4.336202557088235,7.139373624783653,1.07758126715531e-06,True
FN1,1.7970509179878809,6.779000615697294e-08,7.09410355920168,8.891154477189561,1.090436270041717e-06,True
LOC100272216,3.26629280474491,6.795044423135296e-08,5.9927364207647065,9.259029225509616,1.0913941061212482e-06,True
ZEB2,-1.780807144516741,6.88688540571986e-08,5.6288261114705875,3.8480189669538465,1.1053246717562997e-06,True
HOXA7,-1.6225698000687214,7.032244405428671e-08,5.480481700823529,3.8579119007548077,1.1261480955695729e-06,True
DDX39A,1.5094835644926494,7.094724067593877e-08,7.568561808882352,9.078045373375002,1.1353132781242124e-06,True
SPINT1,1.8181677360336543,7.112062806479497e-08,3.628270015,5.446437751033654,1.1372467022777822e-06,True
ALDH1L1,-1.7897227293209843,7.149185758699407e-08,4.460101451941177,2.6703787226201925,1.1414954530587577e-06,True
CCDC69,-3.796297144129808,7.331641433602794e-08,7.609252776,3.812955631870192,1.166323988352915e-06,True
CEP55,2.6443410510441168,7.343269350499481e-08,3.188224185705882,5.832565236749999,1.1673154474508177e-06,True
PCK1,-6.176127793897624,7.384604117673284e-08,9.16294115217647,2.9868133582788463,1.172163683682036e-06,True
MEIS2,-1.9207918536414024,7.408664335915865e-08,8.16810206835294,6.247310214711538,1.1725417184165307e-06,True
ADRBK2,-2.3604286172811086,7.420584327517429e-08,7.639008181784313,5.278579564503205,1.17356975091988e-06,True
ABCA8,-1.7596462598932883,7.577145274246925e-08,4.924477664117647,3.1648314042243584,1.1948362828595645e-06,True
DECR1,-1.6306322271776015,7.775848745680457e-08,10.336265764235293,8.705633537057691,1.2217174118576374e-06,True
C15orf48,4.1406607144558825,7.993894456769225e-08,4.565358342294117,8.70601905675,1.245125317294472e-06,True
LOC284825,-4.156654731984729,8.004480138836526e-08,6.529213914705883,2.3725591827211536,1.245877178444088e-06,True
LRRN3,-3.790701893916006,8.424887637127264e-08,7.119266620882352,3.3285647269663463,1.3010167311152631e-06,True
PBK,1.708208981850679,8.514183028403839e-08,2.6495402357647055,4.3577492176153845,1.3129319302887888e-06,True
ADIPOQ,-5.480752936427036,8.659014893959674e-08,11.716995882705882,6.236242946278846,1.3314697031330316e-06,True
EPB41L2,-1.7337292612134245,8.851864928210878e-08,6.373641671764706,4.639912410551282,1.3548854196735524e-06,True
BMS1P6,1.5991230108636878,9.157752937888881e-08,3.7476917645882355,5.346814775451923,1.3942856073977897e-06,True
ARHGEF6,-2.110358075167989,9.19366155417146e-08,10.781806537235296,8.671448462067307,1.3987684087517549e-06,True
SLC16A7,-4.011814999918213,9.262983339445154e-08,7.63994255804706,3.628127558128846,1.4073359870006734e-06,True
TOX3,2.2928057196374425,9.66628512385019e-08,3.8452155268529413,6.138021246490384,1.4553241381663106e-06,True
MAPK13,2.6289921649145933,9.715134149356558e-08,4.0961852839411765,6.72517744885577,1.4611643259355957e-06,True
MEOX2,-1.7100048416201918,9.964571033977517e-08,4.824396278999999,3.1143914373798074,1.4888362867410468e-06,True
ACAA2,-1.8109323452236046,1.0327772937237481e-07,6.399572938960784,4.588640593737179,1.5346247767660227e-06,True
PALMD,-3.641439711323529,1.0957569193685422e-07,7.7285149651568625,4.0870752538333335,1.6226352464434231e-06,True
CNRIP1,-3.202917222831446,1.1160742193014862e-07,8.389282796235292,5.1863655734038465,1.649335091160359e-06,True
MLPH,3.391890971703055,1.1317776086691142e-07,6.024715528941177,9.416606500644232,1.6691212381428961e-06,True
LPCAT1,1.6329973143082581,1.141126269716677e-07,5.249418845470588,6.882416159778846,1.6783322124622916e-06,True
JAZF1,-1.5056945489649323,1.1866030530642495e-07,5.909693027676471,4.4039984787115385,1.7357780292795833e-06,True
UHRF1,3.579936339011877,1.1860478232589132e-07,3.8088165048823535,7.38875284389423,1.7357780292795833e-06,True
ETFB,-2.122779034152714,1.2083697311617797e-07,9.981095799941176,7.858316765788462,1.7628509193314298e-06,True
FGF14-AS2,-3.1980505234759615,1.2268905613240712e-07,6.331553637,3.1335031135240383,1.7862568838658332e-06,True
KIF11,1.9531555988795262,1.23022495914952e-07,3.6132637407647055,5.566419339644232,1.7899069933557408e-06,True
ELTD1,-1.9612422495684383,1.2638414635286413e-07,8.448840964058823,6.487598714490384,1.8326548299894207e-06,True
ADH1C,-4.596249490137443,1.270418216811949e-07,7.208388168647058,2.6121386785096155,1.839725443154385e-06,True
DNAJC12,1.6665142887999629,1.2720299175731225e-07,3.7122776999019607,5.3787919887019235,1.839996447269758e-06,True
CPM,-3.05458716234342,1.276282081361786e-07,6.36773686677451,3.3131497044310896,1.8432818978813243e-06,True
SOX9,2.696975138638008,1.3028133585133272e-07,4.181742458823529,6.878717597461537,1.87783924126821e-06,True
UGP2,-1.579967861857467,1.3121341187019658e-07,9.335955664088235,7.755987802230768,1.8887572626824373e-06,True
PPARG,-4.738046674322398,1.3672678604525726e-07,8.477466193764705,3.7394195194423077,1.9602942452545667e-06,True
VGLL3,-3.4156243047485852,1.3814593223482214e-07,7.32533797917647,3.9097136744278846,1.979329300596276e-06,True
LEP,-7.353861999658935,1.420869678865724e-07,11.937041136764705,4.58317913710577,2.0304171401756895e-06,True
EDNRB,-2.8121095853640643,1.4423144390627828e-07,6.8925741947647055,4.080464609400641,2.058342538860376e-06,True
ACSM5,-3.29162964106203,1.4738490664824042e-07,5.947735743725491,2.6561061026634607,2.09781082587808e-06,True
MRGPRF,-2.3836409088523753,1.4985984795778658e-07,6.976399704823529,4.592758795971154,2.1274395082458745e-06,True
PKIB,2.07924848308767,1.517313414732019e-07,3.5454347579411767,5.624683241028847,2.1511845168890716e-06,True
ACADS,-1.5611942334813351,1.5260172399331345e-07,6.314583984529412,4.7533897510480765,2.159808988992586e-06,True
C19orf33,2.230311254164592,1.545199979931295e-07,5.248038479941177,7.478349734105769,2.183566398812121e-06,True
ALDH1A1,-4.186234094291853,1.5541747092809165e-07,8.16991466917647,3.983680574884616,2.193383550899715e-06,True
HSPA12A,-1.7447118420096155,1.5801335972702945e-07,4.8383826055,3.093670763490384,2.2271133796053954e-06,True
HCP5,1.688443068300339,1.5901192676356292e-07,4.089327643882353,5.777770712182692,2.2397285387563046e-06,True
PKDCC,-2.988927684697398,1.6150521422116967e-07,7.2940258097647055,4.305098125067308,2.2674661321706723e-06,True
GPD1,-3.1495702295159784,1.6377731648529586e-07,6.130826759455882,2.9812565299399036,2.296385121295772e-06,True
STC2,2.123944503398474,1.6483879198565703e-07,4.3187634485294115,6.442707951927885,2.309771544436328e-06,True
LOC100134445,1.58202524241233,1.6541256693799374e-07,5.732186530058823,7.314211772471153,2.3163112528825206e-06,True
LOC101930114,-5.508930361884051,1.660221043806109e-07,8.311607233470589,2.8026768715865384,2.3233429678360393e-06,True
CLMP,-3.4960222769833162,1.7118728043788032e-07,7.536728898382354,4.040706621399038,2.381760007892952e-06,True
CDC25B,1.997720236345021,1.7204434665061544e-07,4.558960565058824,6.556680801403845,2.3921461695283195e-06,True
ENPP2,-3.426985108676188,1.7316120880672692e-07,9.089064253911765,5.662079145235577,2.4061289354743335e-06,True
TYRO3,-1.5369293315183814,1.738916807915552e-07,4.677452052705881,3.1405227211874998,2.4116323807213443e-06,True
LPL,-6.178935798089367,1.7561366753104972e-07,12.02705585914706,5.848120061057693,2.4308392175523103e-06,True
TMEM100,-4.852434582014139,1.781074666601778e-07,8.062577466235293,3.210142884221154,2.4590651188212804e-06,True
POTEM,2.2038386534247736,1.7873815563418945e-07,3.1594430264117643,5.363281679836538,2.466198977771485e-06,True
IRX5,2.8662907665967197,1.901002539988268e-07,5.218227909470588,8.084518676067308,2.6030499970029226e-06,True
RAD51AP1,2.176177597450791,1.9103537864941236e-07,4.031209882058824,6.207387479509615,2.6100793446226288e-06,True
PLXNA4,-2.1306280259342487,1.9160212404536698e-07,5.160382702205883,3.0297546762716343,2.6136897564448386e-06,True
TUSC5,-5.208688069627263,1.932928023720078e-07,8.617389166117647,3.4087010964903843,2.6317745621890423e-06,True
AQPEP,-4.145583061468326,1.9539310576099663e-07,6.566462267352941,2.4208792058846154,2.65702692843442e-06,True
RSPO3,-3.300893162579184,1.9588121012783665e-07,7.041728415117646,3.740835252538462,2.6619911941681823e-06,True
FANCI,1.5138851933095778,1.9642829618387757e-07,3.416218728901961,4.930103922211539,2.6660766549173096e-06,True
BAMBI,2.512854919081448,2.0184567731289777e-07,5.432576355764706,7.945431274846154,2.73274795285641e-06,True
PLAC9,-3.5794410773823504,2.028638975415692e-07,7.760232282882351,4.1807912055,2.743100264569906e-06,True
ASPA,-2.8942615602915724,2.055928309336768e-07,5.325324980411764,2.431063420120192,2.7713401228972566e-06,True
PGM5-AS1,-3.58264338405543,2.069752630305268e-07,5.993373550882353,2.410730166826923,2.7830390401898366e-06,True
CARD6,-1.7702769051600677,2.0822670540726084e-07,7.014867639823529,5.244590734663461,2.7963902988740463e-06,True
ETFA,-2.133869584602376,2.130409587258352e-07,9.99066887282353,7.856799288221154,2.85042742240782e-06,True
S100B,-2.6705910111134044,2.2217660463128993e-07,5.438910706647058,2.7683196955336538,2.958025133044897e-06,True
FHL1,-5.422953971245477,2.2243977254643897e-07,9.811437083964707,4.38848311271923,2.9597075516864742e-06,True
CAT,-1.9164245872541485,2.2769530440975205e-07,8.05485605354902,6.138431466294872,3.009277893039087e-06,True
RHPN2,2.7565385959004534,2.282786678045421e-07,5.207456361176471,7.963994957076924,3.0151458961851455e-06,True
PRDX6,-1.5928369910308273,2.3104219240294302e-07,12.080518557352942,10.487681566322115,3.044213052763503e-06,True
BMP2,-2.7817795239391963,2.351641991121596e-07,5.737028057088235,2.955248533149039,3.096638738765413e-06,True
CRYAB,-4.687252634472286,2.3601529459400871e-07,11.013830065058825,6.326577430586538,3.1040674155266738e-06,True
NUSAP1,3.0559028815500553,2.4056592423649877e-07,3.949130374647059,7.005033256197114,3.1524190011245616e-06,True
TMEM37,-2.3458887849963235,2.432352270827425e-07,5.980574279808824,3.6346854948125005,3.1796943431632234e-06,True
CIDEA,-3.930096945738123,2.466330457036274e-07,6.379054116882354,2.4489571711442304,3.218278615077189e-06,True
PDK4,-2.617368359368401,2.473193174051443e-07,6.462591600156863,3.8452232407884614,3.2252883858109082e-06,True
CDC7,1.6679760191990955,2.4802976111610816e-07,2.9238673376470588,4.591843356846154,3.2326047480403616e-06,True
SULF1,1.8583289586581815,2.482109030670904e-07,5.79551680027451,7.653845758932691,3.2330179938931375e-06,True
RBP7,-3.3906252005774897,2.516513562290222e-07,8.758798978529413,5.368173777951923,3.2719213293358745e-06,True
GYPC,-2.368458283407807,2.536917308461741e-07,7.460868177705883,5.0924098942980764,3.294490154175856e-06,True
MYZAP,-4.107942547755655,2.550591910778836e-07,8.919759047294116,4.811816499538462,3.310261307120583e-06,True
G0S2,-5.460763794516969,2.569690211971618e-07,12.032714035882353,6.571950241365385,3.326067431305927e-06,True
PRR15L,2.6843449426317867,2.6091355778718717e-07,3.8489462136470594,6.533291156278846,3.3660493874333896e-06,True
ANGPT1,-2.602095964758296,2.6411644113597665e-07,5.582109820764707,2.9800138560064107,3.4053392157192223e-06,True
CCDC107,-1.8274763278484158,2.650618739408947e-07,7.709790426117648,5.882314098269232,3.4134605016138437e-06,True
NUF2,2.470341710919117,2.797752317127409e-07,3.2905201767058827,5.7608618876249995,3.567469638406947e-06,True
TGFBR3,-2.7035245204960425,2.799890661435173e-07,10.30292258329412,7.599398062798077,3.567469638406947e-06,True
COX7A1,-3.999016044705315,2.824515570346977e-07,10.862237902176469,6.863221857471154,3.592498198968656e-06,True
AVPI1,-3.0200115679179875,2.8384472793503006e-07,8.933337610235295,5.9133260423173075,3.6080967619708436e-06,True
LRRN4CL,-4.151816751390838,2.8519778045469484e-07,7.454254814823529,3.302438063432692,3.617390220633698e-06,True
FAM228B,-1.647789705287896,2.895338617963128e-07,7.734822506470588,6.087032801182692,3.6503875873911583e-06,True
DDR2,-2.9786492701849534,2.9150120776713314e-07,7.7317019651176455,4.753052694932692,3.6709130559033326e-06,True
TIMP4,-6.3214690916651595,2.9181877609285825e-07,10.057575549588236,3.7361064579230767,3.6727744158051127e-06,True
FOXO1,-1.6281619390367652,3.0130069575829424e-07,6.8266069707450985,5.198445031708333,3.7742859750810344e-06,True
PCDH9,-2.8128319128629804,3.0961791037015867e-07,5.743125631,2.9302937181370194,3.851974405323969e-06,True
FAM149A,-2.9533469925501503,3.187188973874857e-07,6.066750933941176,3.1134039413910255,3.949303175818014e-06,True
F13A1,-3.39788666820362,3.194316035049164e-07,8.066980980588236,4.669094312384615,3.9558687703656935e-06,True
CRYBG3,-2.25962227944966,3.201964707544584e-07,8.618535249882353,6.3589129704326925,3.963072451242968e-06,True
RP11-736K20.5,-3.609886168678733,3.219977120792861e-07,6.661582836294118,3.0516966676153845,3.98081171476306e-06,True
MRAS,-2.7300684579968895,3.243925913677634e-07,7.605598596088235,4.875530138091346,4.008128905906089e-06,True
LYRM1,-1.7177241126645946,3.2642415265593406e-07,9.958959699058825,8.24123558639423,4.028628946212854e-06,True
WISP2,-4.041750068962104,3.315359615453084e-07,7.6284751565294115,3.5867250875673076,4.081278992233364e-06,True
SPDEF,1.665926094575564,3.313983693885412e-07,5.038044856870589,6.703970951446153,4.081278992233364e-06,True
SDPR,-3.9196998021077496,3.3115945433085254e-07,6.760278835352942,2.8405790332451923,4.081278992233364e-06,True
CAPN8,2.4907956166278287,3.3441486014366207e-07,3.9967147463529407,6.487510362980769,4.108498295972816e-06,True
HIST1H2BD,2.539526210873869,3.3751973676160863e-07,4.781106373058824,7.320632583932693,4.141939594349066e-06,True
NMB,-3.6055646725135766,3.4014426873220995e-07,8.694407730705883,5.088843058192307,4.169417141088591e-06,True
MAGED2,1.9790261338928161,3.5708358450102724e-07,6.56215770182353,8.541183835716346,4.3474976649857755e-06,True
PDE3B,-4.0005351230786195,3.573027172154338e-07,6.7090891612549015,2.708554038176282,4.347718946544381e-06,True
ME1,-2.4651718893670806,3.6137273430137827e-07,6.454563528254901,3.989391638887821,4.392302868882201e-06,True
KLB,-5.15192299052517,3.668835590207317e-07,7.856114541058823,2.7041915505336536,4.4467931649375525e-06,True
MT1M,-3.162099416263009,3.710654338592755e-07,5.79330976417647,2.6312103479134614,4.489933255897889e-06,True
ACADM,-2.054491553292987,3.7311803109524393e-07,9.986830075235295,7.932338521942308,4.507207483386713e-06,True
MAOA,-4.6676184065776765,3.755041005972323e-07,8.981131820705881,4.313513414128205,4.5239194631285686e-06,True
SDC4,2.4668814195610853,3.7588155818141295e-07,7.0131054988235295,9.479986918384615,4.525429889401708e-06,True
RP11-96D1.11,2.092174980268099,3.7988160134657006e-07,3.0537249780588236,5.145899958326923,4.56378705518905e-06,True
FAM110C,2.2272932637516965,3.8073473129878167e-07,4.037445135411765,6.264738399163462,4.571140905465672e-06,True
CELF2,-1.5348167075114745,3.840403956109593e-07,5.866465667596639,4.331648960085165,4.600616810101387e-06,True
BHMT2,-2.803154854542799,3.8443304960262594e-07,5.501080861058824,2.6979260065160253,4.602772013366249e-06,True
HSPB7,-1.9272538361156681,3.8889341014342864e-07,4.291645893764707,2.3643920576490385,4.648457971521038e-06,True
CA4,-3.2121504074227936,3.9799645115785526e-07,5.807294438735294,2.5951440313125005,4.744161554159889e-06,True
TF,-2.3937513608034497,3.99158524611741e-07,5.972773449529411,3.5790220887259614,4.7501620901952786e-06,True
GPX3,-4.979155820380375,4.0007685169738793e-07,11.204664810529412,6.225508990149037,4.758473164636057e-06,True
TBX15,-2.8727471639683246,4.0832838190806004e-07,8.11322491235294,5.240477748384616,4.845959705200702e-06,True
MARCKSL1,3.000760861873303,4.1323576430276573e-07,6.541267483588236,9.542028345461539,4.8961422566759784e-06,True
RGL1,-1.8103208211566715,4.185653690531431e-07,9.421949924647057,7.611629103490386,4.951154597848415e-06,True
STX11,-2.034625754201358,4.1994765496853946e-07,4.430952046970589,2.396326292769231,4.963173544241686e-06,True
NRARP,1.5502913208042983,4.225968097948308e-07,4.709670517176471,6.259961837980769,4.982496991777201e-06,True
CFL2,-2.917781544845023,4.24240751298286e-07,7.007553199607843,4.08977165476282,4.996433671387272e-06,True
SMIM22,3.2765627898857472,4.258627145219033e-07,3.615713123941176,6.892275913826923,5.010081472909939e-06,True
ANGPTL1,-2.8020917142190807,4.365051158814393e-07,5.44371767572549,2.6416259615064095,5.1102749903111145e-06,True
FAM69A,-1.7561636398574656,4.3769057120901756e-07,6.2552333762549015,4.499069736397436,5.121382102816168e-06,True
THYN1,-1.5392474541439478,4.473704212403391e-07,8.803005769735293,7.263758315591345,5.2177137808812595e-06,True
TWIST2,-2.3110249816971162,4.5346269510608645e-07,5.307069575500001,2.9960445938028846,5.274551294957086e-06,True
KRT18,4.92378059882749,4.5667808952961184e-07,6.045156859470588,10.968937458298077,5.306246222864207e-06,True
ITGB1BP1,-2.253132160124623,4.829313516125568e-07,7.072502440980392,4.819370280855769,5.5882610080998274e-06,True
RNF150,-2.8840535557358606,4.830158578759731e-07,5.846536719514707,2.9624831637788462,5.5882610080998274e-06,True
MDFIC,-2.8440263661216063,4.834749575569532e-07,7.513609250490196,4.66958288436859,5.590582953898814e-06,True
CDKN2C,-3.474376232301471,4.902243175866608e-07,9.09557465817647,5.621198425875,5.65351978197623e-06,True
ACADL,-3.615328495972003,4.968151753150685e-07,6.027123850294118,2.4117953543221153,5.720381222959822e-06,True
GPC3,-1.7672459332861985,4.980571715519023e-07,4.6943624918823526,2.927116558596154,5.7316313332581955e-06,True
TSPAN5,1.571890020396494,5.00981754028305e-07,4.598203313215686,6.17009333361218,5.759160599576184e-06,True
MAGI2-AS3,-2.2850469646926856,5.125473334838133e-07,5.181362944352942,2.896315979660256,5.870281397523716e-06,True
GLYAT,-4.251441608561652,5.136714627464492e-07,6.648064668705882,2.39662306014423,5.876933948450254e-06,True
ASPM,2.1122139968695324,5.174032362608011e-07,3.325949730117647,5.438163726987179,5.91337507475036e-06,True
GABARAPL1,-1.7579840366739257,5.199734415053168e-07,6.680495058294118,4.922511021620192,5.933012250632171e-06,True
ATP1A2,-3.526315143674208,5.351164136332985e-07,6.290468686058823,2.764153542384615,6.077293233047986e-06,True
RRAS2,-2.306698838567307,5.496688154472218e-07,6.597044588,4.290345749432693,6.229483929911285e-06,True
PLA2G2A,-2.9439141686374413,5.551190164156036e-07,7.613619684647057,4.669705516009616,6.27960799858434e-06,True
POSTN,1.5743628626863693,5.580350064794985e-07,5.105075826558823,6.679438689245193,6.3057511105717165e-06,True
KIAA1244,1.6136485648421957,5.623429280340113e-07,3.494562639705882,5.108211204548078,6.338394441758998e-06,True
CD24,3.8495453086794864,5.627943481682013e-07,6.9330467428333336,10.78259205151282,6.338394441758998e-06,True
NR3C1,-1.720721542260634,5.659870104192088e-07,8.717553690752942,6.996832148492308,6.3677217734891235e-06,True
MRC1,-3.6380783149423075,5.705604566224447e-07,7.598799357,3.9607210420576924,6.409177299598438e-06,True
SGCG,-4.626480270541289,5.721883628013967e-07,7.167982873647058,2.5415026031057693,6.41746771861494e-06,True
KLHL31,-2.410475296587669,5.721172881307658e-07,5.1379300260588225,2.7274547294711535,6.41746771861494e-06,True
C14orf180,-4.901874693936369,5.798532069195084e-07,7.559174629441177,2.657299935504808,6.4899762709278655e-06,True
RBP4,-4.327915440655826,5.845487366094972e-07,7.468843680352941,3.1409282396971157,6.5282434586807006e-06,True
DTX1,-1.552635930002264,5.950214633116667e-07,6.4284177921176475,4.8757818621153834,6.6118589413189056e-06,True
GPR34,-4.128287747960407,5.961845506224945e-07,7.292999872941176,3.164712124980769,6.62138231659018e-06,True
RP11-532F12.5,3.285995946047511,5.980265939740032e-07,5.128570945529412,8.414566891576923,6.638432714534407e-06,True
SLC19A3,-4.8567982184861425,5.98450466694538e-07,7.464235292529412,2.607437074043269,6.639731203557092e-06,True
DIS3L,-1.681777690440044,6.039671030164421e-07,6.787967562882352,5.106189872442308,6.68379962852211e-06,True
LOC101928000,-1.5013110997220016,6.140264525667083e-07,7.092121534294117,5.5908104345721155,6.76991288460216e-06,True
MICU3,-2.969090269143099,6.188483692162631e-07,5.848627593941176,2.879537324798077,6.817100034620088e-06,True
LOC100190986,2.318073695769513,6.220801527434673e-07,5.286652549235294,7.604726245004807,6.842249163500212e-06,True
WASF3,-3.5949365727539586,6.254353153428403e-07,7.641636110705881,4.046699537951922,6.86519180489211e-06,True
ZFPM2,-2.5752910539044125,6.268726805764812e-07,5.915133496529412,3.3398424426249997,6.873994143067497e-06,True
PVRL3,-2.29162043802206,6.336128560862448e-07,4.84076515364706,2.549144715625,6.9198456039504825e-06,True
TCEAL7,-2.025508919519796,6.480659141657217e-07,4.777673108529411,2.752164189009615,7.056319100641866e-06,True
NDN,-2.98295682955939,6.539679884117509e-07,9.223002577588236,6.240045748028846,7.117000718957862e-06,True
RRM2,4.169176377292421,6.57761708860745e-07,4.064981413794118,8.234157791086538,7.151092749347848e-06,True
MYO5C,2.224839736861991,6.631100254318667e-07,5.6457036121764705,7.870543349038462,7.202000702920902e-06,True
ABCA6,-3.098281085482466,6.820021165054055e-07,5.730374039588235,2.632092954105769,7.3701877075896355e-06,True
PPP2R1B,-2.6320343443628955,6.878441938306644e-07,7.1790733608705875,4.547039016507692,7.422199069090486e-06,True
ADRA2A,-3.4946005731018097,6.900469768367602e-07,8.146128232294117,4.651527659192308,7.438548253045993e-06,True
FGFBP2,-3.249030835625566,7.04446265011616e-07,5.920577014529412,2.671546178903846,7.563620319367897e-06,True
LAMP3,1.7279086806979636,7.069942181607527e-07,3.229563155705882,4.957471836403846,7.583450624644465e-06,True
HBB,-4.501552198225537,7.118958296876251e-07,8.95303285485294,4.451480656627404,7.628462741600678e-06,True
PPP1R1A,-4.79443286645871,7.176866183252603e-07,9.13188216085294,4.337449294394231,7.679104840488134e-06,True
CTNNAL1,-2.5528037614745474,7.232986011680646e-07,6.81839586117647,4.265592099701923,7.731504563375038e-06,True
GNG11,-2.5326279556388593,7.489422410801746e-07,7.762686820970589,5.2300588653317295,7.970174808543815e-06,True
PUS7,1.6683494403212658,7.620769486833761e-07,5.3245809532941175,6.992930393615383,8.09005632225949e-06,True
MMP28,-2.171850129613349,7.805539382363978e-07,5.038526539694118,2.866676410080769,8.261880848211578e-06,True
IGFBP6,-3.7055487932171953,7.828658386593497e-07,8.714489095294118,5.0089403020769225,8.278251426879292e-06,True
CPED1,-2.9510431983631227,7.87519870194204e-07,7.035545730882353,4.08450253251923,8.323396380875234e-06,True
HRCT1,-2.1668488468880085,7.931107072170235e-07,6.52962573417647,4.362776887288462,8.370219585678197e-06,True
CLDN3,3.036268847691459,7.949393626100949e-07,4.3512997507941185,7.3875685984855775,8.385428137527745e-06,True
ADH5,-1.9802622619858603,7.953910675279408e-07,9.925184435764706,7.944922173778846,8.386104164701267e-06,True
TFAP2C,1.5619015083450223,7.966709155133065e-07,3.658991912558823,5.220893420903845,8.395506700988986e-06,True
TLCD2,-2.917265539069006,7.983867767062833e-07,7.994396582588236,5.0771310435192305,8.405653152849993e-06,True
RHOQ,-2.166316435931561,8.02932113067792e-07,7.8549138762745105,5.688597440342949,8.449142152831556e-06,True
TUBA4A,1.5005095769705878,8.076433772910924e-07,6.702871048529412,8.2033806255,8.491455506343408e-06,True
XG,-1.7137167797666848,8.146368787839377e-07,4.639475559117646,2.9257587793509616,8.551513281169575e-06,True
FOLR2,-1.616060604318156,8.302835076496186e-07,5.1579065832941176,3.5418459789759615,8.694667806388916e-06,True
PCOLCE2,-5.736197101809956,8.382625831524501e-07,10.857103227117648,5.120906125307692,8.75703089642842e-06,True
DKFZp779M0652,-2.2714300491085986,8.406791142916092e-07,4.7536477876470595,2.482217738538461,8.762959646622877e-06,True
VTCN1,2.7262056857618777,8.506888758367154e-07,4.975407642882352,7.70161332864423,8.852647344265194e-06,True
VIM,-2.0948589182757367,8.533844769594036e-07,9.417498510088237,7.3226395918125,8.876429403373411e-06,True
AKAP12,-3.246914786096494,8.542148466066567e-07,6.721067959517647,3.4741531734211533,8.88079683149208e-06,True
MRAP,-3.4652544796133107,8.563701591879454e-07,5.89869837372549,2.4334438941121794,8.890387905005375e-06,True
PLA2G4A,-3.3753002047669676,8.587244336093623e-07,6.905733811882352,3.5304336071153846,8.906281457880418e-06,True
S1PR1,-1.6281217602641402,8.61420956572864e-07,5.2714991352352945,3.643377374971154,8.929967606829857e-06,True
SLC38A1,2.4656802133400735,8.638344009033106e-07,4.819152177691176,7.28483239103125,8.932394300791337e-06,True
SORBS1,-1.9840644267493204,8.629205826992707e-07,6.453795671764706,4.469731245015385,8.932394300791337e-06,True
NR1H3,-2.1921668768930997,8.633033975427288e-07,7.330976553941177,5.138809677048077,8.932394300791337e-06,True
BNIP3L,-2.0885201673150444,8.66370779243309e-07,10.175174818382352,8.086654651067308,8.946984157006678e-06,True
PLIN1,-6.394740908757918,8.758726928958627e-07,10.451544609411764,4.0568037006538455,9.023574148000947e-06,True
SLC25A20,-1.7861962280152728,8.82551959013724e-07,6.953285982294117,5.1670897542788445,9.075100586151103e-06,True
TNFAIP8,-1.527671574684578,8.888440034413913e-07,6.829763297764706,5.302091723080128,9.13112061465076e-06,True
SLIT3,-1.5112536227877067,8.974415465458537e-07,5.66959856562745,4.158344942839744,9.210696328045324e-06,True
LOC286367,-2.1849296386911763,8.989740243601404e-07,4.643933878941176,2.45900424025,9.222049794704427e-06,True
CHRDL1,-5.469728261908371,9.091370052127063e-07,11.043551699235294,5.573823437326923,9.313058289667093e-06,True
FXYD3,2.381256525724546,9.208011755221083e-07,6.30932858282353,8.690585108548076,9.410266146632412e-06,True
FERMT2,-2.9562346985458117,9.269767090291526e-07,9.25954082088235,6.303306122336538,9.464436573782784e-06,True
CASQ2,-3.335195681430429,9.280797643258928e-07,6.108750490882352,2.773554809451923,9.471229104335233e-06,True
LGALS12,-4.794561152383485,9.340711079964018e-07,8.250490350941178,3.4559291985576923,9.514420160782557e-06,True
GYG2,-4.661631989861615,9.369232517325969e-07,8.82396514147059,4.1623331516089745,9.537124795897547e-06,True
LOC728730,-1.720104586050057,9.410858477807849e-07,4.760880114852942,3.0407755288028846,9.567853532301354e-06,True
LYVE1,-3.5367597257508483,9.454673364966155e-07,5.899629122794117,2.362869397043269,9.603373626809519e-06,True
SYNPO2,-1.7212126871611177,9.477599757189671e-07,6.226624954806723,4.505412267645605,9.6221431603378e-06,True
LOC102724356,2.279075571276583,9.58923697192942e-07,5.890933774117648,8.17000934539423,9.721796714512323e-06,True
FYN,-1.7988932090120668,9.622228778335843e-07,6.8084351089607855,5.009541899948719,9.73244130992501e-06,True
ALDOC,-3.895274932700227,9.668804054462025e-07,8.132708876411765,4.2374339437115385,9.774980173751678e-06,True
FMO2,-3.908252196925903,9.735903789913997e-07,8.731603362147057,4.823351165221154,9.833626447002303e-06,True
SPIN4,1.5547766234128941,9.770445068380368e-07,6.099543355529413,7.654319978942307,9.854712310228872e-06,True
LOC102723493,-2.997079664008485,9.787710586118793e-07,5.389763082941177,2.392683418932692,9.867526492575959e-06,True
ZNF703,1.724385377639706,9.84965473487028e-07,6.9909493682352934,8.715334745875,9.925350730736772e-06,True
TNMD,-4.1249006058178725,9.876572176732648e-07,6.6350357205294115,2.5101351147115385,9.947841668696967e-06,True
TMEM55A,-2.599095732412331,9.904319080672949e-07,7.068689008941177,4.469593276528846,9.966032102683781e-06,True
PTGER3,-1.9261817014838796,9.90694949122438e-07,5.240654984011764,3.314473282527884,9.966032102683781e-06,True
ITGA7,-3.5302702618583144,9.952194265278482e-07,7.352559420882352,3.822289159024038,9.986814607110388e-06,True
GBE1,-2.419480114120475,1.0005505351407701e-06,11.310830091764707,8.891349977644232,1.0030977940192488e-05,True
JAM2,-1.7460966520067869,1.0178241675152903e-06,6.2356912438529415,4.489594591846155,1.0175889955727036e-05,True
ARHGAP20,-1.8895660032935506,1.0385917506064157e-06,4.3958109427647045,2.506244939471154,1.0345272801275232e-05,True
SHROOM3,1.8815859061110474,1.0430085291269333e-06,3.7394400750588237,5.621025981169871,1.0380803672097729e-05,True
CDH1,2.483844996055147,1.044286363342355e-06,4.191305360382352,6.675150356437499,1.0387648492373264e-05,True
UBE2E2,-1.5439365761402701,1.0524404194325019e-06,8.300624999294117,6.756688423153847,1.0435173452989082e-05,True
OGN,-3.880111375348133,1.1222832255934686e-06,7.437283064352941,3.5571716890048077,1.1011608882410291e-05,True
LHFP,-2.7002657151685536,1.1230968242203038e-06,8.006706903764707,5.306441188596153,1.1014596460564946e-05,True
C3orf55,-2.720225823458145,1.1451384803341008e-06,5.1167179383235295,2.3964921148653846,1.1196643874345953e-05,True
THRSP,-4.906414209249059,1.1474724184985165e-06,9.182201571117648,4.2757873618685895,1.1207930372106278e-05,True
ADRB2,-2.8984063034796383,1.1565878994649661e-06,5.992428423941177,3.0940221204615383,1.1286774562437774e-05,True
PLIN4,-5.962601251694005,1.1736959237537003e-06,10.327660880588235,4.3650596288942305,1.142281210544818e-05,True
HRASLS5,-2.0644030883673645,1.1776924464609692e-06,5.157598240352941,3.0931951519855767,1.145655399243843e-05,True
FXYD1,-3.712503280912331,1.1920947727116981e-06,6.293005964941177,2.5805026840288456,1.1575839500726027e-05,True
NAT8L,-2.561550768699095,1.1927559705226301e-06,6.208994273352941,3.647443504653846,1.1577063895135532e-05,True
ACKR4,-2.667946048372171,1.2123075581692396e-06,5.85243614235294,3.184490093980769,1.172999732602482e-05,True
CIDEC,-6.166547777942873,1.221616443662552e-06,11.46313051652941,5.296582738586538,1.1804230352228366e-05,True
VAMP3,-1.6671695851508286,1.2264873304814438e-06,8.407216457843136,6.740046872692307,1.1840719944206175e-05,True
LIPE,-2.7299713395178173,1.2272973573507459e-06,6.869973943676471,4.140002604158654,1.1843255274881083e-05,True
GPAM,-5.274522031784503,1.23757199003707e-06,10.566090350294118,5.291568318509615,1.1937079805818998e-05,True
EBF3,-1.5243849854483407,1.2438937190762273e-06,4.021290864313725,2.4969058788653844,1.197669809177311e-05,True
RBPMS2,-3.1072340493523756,1.2466899639252892e-06,5.970537466823529,2.863303417471154,1.1998281748008732e-05,True
EPCAM,5.156444797616516,1.249041962696187e-06,6.767673204941176,11.924118002557693,1.2015572638031127e-05,True
FAM60A,2.077054650595872,1.2627705916625104e-06,4.743837252264705,6.820891902860577,1.2140984781885072e-05,True
KCNB1,-1.7834412510641968,1.2731902010452107e-06,4.3890809178382355,2.6056396667740387,1.2220705412428186e-05,True
ZBTB16,-3.498635566391403,1.285348035401295e-06,7.495384981352941,3.996749414961538,1.2321003431948171e-05,True
FLJ36848,-2.394435370322964,1.2926674497107203e-06,4.919384452294118,2.5249490819711538,1.2374716935615679e-05,True
KRT19,2.7500032791849556,1.3072417120915772e-06,4.371564480382353,7.121567759567308,1.2486611232274293e-05,True
PLSCR4,-2.8805691805096156,1.3257336736411077e-06,9.086452398,6.205883217490385,1.2640920242056134e-05,True
FGF2,-3.0115196830568434,1.3306924197637164e-06,5.995591867205881,2.984072184149038,1.2678457203188674e-05,True
MYOM1,-2.6543997221357465,1.3376995458451242e-06,6.474317128058823,3.8199174059230767,1.272696995354409e-05,True
ZWINT,2.8578991238976243,1.3770503708352684e-06,5.708902917823529,8.566802041721154,1.3049708617179601e-05,True
KANK3,-2.0266211532782803,1.401598033919518e-06,6.438393357470588,4.4117722041923075,1.3253310080353485e-05,True
C1QTNF7,-2.2820247440910624,1.4027935265630831e-06,4.7139568847352935,2.431932140644231,1.3258819548795238e-05,True
ADHFE1,-2.5765635979711536,1.4273956314047287e-06,6.626989291,4.0504256930288465,1.345021972362426e-05,True
COPZ2,-1.875990146902998,1.432928854920466e-06,6.074292496205882,4.198302349302884,1.3484739354590814e-05,True
EFHD1,2.871001281340499,1.4482317159795141e-06,6.5762142522941165,9.447215533634616,1.358148815570732e-05,True
FZD4,-2.097413417684673,1.4533743678593325e-06,6.793817778352942,4.696404360668269,1.3623810419686593e-05,True
LEPREL4,1.6703283170639143,1.4597113517130545e-06,5.6747629311764705,7.345091248240385,1.3671365841693479e-05,True
MDH1,-2.090785468335973,1.4847039434820648e-06,11.845548415470589,9.754762947134616,1.387540812839502e-05,True
HIST1H2BE,1.5219174073914021,1.5064033268678334e-06,3.930017307647059,5.451934715038461,1.4059981008104217e-05,True
CALB2,-3.8035197877550893,1.5058747188377472e-06,8.051060254764705,4.247540467009616,1.4059981008104217e-05,True
MGLL,-3.2873419898925347,1.5375034809312342e-06,9.996999744911765,6.70965775501923,1.431936625482017e-05,True
BIN1,-2.034509158259728,1.5406239070438404e-06,6.416206036305883,4.381696878046155,1.4337161974576618e-05,True
AIFM2,-2.9079637624417405,1.5953761518662765e-06,7.7690625304705865,4.861098768028846,1.4802120427842042e-05,True
SPTBN1,-1.6935506983370017,1.5955992439598064e-06,5.569072889160428,3.8755221908234265,1.4802120427842042e-05,True
CTTNBP2,-2.0057856867222856,1.6469968988542948e-06,5.826226470058824,3.8204407833365384,1.520818519279243e-05,True
RDH5,-1.8380798135526017,1.6602405851315382e-06,6.021856124235294,4.183776310682692,1.5317400878175194e-05,True
SH3GLB1,-1.9336672079436283,1.7056251111051045e-06,8.708080850901961,6.774413642958333,1.5662648250746577e-05,True
LY96,-1.6135153732307694,1.7381694908232013e-06,7.7353304309999995,6.12181505776923,1.5914217915344885e-05,True
RBPMS-AS1,-3.102695174847285,1.7438525047582842e-06,5.832425835058823,2.729730660211538,1.5939268669389726e-05,True
CLDN5,-1.5777070070661772,1.755864784531766e-06,8.055397192941177,6.477690185875,1.6023629777022933e-05,True
SEPT11,-1.874958729878819,1.7617629623305926e-06,6.97467812157353,5.099719391694711,1.606225945639375e-05,True
GPIHBP1,-2.7889786700169683,1.7783981830107803e-06,5.227430030882353,2.4384513608653844,1.6173032656342256e-05,True
BIK,2.418069313882354,1.8626988615940712e-06,4.713917879117647,7.1319871930000005,1.687583327914059e-05,True
PDE2A,-1.756144541635182,1.8656244252156988e-06,4.579125096529412,2.8229805548942304,1.689526347406515e-05,True
DEFB132,-5.326514976914028,1.873078812111551e-06,8.026495848529413,2.699980871615384,1.6955673682022347e-05,True
SRPX,-3.51333320299604,1.8879748520194127e-06,9.715299064294117,6.201965861298077,1.7076227392742474e-05,True
LARP6,-2.1665577295460023,1.922975001808372e-06,6.464790164392157,4.298232434846154,1.7349276131828245e-05,True
TMEM170B,-3.53195160416629,1.9284584667084174e-06,7.428880598647059,3.8969289944807692,1.737700913254336e-05,True
EHHADH,-2.4151814274558827,1.965917273718733e-06,6.776542652705882,4.36136122525,1.7655716154796506e-05,True
MAMDC2,-3.20452203744966,1.977332799183283e-06,7.311302321882352,4.106780284432692,1.7736150543254696e-05,True
NMT2,-2.040914857106336,2.009138215996513e-06,5.958939314279412,3.9180244571730762,1.7961861695489485e-05,True
LOC101926960,-4.9710489957499995,2.0169968713254086e-06,7.534845421,2.56379642525,1.802467051264982e-05,True
NPR3,-2.751751763568816,2.0410220753601747e-06,5.956941521078431,3.205189757509615,1.8209283546563868e-05,True
FIGN,-1.670065615452065,2.077521281392921e-06,5.1341152718823535,3.4640496564302885,1.8489170268587348e-05,True
LOC101929726,-2.9527787043569,2.090223848395764e-06,5.681192983058823,2.728414278701923,1.8579290451948377e-05,True
CRY2,-1.5370853920113126,2.091195014495861e-06,6.453399707588235,4.916314315576923,1.857988886020978e-05,True
ANKRD36B,2.420984009506788,2.1559329805119037e-06,7.030457880647059,9.451441890153847,1.904598204711108e-05,True
CFD,-4.550586963907239,2.199705541463949e-06,14.07752716717647,9.52694020326923,1.9408902687427625e-05,True
NFU1,-1.669632850403282,2.2809519154942946e-06,9.68911548847059,8.019482638067307,2.004402708843179e-05,True
ALDH2,-3.1239268370390274,2.280035560350771e-06,11.810719214529412,8.686792377490384,2.004402708843179e-05,True
RARRES2,-3.3062057004162906,2.365438865627003e-06,11.486348365647059,8.180142665230768,2.0710752674156298e-05,True
C1orf213,-3.467523983311652,2.367401394540442e-06,7.335098481705883,3.8675744983942306,2.071955063547025e-05,True
ANKRD30A,3.2397416114411763,2.3712274344810644e-06,4.648077356058824,7.8878189675,2.0744644377273687e-05,True
DLG5,1.6956613799100673,2.3904576801103134e-06,5.732067108176471,7.427728488086538,2.0895980569368337e-05,True
DGAT2,-5.071060139273756,2.4083254935904166e-06,9.588606082235295,4.517545942961538,2.1026683637541835e-05,True
TMTC1,-1.9357404969157246,2.4477972440210397e-06,5.6148707683676475,3.679130271451923,2.134546286755147e-05,True
RHOBTB3,-1.714182647902903,2.4727658251834757e-06,6.4203743051176465,4.7061916572147435,2.1554507908075946e-05,True
FAM174B,1.643526163028282,2.515011211839914e-06,5.669922355029411,7.313448518057693,2.1852316292432343e-05,True
BUB1B,2.5926617651272634,2.547370290028663e-06,2.982728743882353,5.575390509009616,2.2106841646518302e-05,True
SUCLA2,-2.5748771932188914,2.609544350653332e-06,10.232077321882354,7.657200128663463,2.257396722366447e-05,True
TLN2,-1.926899395013387,2.6161733518258157e-06,5.619087434196079,3.6921880391826916,2.261322831272534e-05,True
SMIM3,-2.5898861797754504,2.6245866335061487e-06,7.349473703823528,4.759587524048078,2.267688970283767e-05,True
MYBL2,1.5649236888535087,2.656886740911809e-06,4.3415935331176465,5.906517221971155,2.291935591691666e-05,True
C19orf12,-2.0095897338998885,2.6846344517457585e-06,7.977825675960785,5.968235942060897,2.3140265483473898e-05,True
KPNA2,1.7118954024502253,2.7187570047267225e-06,7.761356049088236,9.473251451538461,2.3425052886205754e-05,True
RP11-846E15.2,2.0682243718424766,2.7297574687475506e-06,5.1780854224411765,7.246309794283653,2.3482426575090758e-05,True
HCAR3,-3.9979226802222847,2.774023943106966e-06,7.131223157058823,3.1333004768365385,2.3815876194094924e-05,True
P2RY12,-1.70012988249406,2.8237582085363425e-06,4.609264827441176,2.9091349449471156,2.4185276659415588e-05,True
PLAGL1,-1.8389910339051658,2.8773202512720643e-06,7.912229824568628,6.073238790663462,2.4566228743595542e-05,True
C11orf73,-1.7254029983574668,2.8949128456128494e-06,7.6918065135882365,5.96640351523077,2.4667758729749506e-05,True
NIPSNAP3B,-2.9535391826241515,2.9442810575465896e-06,5.294704077205882,2.3411648945817305,2.5039119764158987e-05,True
ECM2,-3.1337050587856323,2.9570887225512007e-06,7.3061658018529405,4.172460743067308,2.513815894396669e-05,True
ANGPTL2,-2.699316942916668,2.9612657338999382e-06,7.282106792,4.5827898490833325,2.516378010719763e-05,True
PRRT3-AS1,-2.2906863179326917,2.97315547339284e-06,6.8703170909999995,4.579630773067308,2.5254895432608594e-05,True
STRADB,-1.8664587278416285,3.009355696002355e-06,8.085110082764706,6.218651354923077,2.554233443821536e-05,True
ACSL1,-4.053963343439478,3.0251236076088645e-06,10.48730017285294,6.433336829413462,2.5666097745340306e-05,True
C2orf76,-1.5699639659830327,3.1665731912006936e-06,7.335857672117648,5.765893706134615,2.670908810589747e-05,True
COPG2IT1,-3.7811814730011317,3.172145607853876e-06,6.8968855300588245,3.115704057057693,2.67352435628822e-05,True
TMEM220,-3.1347370094021487,3.1780285182529048e-06,7.4183714944117645,4.283634485009616,2.6763973138342387e-05,True
FAM13A,-1.9218574979463803,3.216835428537754e-06,6.637610018211765,4.715752520265385,2.7027663882102646e-05,True
CCNH,-1.8493681465079188,3.2997446781199373e-06,7.941382355411766,6.092014208903847,2.7659812518839537e-05,True
AKR1C3,-4.361399090354071,3.322447851219778e-06,11.868731358411765,7.507332268057693,2.7767427347447435e-05,True
LOC401052,-3.05231971357353,3.376158038161191e-06,7.507303465823529,4.4549837522499995,2.8147660560931546e-05,True
LMNB1,1.641400045514139,3.427303758506668e-06,4.088972281764706,5.730372327278845,2.855206654420168e-05,True
RP11-410L14.2,-1.79125811265724,3.5127097016374907e-06,7.339631134176471,5.548373021519231,2.915514965960377e-05,True
CCDC3,-4.258881223336538,3.5358158347198757e-06,10.102413338,5.843532114663462,2.9309339304277593e-05,True
PFKFB3,-2.4526872481221744,3.553611896572986e-06,11.460485133352943,9.007797885230769,2.9406626979648086e-05,True
CHL1,-1.6394609778628388,3.578243213787748e-06,4.493491545117647,2.854030567254808,2.9581693515589578e-05,True
MEOX1,-2.130917467520927,3.59462347781103e-06,6.730311536588235,4.599394069067308,2.9671758467165827e-05,True
GNAI1,-3.7394754064001683,3.624826808187342e-06,8.361697738558822,4.622222332158654,2.989825695582659e-05,True
TRHDE,-2.7420481508964927,3.6387793192844886e-06,5.143222566117647,2.401174415221154,3.000190189509143e-05,True
BNIP2,-1.625956574178451,3.6733166681618857e-06,7.882073526029412,6.256116951850961,3.0252076937831138e-05,True
PTGFRN,1.539106319239254,3.7074560565160865e-06,5.864023357058823,7.403129676298077,3.0486815576862612e-05,True
PCDH18,-2.491790610641403,3.7247910811424024e-06,6.887684868352941,4.395894257711538,3.061772607922336e-05,True
MOCS1,-1.9349521703740575,3.779823987141611e-06,5.067202677450981,3.132250507076923,3.102294839218845e-05,True
TAF1D,1.5574485858150444,3.7875027401795574e-06,5.573126553117648,7.130575138932692,3.10624040120488e-05,True
RNF180,-1.9287907694683253,3.7955554762865063e-06,4.508260932352941,2.5794701628846153,3.1104864670249456e-05,True
SLC7A10,-2.6758989133274884,3.8045012848609816e-06,5.042209316529411,2.366310403201923,3.11427867188677e-05,True
GDPD5,-2.323451524704751,3.897920625783164e-06,6.910213197147059,4.586761672442308,3.179921294827253e-05,True
SIK2,-2.14863037348388,3.937915725377727e-06,6.010373648911765,3.8617432754278846,3.2052974687188535e-05,True
HPGDS,-2.320978241322963,3.952984182808616e-06,5.763510700294117,3.442532458971154,3.21635249323296e-05,True
COL4A3BP,-1.6872385735277131,3.976558948338003e-06,8.444205049941175,6.756966476413462,3.2343177762140116e-05,True
CSN1S1,-3.076150993867649,3.9957697888702264e-06,5.659046688117648,2.5828956942499994,3.247501103764363e-05,True
DDIT4L,-1.635397619489253,4.098611842210508e-06,4.504466482941176,2.869068863451923,3.325123755211713e-05,True
CKMT2,-2.8772321372290723,4.146420889082951e-06,5.737226280411765,2.8599941431826923,3.361102133207555e-05,True
ABHD5,-1.5652584717898748,4.223985945958134e-06,5.592234372323529,4.026975900533654,3.408651098127722e-05,True
ADIRF,-3.681454947381786,4.289718594289338e-06,11.06226116735294,7.380806219971154,3.453965827593965e-05,True
GIMAP6,-1.5166317544807688,4.329298198845852e-06,6.7236217405000005,5.206989986019232,3.4832415965797696e-05,True
ZAK,-1.7236614059086142,4.356214720728582e-06,7.204548394176471,5.480886988267857,3.500992031313628e-05,True
VIT,-2.503427149558258,4.465657654637142e-06,5.269934260529412,2.7665071109711543,3.5717006786718875e-05,True
DPT,-4.243589527169686,4.557405919323609e-06,10.067615924490198,5.824026397320512,3.638357087253368e-05,True
AOC3,-4.405852546559953,4.5691590833438566e-06,10.645112750117645,6.239260203557692,3.643706478737351e-05,True
CAV2,-3.0444692477993964,4.601887782773209e-06,7.894436461235294,4.849967213435898,3.663055267854981e-05,True
HSDL2,-1.953740622122031,4.59944673391495e-06,6.849540910470589,4.895800288348558,3.663055267854981e-05,True
CSK,1.522153408205317,4.6215412442563476e-06,6.010577145823529,7.532730554028846,3.674643323024112e-05,True
PPP1R14A,-3.856119042356333,4.62846181178432e-06,9.02149039752941,5.165371355173077,3.678793949226809e-05,True
RASEF,1.8839771957571267,4.742242460557068e-06,5.744908507129412,7.628885702886539,3.756807602861668e-05,True
PRELP,-2.294046570412519,4.793539673986305e-06,6.376290923450981,4.082244353038462,3.796055301855553e-05,True
EMCN,-1.650054337919117,4.833740766696894e-06,5.284256706960783,3.6342023690416663,3.825227660030224e-05,True
GPC6,-1.8709189263028847,4.864894227147559e-06,5.437908245,3.5669893186971153,3.848335890469377e-05,True
F8,-2.1985946719032814,4.896622084108502e-06,6.463400968470588,4.264806296567307,3.871144711144649e-05,True
MFSD10,1.6224145378919674,4.897306713382438e-06,5.813209272117648,7.4356238100096155,3.871144711144649e-05,True
MTURN,-3.1608754071233025,4.9148504944301415e-06,6.516763473411764,3.3558880662884616,3.88217562785674e-05,True
CEBPA,-3.1957324669338236,5.01607302248372e-06,9.582641140058824,6.386908673125,3.947716982227547e-05,True
AK3,-1.6700712529041297,5.03101851650478e-06,8.752351150764706,7.082279897860577,3.958039476530216e-05,True
MLLT11,1.6233415904400461,5.040918402995958e-06,5.171590255117646,6.794931845557692,3.964386392178028e-05,True
SPX,-3.5148639755489266,5.100261734451791e-06,6.068165315794118,2.553301340245192,4.0037794856627176e-05,True
HOXA10,-2.354411682645645,5.111857568208081e-06,6.16899597532353,3.814584292677885,4.009972388984113e-05,True
C6orf57,-2.082789970904977,5.254599683474592e-06,8.585872137058823,6.503082166153846,4.107054340750463e-05,True
KCNJ8,-2.507671952673925,5.263786233820225e-06,6.859732966294117,4.352061013620192,4.1127488323835525e-05,True
CFH,-3.162546368941742,5.297251319284703e-06,8.951354305470588,5.788807936528846,4.1329257949053214e-05,True
AOX1,-2.430922844550904,5.3343635046888985e-06,5.026996113147058,2.5960732685961543,4.1588812405024975e-05,True
DLGAP5,2.0825619103042987,5.3601990651667e-06,3.2681073831764706,5.350669293480769,4.1775182555793066e-05,True
VTI1B,-2.2869210338114616,5.379598635186834e-06,7.510218027529412,5.22329699371795,4.189526544351583e-05,True
RASD1,-2.6969981056662906,5.4720986834510985e-06,10.72829533664706,8.031297230980769,4.254636748882643e-05,True
RGCC,-1.859537178977658,5.507500450890576e-06,6.723364578088234,4.863827399110576,4.278447836804942e-05,True
C10orf10,-3.1864743533048623,5.571106901691034e-06,8.11615449735294,4.929680144048077,4.315204465709892e-05,True
OLFML1,-2.4085116773535074,5.649678316019303e-06,5.710759740882353,3.302248063528846,4.370067585522976e-05,True
ACSS2,-2.250164459881222,5.689831864359619e-06,8.47441432882353,6.224249868942308,4.3979818644308816e-05,True
FBLN5,-2.898875287146492,5.7321440673416715e-06,7.376354225117646,4.477478937971155,4.418059739826757e-05,True
CAMK1,-2.4380897817166294,5.736523505605952e-06,5.413434744764706,2.975344963048077,4.418287150010138e-05,True
SEMA4B,1.8858877822924214,5.772948377201587e-06,5.234134594294117,7.1200223765865385,4.443532894655679e-05,True
HOXA5,-1.771612211651584,5.77340927519164e-06,5.699884628882353,3.9282724172307693,4.443532894655679e-05,True
RP11-334C17.5,1.9560887233919688,5.869401443770261e-06,4.180520133117646,6.136608856509615,4.506192343363009e-05,True
CAV1,-4.030547131845589,5.963823719405079e-06,11.465583421970589,7.435036290125,4.567656010926376e-05,True
MFAP5,-3.38164122718043,6.0624783314970426e-06,8.589663135215686,5.208021908035255,4.6346897067822796e-05,True
GCH1,1.7169518875079186,6.284772422033678e-06,5.545648045588235,7.262599933096154,4.7843438195178963e-05,True
TNS1,-2.4270241407125566,6.35796030002207e-06,7.725797627552941,5.298773486840385,4.83325618731474e-05,True
IL33,-2.321264498493213,6.4543360712844e-06,5.488376570647059,3.167112072153846,4.896197787596003e-05,True
DCUN1D3,-1.7393706626450793,6.679542164947279e-06,6.355458155294118,4.616087492649038,5.052863452399803e-05,True
KIAA0101,2.5925615257763006,6.708429913569359e-06,4.807974318882353,7.400535844658654,5.069398574225396e-05,True
DMRT2,-1.8214238519341062,6.784444968221477e-06,4.283384900323529,2.461961048389423,5.122191714966778e-05,True
RGN,-2.162506979179298,6.85841986198413e-06,4.908199900823528,2.7456929216442303,5.1647028790124136e-05,True
HIST1H2BK,1.6497669500316734,6.898782173810968e-06,7.704085672352941,9.353852622384615,5.1878746030726555e-05,True
FADS3,-2.401038442084559,6.940847592304399e-06,7.921508986147059,5.5204705440625,5.2140707520661686e-05,True
GHR,-4.81513107833371,6.949158308003617e-06,9.984172699352941,5.169041621019231,5.2185019088392314e-05,True
SGK2,-2.233953040136594,6.978231891255046e-06,4.890180470852941,2.6562274307163465,5.234883736730337e-05,True
CCNDBP1,-1.765545504530543,7.120124848416078e-06,8.279494429588235,6.513948925057692,5.326552596662581e-05,True
MARC1,-3.8960211016781683,7.231175620092625e-06,8.871041271764707,4.975020170086538,5.402157615355799e-05,True
DCLK1,-1.6848273112982186,7.320683292268886e-06,6.829333964882354,5.144506653584135,5.453959470669331e-05,True
FILIP1L,-1.5851796193063725,7.490932370082692e-06,5.766921033098039,4.181741413791666,5.563553787392346e-05,True
TSLP,-2.5271010406674206,7.622498133114568e-06,4.960272423705882,2.433171383038461,5.647696818833345e-05,True
GALNT15,-2.473166559299586,7.69193415327725e-06,5.313856324411765,2.840689765112179,5.689401552347122e-05,True
NFIL3,-2.2977962034457002,7.732765905819923e-06,8.07723552417647,5.779439320730769,5.715694922187018e-05,True
HOXD-AS2,-2.2546377945497738,7.748322752815104e-06,5.630656086588235,3.3760182920384616,5.723283125884424e-05,True
MS4A4A,-2.440528859100113,7.829517144191794e-06,6.191953072705882,3.751424213605769,5.777339816322969e-05,True
EGR1,-2.0253962870235664,7.842299550337177e-06,10.11952727072549,8.094130983701923,5.784798867083016e-05,True
ORC6,2.2322779716148187,7.857773225493751e-06,4.940793025529412,7.17307099714423,5.7922631595760574e-05,True
GPR146,-3.7195802372895934,7.902180550982847e-06,7.349278437058824,3.6296981997692304,5.8230134952491114e-05,True
ELMOD3,-2.5015952078925343,7.968792848124832e-06,6.119647434411765,3.6180522265192305,5.8641099751422024e-05,True
EPDR1,-3.1442603529807687,7.984523982467111e-06,6.629114019999999,3.4848536670192307,5.873688417568036e-05,True
TTC7B,-2.1520889919813344,8.050563486714534e-06,6.408398308529412,4.256309316548077,5.9182446834885814e-05,True
HLF,-2.5174021127592376,8.059658806342391e-06,5.525385969647059,3.007983856887821,5.9229184196745115e-05,True
MAP7D1,-1.5493270430282804,8.356055206936713e-06,8.153663621470589,6.604336578442308,6.11261243195994e-05,True
EIF4E3,-1.767248342406674,8.479823087939258e-06,5.960297985647059,4.193049643240385,6.191730425500029e-05,True
KL,-1.6590582584734168,8.484646700704925e-06,4.117446479117647,2.4583882206442302,6.193162326914678e-05,True
C2orf40,-2.4802999523942297,8.516996923123752e-06,7.059447104999999,4.57914715260577,6.214678867851007e-05,True
SERPINF1,-2.8676698088676478,8.521984058849432e-06,11.264435350117648,8.39676554125,6.216221345691418e-05,True
LOC100505938,1.8939431457895917,8.668333692856825e-06,3.414313402941177,5.3082565487307685,6.312332529281636e-05,True
ACO1,-1.9117278062310525,8.860752278850363e-06,5.954669374764706,4.042941568533654,6.435125060521236e-05,True
PC,-2.4747002713976256,8.949360798479616e-06,7.000247256176471,4.525546984778845,6.486559404842462e-05,True
PTTG1,2.940096723066741,8.94956312616351e-06,4.773434863529412,7.713531586596154,6.486559404842462e-05,True
C11orf74,-1.6230232491108598,8.971253859073127e-06,5.449518936764706,3.8264956876538463,6.500103055627834e-05,True
KIAA1324,2.4331569476052035,9.017682209470576e-06,4.499171039529411,6.932327987134615,6.529369297252206e-05,True
EMP1,-2.4336849716837294,9.093901186609548e-06,6.999072640803922,4.5653876691201924,6.569167017438984e-05,True
AGPAT2,-3.154914744686084,9.182826635152247e-06,9.017814321176468,5.862899576490384,6.624556660604164e-05,True
BEX2,1.8958669623981912,9.256945349322766e-06,4.8424489632941174,6.738315925692309,6.669131289796805e-05,True
RP11-2E11.9,-2.072597328255655,9.340173674886454e-06,5.376749667294117,3.304152339038462,6.717062208660877e-05,True
HADH,-2.531317556838802,9.342103159630496e-06,10.061234882450982,7.52991732561218,6.717062208660877e-05,True
RGS2,-1.8238391281889133,9.347154740918635e-06,8.921934176823529,7.098095048634615,6.718461555474242e-05,True
ACOT13,-1.5091711687307692,9.381150710279982e-06,7.572242053999999,6.06307088526923,6.740657443271584e-05,True
CACNA2D1,-1.686802125246889,9.392861000535097e-06,5.146875060588235,3.4600729353413464,6.746830934481303e-05,True
MX1,1.913960514147627,9.57734143213707e-06,6.653962882823528,8.567923396971155,6.849777913530099e-05,True
NDC80,1.8355632606657255,9.608500668719803e-06,3.8432605428823527,5.678823803548078,6.869792199859647e-05,True
PALM,-2.17441618675113,9.619183627965588e-06,6.942292634058823,4.767876447307693,6.872887641711872e-05,True
FBXL5,-1.8008022582779981,9.699798420576828e-06,9.684759714705883,7.883957456427885,6.921343628930727e-05,True
COBLL1,-1.628686919032127,9.801674863365335e-06,4.7699068032705885,3.1412198842384615,6.984823309252603e-05,True
BANK1,-1.8773558449907606,1.0077087934596027e-05,4.589740182352941,2.71238433736218,7.157511407254925e-05,True
STEAP1,-2.8994557931561094,1.0125611326668419e-05,8.048961716117647,5.149505922961538,7.18961605029443e-05,True
RNASE1,-1.5491105338769788,1.0148821604391583e-05,6.541936978852941,4.992826444975962,7.201369478878711e-05,True
PROS1,-1.8883876172449092,1.0214986705931329e-05,7.331174147235294,5.442786529990385,7.234083056720926e-05,True
KAT2B,-2.32228593224095,1.0204572653044586e-05,7.835853797529412,5.513567865288461,7.234083056720926e-05,True
ACSS3,-3.0709744645958716,1.0219203970093504e-05,7.399589190735295,4.328614726139423,7.234701501733409e-05,True
SDC2,-2.2175866070180996,1.0454656807257496e-05,8.09475611427451,5.8771695072564105,7.38447600473444e-05,True
MFAP4,-3.123029489286199,1.0602126008877899e-05,6.387527553882353,3.264498064596154,7.46913045268881e-05,True
RP4-612B15.3,-2.1650322632437775,1.0637816174428665e-05,5.5012352761764705,3.336203012932693,7.486980085494497e-05,True
NEGR1,-1.7319042409345302,1.099634124908211e-05,4.451413154470588,2.7195089135360577,7.689264477178134e-05,True
MAPK10,-1.6322120619292986,1.1160778069646989e-05,4.485458273490196,2.8532462115608976,7.796688199445031e-05,True
KLF4,-3.0692108104572986,1.1277108606305771e-05,8.149645731529414,5.080434921072116,7.857656834055566e-05,True
TMEM256,-1.7243649228800901,1.1340858091347062e-05,8.686236658764706,6.961871735884616,7.889371858723269e-05,True
CENPK,1.584074032231901,1.1400504338771733e-05,3.149786004941176,4.733860037173077,7.925768360196866e-05,True
BMPER,-1.5517768579864257,1.1519549325597174e-05,3.944293851294118,2.392516993307692,7.998249347217421e-05,True
SLC29A4,-2.324028299345589,1.1766684752325258e-05,4.839642850970589,2.5156145516249997,8.148918841759186e-05,True
IRS2,-2.540033461099264,1.2043246188605753e-05,8.752369622911765,6.212336161812501,8.30323872818628e-05,True
HIGD1B,-1.887993336489818,1.2060923306414055e-05,4.785912919470587,2.8979195829807693,8.311469058069703e-05,True
VEGFB,-2.4760077782047514,1.2066708718001819e-05,7.454925863647059,4.978918085442308,8.311469058069703e-05,True
LOC100507557,-1.655197476606335,1.2164652931737978e-05,5.237573919529412,3.582376442923077,8.365615580996541e-05,True
TMEM133,-2.0532043032364253,1.2232766927759718e-05,5.197423216294117,3.144218913057692,8.401774999431159e-05,True
ATP1B1,2.5884474605237564,1.242158273126512e-05,8.644764157764705,11.233211618288461,8.5098461808398e-05,True
S100A10,-1.5730275003631249,1.2566013047770734e-05,9.182482116882355,7.60945461651923,8.592468150711753e-05,True
PDE8B,-1.7868909431478124,1.2863055939762073e-05,4.483754448686274,2.6968635055384618,8.770633950732823e-05,True
CKS2,2.709204860244342,1.2880542297270017e-05,6.8739164032941185,9.58312126353846,8.777024648864152e-05,True
EPB41L3,-2.0396569554696473,1.3091716454786973e-05,7.140985997254902,5.101329041785255,8.901297470123072e-05,True
DQ570096,-1.5387589289694574,1.3311107004141865e-05,6.196635129411765,4.657876200442308,9.027464455109518e-05,True
OXCT1,-2.59603688320475,1.3411557722131259e-05,8.463138362647058,5.867101479442308,9.072816173979951e-05,True
P2RY14,-3.358894874542986,1.364608296186155e-05,7.852677581235293,4.493782706692307,9.208888962146726e-05,True
FOSB,-3.8980819127500013,1.3641287079899592e-05,9.401321569,5.503239656249999,9.208888962146726e-05,True
GPR124,-1.6513205753622744,1.364626670332443e-05,5.717456651588235,4.066136076225961,9.208888962146726e-05,True
APCDD1,-2.3871875874287323,1.363691504465577e-05,7.018797627294117,4.631610039865385,9.208888962146726e-05,True
SCN4B,-1.947644473037896,1.372833930668799e-05,5.166096452470589,3.2184519794326927,9.261385123174139e-05,True
SLC39A6,1.8365017519421656,1.3747340612510526e-05,6.5662113088823535,8.402713060824519,9.271312785276348e-05,True
LIPE-AS1,-1.7692143579683264,1.4269490975043933e-05,4.207270193352941,2.4380558353846147,9.58461463039663e-05,True
DAAM2,-2.1371002755690043,1.4698987722238498e-05,6.232193890588236,4.095093615019231,9.812175235132054e-05,True
SSPN,-1.6804595752722005,1.5050912641015706e-05,6.473392905029412,4.792933329757211,0.00010016194862761452,True
SEMA3G,-3.541618655652149,1.5217837051044856e-05,8.463031138411765,4.9214124827596155,0.00010108624642289084,True
KANK4,-2.9799423192058807,1.5283993784518757e-05,8.810499408705882,5.830557089500001,0.00010149453822224165,True
MARCH2,-1.7863058023789593,1.5346769692485547e-05,7.656534416705883,5.8702286143269236,0.00010188013571553384,True
ETFDH,-2.102092777970306,1.5446141161895145e-05,7.034687197205883,4.932594419235577,0.00010238274020759849,True
RHOXF1,-2.3961838928540726,1.5594205094595268e-05,4.941449596411765,2.545265703557692,0.00010317450373748276,True
LOC100288911,-2.1695829401617646,1.5745136770897927e-05,5.832424560411765,3.66284162025,0.00010404582591276012,True
PLA2G16,-2.6470936289092197,1.5770361999771965e-05,8.894153468029412,6.247059839120192,0.00010418069675269205,True
MLXIPL,-1.5850079572217184,1.5873030436996933e-05,4.218172616529411,2.6331646593076923,0.00010482692719915403,True
CYSTM1,-1.8930412124960405,1.623339163320607e-05,10.005604730294117,8.112563517798076,0.00010688053194899982,True
PCSK5,-2.191697108646493,1.6380349970224478e-05,6.81299178845098,4.621294679804487,0.00010771698225100504,True
EML1,-1.5703209915265832,1.648122122341376e-05,4.6176355553823525,3.0473145638557693,0.0001082765212460679,True
MICB,1.7233168003512445,1.6631994520679745e-05,4.3231606042352935,6.046477404586538,0.00010897431903540468,True
FAT4,-1.6521147450972857,1.728132192268015e-05,4.755528312058824,3.1034135669615384,0.0001127167319255909,True
ZNF106,-2.32315285217647,1.7306263293581863e-05,7.77356978517647,5.450416933,0.00011284539070423254,True
TRHDE-AS1,-2.7770467313317306,1.7668181988346784e-05,5.2139382915,2.4368915601682692,0.00011486080872115517,True
IFI6,2.0755639573880096,1.8380652338176424e-05,8.45152659782353,10.52709055521154,0.00011909715883092152,True
ANXA1,-3.2950885521880684,1.8536396090276704e-05,9.417037562029414,6.121949009841345,0.00011999848276874222,True
MYO1C,-1.6506439562454762,1.8653139941611636e-05,8.650593588431374,6.999949632185897,0.00012068202231960757,True
EHD2,-2.013305826105203,1.8880893768869856e-05,7.50967274980392,5.496366923698718,0.00012197316712137932,True
CCDC80,-2.5669770567569765,1.8926380676106063e-05,8.982321010529413,6.415343953772436,0.00012219404533797513,True
RHOH,1.93389375136482,1.8938038541187132e-05,3.8089310790294113,5.742824830394231,0.0001221963805065862,True
FAM213A,-2.5815417207505655,1.8933728941258025e-05,10.410160617862745,7.82861889711218,0.0001221963805065862,True
CREBL2,-1.5591026239519215,1.899726115557103e-05,7.813675463,6.254572839048079,0.00012243245311313055,True
S100A2,1.66042005788292,1.9171109513702106e-05,3.5551942455882353,5.215614303471155,0.00012347521415730857,True
VKORC1L1,-2.2392295913605764,1.9194174131510917e-05,6.018169405999999,3.778939814639423,0.00012355428662161222,True
SH3D19,-2.1280542306849535,1.923396583570807e-05,6.375310535117646,4.2472563044326925,0.00012377360227708035,True
SH3BGRL2,-1.6321140292019223,1.9403553231309512e-05,5.802636951999999,4.170522922798077,0.0001245685086526354,True
LOC646014,1.5901211008280542,1.9403059390252394e-05,4.8448701859411765,6.434991286769231,0.0001245685086526354,True
NR3C2,-2.1280554306493205,1.9493587291421723e-05,5.413731695764705,3.2856762651153844,0.00012499815087430616,True
FOS,-3.52915287120645,1.953016249108654e-05,10.329546826235296,6.800393955028846,0.00012519557496137992,True
LINC01279,-3.5148791378093884,2.0035432781358704e-05,8.872484410588235,5.357605272778847,0.0001280929634233734,True
PARP12,1.8870408760938906,2.0425041252696238e-05,5.972231129117647,7.859272005211538,0.0001303142929820357,True
DHRS3,-2.601811703615385,2.071022248074515e-05,8.87436682,6.272555116384615,0.00013193924127530074,True
LAMA2,-2.0242266854604067,2.1224481771539518e-05,5.888066973191176,3.863840287730769,0.0001350166607254506,True
CENPM,1.5419373930435514,2.1772360566241592e-05,4.842740487235294,6.384677880278845,0.0001381363697509199,True
MCCC1,-1.5214282854536192,2.1803863766287162e-05,7.998760754588234,6.477332469134615,0.00013829568823911541,True
MAP1LC3C,-2.000763064709842,2.2226958608109118e-05,4.403911475411765,2.403148410701923,0.0001406905352505678,True
C19orf80,-2.629123428222851,2.22378980111548e-05,5.016945883588235,2.3878224553653844,0.0001407186087953595,True
CDKN1C,-2.734036004038604,2.2293668621270795e-05,8.421916128382353,5.687880124343749,0.0001410302691874835,True
GPR160,1.8922379657573538,2.274649764983866e-05,4.781537298117646,6.673775263875,0.00014364287117754217,True
PYGL,-3.375389205062784,2.2832234433542407e-05,10.253333383764707,6.877944178701923,0.00014405814872256928,True
ZFP36,-2.35914004380147,2.344714626927633e-05,9.60154054817647,7.2424005043749995,0.00014725080102635514,True
L3HYPDH,-1.9318971960667422,2.3477011401842892e-05,5.5125599784705885,3.5806627824038464,0.00014739557216450114,True
CCDC50,-1.911808079014028,2.384510462175119e-05,6.924701781129412,5.012893702115384,0.00014931659580074875,True
STX12,-1.51032676991968,2.4200015146221973e-05,9.235669703323527,7.725342933403847,0.00015110168187258655,True
NNAT,-1.7657571790033932,2.4249807263931687e-05,5.10562201617647,3.339864837173077,0.00015136889213940047,True
ICAM2,-1.713968405489254,2.480694331596498e-05,7.285034964941176,5.571066559451922,0.00015453447124702055,True
PIR,-2.0393737989632372,2.516030097186831e-05,7.577331088588236,5.537957289624999,0.0001565103828425448,True
MBNL1-AS1,-1.8903141888764154,2.5361290825372163e-05,4.98897301382353,3.098658824947115,0.00015757941614213866,True
ATHL1,1.9597836723574646,2.5435751627926263e-05,5.467979198411765,7.42776287076923,0.00015790602194266419,True
CD248,-2.2289436037115395,2.555575685123904e-05,8.60729606,6.37835245628846,0.00015851456407011373,True
CNTN3,-1.7671238131300906,2.5585318631811653e-05,5.186570075764706,3.4194462626346156,0.00015865244155896966,True
RGS22,-1.7470014568009056,2.5741444716004683e-05,5.805185109647059,4.058183652846154,0.00015943777739214465,True
HSD11B1,-3.2309712438772613,2.6148902276367052e-05,6.7212233441176465,3.4902521002403852,0.00016159140267043735,True
RP11-403P17.3,-1.963019356623302,2.6362061296654055e-05,5.301340739411764,3.3383213827884624,0.00016281564263577233,True
TFF1,3.0351867399558827,2.6399074541338846e-05,5.477563925294117,8.51275066525,0.00016299771053135444,True
MPEG1,-2.0827508664069567,2.64350560808294e-05,6.785720473411764,4.702969607004808,0.00016312676506239135,True
TMEM44-AS1,-1.6718026908580317,2.6756069775707635e-05,5.905541308117647,4.233738617259616,0.00016491025999396824,True
INMT,-1.8729335701538457,2.7013542389846907e-05,4.843243278,2.9703097078461544,0.00016622240887495385,True
TPPP3,-2.2764589102596156,2.8196327346362716e-05,5.81064179,3.5341828797403845,0.00017237285734347481,True
SOD2,-1.7184551849061096,2.8949492461608144e-05,9.040115420117647,7.321660235211538,0.0001764000465492579,True
NEXN,-2.080961733820419,2.937673015534202e-05,6.760154991411765,4.679193257591346,0.0001786802240401531,True
TMEM140,-2.282676232674776,2.9579668628499382e-05,7.587042853588237,5.304366620913461,0.0001798640052775672,True
NAT1,1.9866067482058822,3.0021836988884748e-05,6.400352437294118,8.3869591855,0.00018204056515516544,True
SNX21,-1.732246820580695,3.007092848078569e-05,6.818648494529413,5.086401673948718,0.0001821855328148413,True
CXCL9,1.9760066388354076,3.0152451846297837e-05,5.518397059058824,7.494403697894231,0.0001824750477467563,True
BST1,-1.6232839088037343,3.148117149079283e-05,4.313608173294119,2.6903242644903846,0.00018950894413002307,True
SPHK1,1.7590264216210416,3.193604868609529e-05,4.770906062705882,6.529932484326924,0.00019187348328899518,True
OMD,-2.0727923611999435,3.2228178786908296e-05,4.892527400147059,2.8197350389471154,0.0001933065284321489,True
PTRF,-1.863501336858409,3.2345404949432733e-05,7.041803276803922,5.178301939945513,0.0001938484310473621,True
CXCL12,-2.0366167107081443,3.238609672917594e-05,8.649430800323529,6.612814089615385,0.00019403854963603477,True
PDP2,-1.5669425509143098,3.2862149084269715e-05,4.846350159294118,3.279407608379808,0.00019657374189756228,True
APOLD1,-2.0341793020022614,3.302457693400317e-05,8.145642330117646,6.111463028115384,0.00019731751504202113,True
SMA4,1.621601182948246,3.404151126219052e-05,4.744609691941177,6.366210874889423,0.00020283340571674246,True
ANO3,-2.3515847817104083,3.407421111249547e-05,4.971039118941177,2.619454337230769,0.00020296278519050045,True
CKB,-1.6449043698150456,3.427896411208738e-05,8.422069285882353,6.777164916067307,0.00020379922741550164,True
CDKN2B,-1.5901874043175899,3.457225337683823e-05,5.020778125264705,3.4305907209471154,0.00020537361389563294,True
ECHDC3,-2.989518512002829,3.5148798916733655e-05,8.95857350264706,5.9690549906442305,0.00020822679752561133,True
PGM1,-2.5817603714304296,3.570491911445252e-05,10.115299799882353,7.533539428451923,0.00021107330724287864,True
FKBP5,-1.6049574056819385,3.575742349450165e-05,6.896822017960785,5.291864612278847,0.00021131162450247013,True
TUBB6,-2.09504936898586,3.60283751028299e-05,10.876229356764705,8.781179987778845,0.00021268046257836968,True
EHBP1,-1.789010870000002,3.6278656054567694e-05,9.288041565,7.499030694999998,0.00021404110273808892,True
PYGM,-1.9010993203783935,3.680937256555053e-05,4.29206572917647,2.390966408798077,0.00021658166316445088,True
AADAC,-2.311358346374436,3.7704892485510114e-05,4.766907137470589,2.4555487910961533,0.00022118908593384253,True
MAN1A1,-1.7942581834352378,3.794536071807859e-05,7.630924489882354,5.836666306447116,0.00022211793266656665,True
LAIR1,-1.617033326508202,3.81555315843174e-05,5.142518031676471,3.525484705168269,0.00022322740016947188,True
TUFT1,1.5268380479677592,3.909038859938091e-05,6.714190814176471,8.24102886214423,0.00022789559615941956,True
EMX2,-1.788202230210973,3.9376000686996565e-05,4.3061691494705885,2.5179669192596155,0.00022931353293759643,True
SLC25A18,-1.720746450365385,4.148225113036965e-05,4.416406147000001,2.695659696634616,0.00024015748011922596,True
RP3-428L16.2,1.5818732473348422,4.1501922500906726e-05,4.577411475588234,6.1592847229230765,0.00024020708756209656,True
MSRB3,-1.6975386439759053,4.2691524541845027e-05,5.500576173447059,3.803037529471154,0.00024656463787047975,True
NPY5R,-1.9603472351662905,4.27103096489666e-05,4.421869709647059,2.461522474480769,0.0002466072989739505,True
MFAP2,1.542070138104073,4.297379729674773e-05,4.684446133588235,6.226516271692308,0.0002478640641202712,True
AC092620.2,1.7568540244213793,4.318478004589764e-05,5.049761871588236,6.806615896009616,0.00024894823242552504,True
LOC100132891,-1.9936820619010174,4.394397329755043e-05,4.900382213352941,2.9067001514519237,0.00025271873000863994,True
SERPINA3,3.2757501138591634,4.433011371322585e-05,7.127417138823529,10.403167252682692,0.0002543635768018463,True
LINC00968,-3.038581633570701,4.4862607643914865e-05,5.41951354117647,2.380931907605769,0.000256560717021319,True
TWIST1,-2.558300403859727,4.493288234676875e-05,11.28955136270588,8.731250958846154,0.0002568356432159424,True
PPAP2A,-2.4509306694465502,4.572229571095736e-05,9.996622637970589,7.5456919685240385,0.00026086547144160406,True
GPR116,-1.6755964391416862,4.6725260549463356e-05,6.5531768871176475,4.877580447975961,0.0002658167267913857,True
RND3,-1.6407026834977385,4.7693172167904945e-05,9.262599137882354,7.621896454384616,0.00027027557295900587,True
COL6A6,-2.0331576072471726,4.7696424199560175e-05,4.539102796852942,2.505945189605769,0.00027027557295900587,True
OSR2,-1.8751929649536212,4.835512223911513e-05,7.844213835588236,5.969020870634615,0.0002735066848740538,True
VLDLR,-3.2436574084660617,4.841637774709055e-05,8.155975241235293,4.912317832769231,0.0002736385403757325,True
ZCCHC24,-1.9562264118704746,4.949231673166252e-05,8.247177796764705,6.29095138489423,0.0002789180183614271,True
CALM1,-1.7366344103817877,5.005904193105047e-05,5.124733622352942,3.388099211971154,0.0002817448939069399,True
GTF2H2B,1.8426489667121038,5.071926720354053e-05,4.281048815470589,6.123697782182693,0.00028457244448874466,True
VSIG4,-2.5441139251210405,5.079507422835479e-05,8.143428318294117,5.599314393173076,0.0002848799893562816,True
PDGFRL,-2.4769425604332564,5.10896922342681e-05,8.38608888152941,5.909146321096154,0.00028620546128648117,True
SIM1,-1.6199221643621793,5.115561674702434e-05,4.1478697239999995,2.5279475596378203,0.0002865005871917866,True
LRP1B,-2.6741749363122174,5.1386592341829814e-05,5.371515838235294,2.6973409019230767,0.0002875708549703797,True
FSTL1,-2.0794634234112,5.1892661056393975e-05,7.945498179882353,5.866034756471153,0.00028987805885749644,True
CRTAP,-1.8744272869216063,5.188316023750513e-05,7.88727134882353,6.012844061901924,0.00028987805885749644,True
FMOD,-2.5503286051436636,5.2362325857886936e-05,9.927668776470586,7.377340171326923,0.00029219987617626613,True
ATP8B4,-2.0979141860395933,5.3538375824590986e-05,4.551535304058824,2.4536211180192304,0.00029761119243705705,True
TENC1,-1.6881779258721723,5.358043701837034e-05,6.701758612352942,5.013580686480769,0.0002977684959908663,True
MXRA7,-1.6446286910522234,5.4094365924303026e-05,7.064195180215686,5.419566489163462,0.0003001619919908428,True
SPRY2,-2.2162541783602947,5.4511559510243306e-05,7.314667458235295,5.098413279875,0.0003020895466199062,True
PAMR1,-1.7705173840548638,5.52802872028827e-05,5.298450989352941,3.527933605298077,0.0003057231629944701,True
CYP4Z1,1.968668428767534,5.553074824271268e-05,3.780671156588235,5.749339585355769,0.00030688380949415035,True
ANKRD33B,-2.1248749108178733,5.622925549709703e-05,4.651131476529412,2.5262565657115386,0.00031025757273136806,True
TMOD1,-1.8413237291119913,5.6358565961061936e-05,4.342327070823529,2.501003341711538,0.0003108125349394787,True
LACTB2,-1.5191844183518102,5.85594877821153e-05,6.912646342794117,5.393461924442307,0.00032090539973811155,True
EPHX1,-1.8307663879468334,5.940406325140969e-05,6.193792618235294,4.363026230288461,0.0003245683671400722,True
EFEMP1,-2.096547464382165,6.001312021974004e-05,7.424804365705882,5.3282569013237175,0.0003275438587169717,True
ALDH3A2,-1.8137387554111983,6.171780069574809e-05,8.326304107549019,6.512565352137821,0.00033533800192041415,True
GPR133,-1.8232194569626703,6.242224079214971e-05,4.199445742058824,2.3762262850961537,0.0003386422215491873,True
EPB42,-1.6869682145967189,6.34635170983933e-05,4.015135786529411,2.3281675719326924,0.00034377512005577,True
CA3,-2.9310358091804303,6.477640843675241e-05,5.839657392882353,2.908621583701923,0.0003498346471615423,True
POLR2L,-1.5637646801699683,6.606625266802374e-05,8.509713172088237,6.945948491918268,0.0003560895307605116,True
ACKR1,-1.8310139642217198,6.678627798178664e-05,6.585693897529412,4.754679933307692,0.0003595225489265872,True
RP11-124L9.5,1.9772763956035062,6.747951228329298e-05,5.280592026117648,7.257868421721154,0.0003628029940976749,True
AGR3,2.9593864596662893,6.829805136567649e-05,4.748762440352941,7.70814890001923,0.00036647528305962566,True
MIR100HG,-1.9862307164524893,6.83610067962642e-05,6.5473894575294125,4.561158741076923,0.00036672213787185124,True
BCHE,-2.074096154651584,7.472300767166662e-05,4.7263665918823525,2.6522704372307686,0.00039545799192184614,True
SPP1,1.5679388962092755,7.60879265495778e-05,4.193965689617647,5.761904585826922,0.0004019932334310417,True
MEST,-2.856898216240384,7.628469802128299e-05,10.358339198,7.5014409817596155,0.000402737784697525,True
IRX3,2.715353162799776,7.641095016592842e-05,8.147534697411764,10.86288786021154,0.00040329797968825055,True
GPR183,-1.5892981434338234,7.72474819828947e-05,6.1762495040588234,4.586951360625,0.000407224481652029,True
CORO2B,-1.760032368372738,7.863526041465e-05,4.120060371882353,2.360028003509615,0.0004135327805228373,True
ABHD15,-1.8854543304242082,7.925504661553035e-05,5.103544903058824,3.2180905726346154,0.0004163873078016025,True
KIAA1598,1.6386018314903854,7.991133126917306e-05,6.8932408899999995,8.531842721490385,0.0004196314689341163,True
LDHD,-2.042535294115386,8.183743280956634e-05,4.494309381000001,2.451774086884615,0.00042860151508955887,True
TMEM56,-1.8030203515729646,8.263791195402228e-05,5.147898377294118,3.3448780257211537,0.00043174866581146393,True
ITGA1,-1.8601869819517356,8.608817911569053e-05,5.926991628490197,4.066804646538461,0.00044696850376001076,True
FMO3,-1.5790095094819012,8.620865136609704e-05,4.096247200558824,2.5172376910769225,0.0004474866056395177,True
HACL1,-1.6222438738472835,8.626470019136108e-05,8.204869236058823,6.582625362211539,0.00044767013399858404,True
NEK7,-2.0435100850214933,8.71147445343203e-05,11.111461927117647,9.067951842096154,0.00045175635139022523,True
ADAMTS1,-1.8615488387367085,8.731773049054481e-05,5.915582528558824,4.054033689822115,0.00045259202184066527,True
AGTR1,-1.9857862530888006,8.870740741273693e-05,5.893960224117647,3.9081739710288463,0.00045913510989822095,True
C6,-2.0327553221329193,8.962698931918602e-05,4.473802245411766,2.4410469232788463,0.0004632297931009531,True
DCN,-1.7662119906363136,9.011827443137486e-05,8.03553766144538,6.269325670809066,0.00046532271480592897,True
S100A4,-1.859109320016401,9.155359038799684e-05,11.78164729235294,9.922537972336539,0.0004717222977004791,True
FGL2,-2.0618780175214937,9.219565277792303e-05,7.585952354117647,5.524074336596153,0.00047457838397581845,True
ALDH6A1,-1.7709832238720598,9.29755861359233e-05,6.472341255047059,4.701358031174999,0.0004780244310956988,True
CTHRC1,2.204882138817876,9.303148202598846e-05,8.686238576470586,10.891120715288462,0.0004781981738256736,True
PLTP,-2.2840543171035055,9.527588525332714e-05,7.684839182882352,5.400784865778847,0.0004874761616609706,True
DHDDS,-1.9737916661691184,9.546845544351893e-05,6.699467498294118,4.725675832125,0.0004881689128677695,True
RRAS,-2.1854625075322414,9.558840591727197e-05,8.903183212176472,6.717720704644231,0.0004885554363383367,True
PRKAR2B,-3.898299919234729,9.687182907620987e-05,11.034190454705882,7.1358905354711535,0.0004944142538485021,True
VMP1,1.658696211192873,9.743829422252655e-05,6.183247586470588,7.841943797663461,0.0004969536764508161,True
CHCHD10,-1.7618534317375572,9.901123296889345e-05,8.546826592352941,6.784973160615384,0.0005043814516793053,True
PTGDS,-1.918463026486049,9.960314427358214e-05,8.156034996941177,6.237571970455128,0.0005069193193034461,True
LINC00993,2.68196941316629,0.00010012042423884052,5.413305945352941,8.095275358519231,0.0005087980038032893,True
GSPT2,-1.6522149786357456,0.00010159969306316727,6.416053544058823,4.763838565423077,0.0005145387077297809,True
SGCE,-2.0513625559225135,0.00010166924123911512,8.74931136947059,6.697948813548076,0.0005147704269151078,True
PEX19,-2.1047802740568446,0.00010228562733607668,7.942015578205883,5.837235304149038,0.0005174069552059899,True
ALDH3B2,1.5603251430879523,0.00010420265801998147,3.51716318167647,5.077488324764422,0.0005250173512487888,True
CDH5,-1.5481656421708143,0.00010973475460874051,6.341079223882353,4.792913581711539,0.0005495628277685419,True
SLC2A10,1.7190665811119894,0.00011252932458991092,6.426560036176471,8.14562661728846,0.0005616082900813663,True
ANXA5,-1.6447696789643675,0.00011583568858624358,11.17871167564706,9.533941996682692,0.000574531206456529,True
SCD,-2.7722754073884346,0.0001164456652188007,8.777091754573531,6.004816347185097,0.0005770274775558299,True
PTPRM,-1.9321507691360278,0.0001259754111861601,8.820673354323528,6.8885225851875,0.0006190047742476888,True
ABCD2,-1.8128781482375569,0.000127291561238948,4.135191729352941,2.3223135811153846,0.0006248590477636868,True
SLC25A33,-1.941896164298078,0.00013268544504864367,8.398099097000001,6.456202932701923,0.0006475636371819098,True
BC022047,-1.5099951622901573,0.0001336836824658709,7.668662119588235,6.1586669572980774,0.0006511135682460866,True
ALPK3,-1.5383389000067873,0.0001392264583755201,3.9405645093529413,2.402225609346154,0.0006759794494960453,True
VEGFC,-1.610655459024886,0.00014052692324188014,7.255577440294117,5.644921981269231,0.0006813760610349792,True
GPX4,-1.5341071769349526,0.00015086395918897051,13.031873776117646,11.497766599182693,0.0007243545843438476,True
MCAM,-2.7645640237550912,0.0001512887936511141,10.079160924764707,7.314596901009616,0.0007262332040474492,True
MTHFD1,-1.609236627402149,0.0001526228914105375,8.685296304411764,7.076059677009615,0.0007321499458241638,True
TMEM200B,-1.5460593668936662,0.00015669699584544027,6.075777451470589,4.529718084576923,0.0007480927767485082,True
VAMP8,1.5132524222500017,0.00016419935690035935,8.059372689,9.572625111250002,0.0007797307038058109,True
DNAJB4,-1.5288894954295813,0.00016640379005446407,5.867307069588235,4.338417574158654,0.0007883569883102346,True
APOD,-3.2371272757137994,0.00016720552535836624,10.727974871117645,7.490847595403846,0.0007914004684157195,True
NUBPL,-1.542119650456447,0.00016862813317314437,4.859392222235293,3.317272571778846,0.000797144042819914,True
SNX10,-1.5966030270656102,0.00016864008708050596,8.999430853411765,7.402827826346154,0.000797144042819914,True
SLIT2,-1.7515685726966437,0.00016948382317564996,7.26554282672549,5.513974254028846,0.0008004327689162163,True
TMEM47,-1.8364518108192884,0.0001741700347592753,8.614531514852942,6.778079704033654,0.0008204155676065581,True
CPE,-1.661140786560237,0.00019121564012083633,8.110011479882353,6.448870693322116,0.0008906244077533464,True
CREB5,-1.907342239015271,0.00019178824025720424,4.3273538632941175,2.4200116242788465,0.0008929069459790432,True
COLEC12,-1.6911380879598426,0.00019513574266214574,7.054548725411765,5.363410637451922,0.0009067595963998553,True
OPTN,-1.6988934216083127,0.00019622413361265235,8.771412972882352,7.0725195512740395,0.0009110105430707584,True
THSD7B,-1.6063387962681,0.000197700201834461,4.107840776941177,2.5015019806730767,0.0009170763007479767,True
AGPAT9,-2.505154215860295,0.00020809155408961483,7.964427278235295,5.459273062375,0.0009587840328072611,True
FBXO17,-1.702471351001131,0.0002114668225081125,5.655700895058823,3.953229544057692,0.0009717682041127897,True
TNFRSF12A,1.6543386072126705,0.00021697193034209177,5.403191928941176,7.0575305361538465,0.0009915901379280007,True
FBLN2,-2.068418333490384,0.0002267312641339205,9.331795886,7.263377552509616,0.0010300988869251092,True
RNASE4,-2.5452774804909497,0.00023450279018331024,8.680007521529411,6.134730041038462,0.0010621031536690792,True
RETSAT,-2.3949046987087117,0.00024104951055136457,9.631826516352943,7.236921817644231,0.001088067214850568,True
F3,-2.0045139368981895,0.00025544248889158394,8.258291213705881,6.253777276807692,0.0011442025356458423,True
HOGA1,-1.5260648655933262,0.00025772541773485646,3.9008396193529413,2.374774753759615,0.0011520432670854585,True
CPVL,-1.5140389064140276,0.000260846447369593,6.369551171529412,4.855512265115385,0.0011628709847189666,True
CYR61,-1.7281901836770368,0.0002688126374400179,8.895281180205883,7.167090996528846,0.0011922430116881484,True
CCL2,-2.038015598439478,0.0002700466981014258,7.49342571235294,5.455410113913462,0.0011972254740623663,True
RASGRP1,1.682490242401018,0.000304050680442252,3.8416142196470586,5.524104462048077,0.0013280704232834896,True
PITPNA-AS1,-1.6541515040921952,0.0003232239674931902,7.931378440294118,6.277226936201923,0.0013999900974404744,True
FBN1,-1.939171514005845,0.0003277007548262108,8.370081219803922,6.430909705798077,0.0014171108995932582,True
HAS2,-1.5941669167941184,0.000330022099910685,4.752331793794118,3.158164877,0.0014260092134147533,True
RMI2,1.6799284180288465,0.0003338656399572767,3.7680655609999993,5.447993979028846,0.0014399812194986709,True
ZNF423,-1.805135715273189,0.00034121333405190873,8.137423475705882,6.332287760432693,0.0014664581808130801,True
PHYH,-1.8559846106730777,0.0003475224228231771,10.142656234,8.286671623326923,0.0014903166734944375,True
PPAP2B,-2.5319234443454004,0.00036065817471846645,8.617068337960784,6.085144893615384,0.0015393252337806316,True
NPY1R,-2.0362655190808834,0.0003708940285783177,7.247842975705883,5.211577456624999,0.0015786528247672446,True
C4orf19,-1.5015478960540158,0.00037244215799478285,4.523703915058824,3.022156019004808,0.0015849303871394822,True
IL6,-1.7453286664332586,0.0003732368008951898,4.567847457529412,2.8225187910961536,0.001586876951258823,True
CCL8,-2.0351556360735286,0.00038535537961755336,7.815347878823529,5.78019224275,0.0016318582184430938,True
PKD2,-1.5294252991759052,0.00038629761160741285,7.5756202406470585,6.046194941471153,0.0016348882682172099,True
GDF10,-1.5505237113902721,0.0003896434046427843,3.895732535294118,2.345208823903846,0.001647115095632403,True
PEMT,-2.0589481342121037,0.0003961430362782546,9.01711179252941,6.958163658317307,0.001670347805472625,True
NCAPG,1.5734364834386314,0.000406647497356008,4.671970599441177,6.245407082879808,0.0017095627113243286,True
SERINC1,-1.8883368250995485,0.00042357712619547834,10.09781033917647,8.209473514076922,0.0017708388647805168,True
ISG20,1.5437589994626686,0.0004256195208028317,5.778323993441177,7.322082992903845,0.0017783465300442766,True
PJA1,-1.7918448212941165,0.0004504027505491307,8.074373290294117,6.282528469000001,0.0018685452556338336,True
MMP9,2.5799459269949105,0.0004572821163574915,5.005312401764706,7.5852583287596165,0.0018938167280617016,True
GSTM5,-2.1465672182171947,0.00047983008001007516,5.680133359294118,3.533566141076923,0.001975475505426827,True
FAH,-1.6170178138682116,0.0004957729176174431,6.350717433147058,4.7336996192788465,0.0020326031973949936,True
COL1A2,1.660396965737558,0.0005053016434866127,9.765442413980391,11.42583937971795,0.0020654073411737893,True
MYOC,-2.5284697652980768,0.0005104829655160146,4.94456927,2.416099504701923,0.0020815472444084895,True
PRICKLE2,-1.843256669332579,0.0005108077354326109,7.3197416492941185,5.47648497996154,0.002081620899620369,True
C2CD2,-2.033355707201359,0.0005170500386801791,8.158326336470589,6.12497062926923,0.002103888957465803,True
MGP,1.569449975445134,0.00053542616635166,7.675823607352942,9.245273582798076,0.0021688781992393663,True
RCAN2,-1.5571262287041865,0.0005506643472526294,7.023334735117648,5.466208506413461,0.00221979190475324,True
HP,-2.0702985506549774,0.000586661531327064,5.686842934058824,3.616544383403846,0.0023478398502147666,True
FCGR2B,-1.831571202279978,0.0005985071239788342,5.435389434058824,3.6038182317788463,0.0023877377147855576,True
PLOD2,-1.8233608696620456,0.0006403022196513938,8.442374015176469,6.619013145514423,0.0025283698708081595,True
CAPG,1.5228637769010183,0.000704222863014309,6.480547649647058,8.003411426548077,0.0027437172053510848,True
C11orf96,-1.8092209173009035,0.0007429600427777526,10.443513364647057,8.634292447346153,0.0028754813104645218,True
SEL1L2,-2.498373854132918,0.0008053896583688416,4.894987727411764,2.396613873278846,0.0030801847726374208,True
LGALS1,-1.6377497338037372,0.0008066123949975231,12.88952083629412,11.251771102490382,0.003084315865283035,True
SYNM,-1.715758321831446,0.0008073397754029106,10.298399703235292,8.582641381403846,0.003086551694794482,True
MYEOV,-1.699487518871606,0.0008143658339415754,4.949966488823529,3.250478969951923,0.003109566681490643,True
MT1X,-1.7329212092686657,0.0008177358404744965,11.355574358970589,9.622653149701923,0.0031213329055514703,True
TM7SF2,-2.0680799502392535,0.000852280840992722,6.831806549941176,4.763726599701923,0.0032366326127571603,True
COL4A1,-1.9177821698235276,0.0008769478742029371,9.592651392323528,7.674869222500001,0.0033215628953747454,True
MGST1,-1.7294847320251128,0.0009048749376095166,8.48439849810588,6.754913766080768,0.0034124053120414663,True
PTX3,-1.5764967913795256,0.0009473986896426351,4.805867124235294,3.2293703328557686,0.0035547989334752702,True
THBS4,-2.2164714460871044,0.0009504704936906936,7.940067469529413,5.723596023442308,0.00356200054235201,True
TFAP2B,1.5437865645635371,0.0009881170951464143,3.6386257115294116,5.182412276092949,0.00368584712991253,True
ANG,-1.937335794421946,0.0011210090964376739,7.4489991189411775,5.5116633245192315,0.004114169940870072,True
MYH1,-1.8966034489366517,0.0011912693323829948,4.393123835705882,2.4965203867692307,0.004337447325160905,True
MXRA5,1.7826344586187783,0.001251428161959758,8.16700212582353,9.949636584442308,0.004528290397056258,True
LTF,2.737513812522624,0.001294775862863026,6.448004656823529,9.185518469346153,0.004665635541812386,True
CYP4Z2P,1.5505676569802032,0.001363794310164316,3.084287134529412,4.634854791509615,0.00488020011584601,True
C1QA,-1.5748735301165153,0.0013662622295786764,7.669268234058823,6.094394703942307,0.004887910055747918,True
BOK,-2.391856817687783,0.0013863939488181279,9.029103466764706,6.637246649076923,0.004952878646413507,True
SFRP1,-1.671846284335972,0.001535830707200259,6.962849733970588,5.291003449634616,0.005407273775472353,True
STXBP1,-1.579526339261312,0.0015476913985554668,7.996517591588235,6.416991252326923,0.0054437170228820555,True
LAMC1,-1.7085349866532802,0.0016167405042802575,9.789418141970588,8.080883155317307,0.005661368297392312,True
CYP4B1,-1.5283958066778847,0.001740298032548547,5.318007589,3.789611782322115,0.006033869861248048,True
MARCO,-1.709528084651017,0.0017659729084604566,4.95666620535294,3.247138120701923,0.006106252816771932,True
TFF3,2.1328866626035072,0.001962882787140046,6.110167954117648,8.243054616721155,0.006701431134570758,True
BNIP3,-1.5120934310559964,0.002154172824990167,8.415475060411765,6.903381629355769,0.0072764292066607745,True
SASH1,-1.5677620232115386,0.002265341814442922,7.940261515333333,6.372499492121794,0.007605628515746838,True
EPS8,-1.6252562716323533,0.002398445606585988,8.915550498882354,7.29029422725,0.008004067669055662,True
ASS1,-1.6087107440005628,0.0025462293265546116,9.67054201652941,8.061831272528847,0.008434798879192929,True
MAFF,-1.5606021106705317,0.002664609955768986,9.210560522117648,7.649958411447116,0.008779901978839781,True
